bill_id,roll_call_id,date,chamber,description,yea,nay,nv,absent,total
438740,281109,0000-00-00,Assembly,"Assembly Final Passage",39,0,0,3,42
438740,285940,0000-00-00,Senate,"Senate Final Passage",21,0,0,0,21
438741,265268,0000-00-00,Assembly,"Assembly Final Passage",40,0,0,1,41
438741,281166,0000-00-00,Senate,"Senate Final Passage",21,0,0,0,21
438746,281783,0000-00-00,Assembly,"Assembly Final Passage",39,0,0,3,42
438746,286507,0000-00-00,Senate,"Senate Final Passage",20,0,0,1,21
438747,265920,0000-00-00,Assembly,"Assembly Final Passage",40,0,0,1,41
438747,281766,0000-00-00,Senate,"Senate Final Passage",21,0,0,0,21
438748,269955,0000-00-00,Assembly,"Assembly Final Passage",35,6,0,0,41
438748,281794,0000-00-00,Senate,"Senate Final Passage",21,0,0,0,21
438749,268163,0000-00-00,Assembly,"Assembly Final Passage",39,0,0,2,41
438749,281763,0000-00-00,Senate,"Senate Final Passage",21,0,0,0,21
438750,265791,0000-00-00,Assembly,"Assembly Final Passage",40,0,0,1,41
438750,281131,0000-00-00,Senate,"Senate Final Passage",21,0,0,0,21
438751,245441,0000-00-00,Assembly,"Assembly Final Passage",41,0,0,1,42
438751,279568,0000-00-00,Senate,"Senate Final Passage",21,0,0,0,21
438752,265219,0000-00-00,Assembly,"Assembly Final Passage",40,0,0,1,41
438752,278535,0000-00-00,Senate,"Senate Final Passage",21,0,0,0,21
438753,265240,0000-00-00,Assembly,"Assembly Final Passage",40,0,0,1,41
438753,282569,0000-00-00,Senate,"Senate Final Passage",21,0,0,0,21
438755,265227,0000-00-00,Assembly,"Assembly Final Passage",40,0,0,1,41
438755,278463,0000-00-00,Senate,"Senate Final Passage",21,0,0,0,21
438756,270513,0000-00-00,Assembly,"Assembly Final Passage",41,0,0,0,41
438756,280954,0000-00-00,Senate,"Senate Final Passage",21,0,0,0,21
438757,268010,0000-00-00,Assembly,"Assembly Final Passage",39,0,0,2,41
438757,283734,0000-00-00,Senate,"Senate Final Passage",21,0,0,0,21
438758,265282,0000-00-00,Assembly,"Assembly Final Passage",40,0,0,1,41
438758,281190,0000-00-00,Senate,"Senate Final Passage",21,0,0,0,21
438759,279959,0000-00-00,Assembly,"Assembly Final Passage",40,0,0,2,42
438759,284247,0000-00-00,Senate,"Senate Final Passage",21,0,0,0,21
438760,268254,0000-00-00,Assembly,"Assembly Final Passage",39,0,0,2,41
438760,281530,0000-00-00,Senate,"Senate Final Passage",21,0,0,0,21
438761,265254,0000-00-00,Assembly,"Assembly Final Passage",40,0,0,1,41
438761,279390,0000-00-00,Senate,"Senate Final Passage",20,1,0,0,21
438762,247276,0000-00-00,Assembly,"Assembly Final Passage",41,0,0,1,42
438762,281129,0000-00-00,Senate,"Senate Final Passage",21,0,0,0,21
438763,277922,0000-00-00,Assembly,"Assembly Final Passage",41,0,0,1,42
438763,285844,0000-00-00,Senate,"Senate Final Passage",21,0,0,0,21
438764,236381,0000-00-00,Senate,"Senate Final Passage",21,0,0,0,21
438764,236382,0000-00-00,Assembly,"Assembly Final Passage",42,0,0,0,42
438765,267965,0000-00-00,Senate,"Senate Final Passage",18,2,0,1,21
438766,284786,0000-00-00,Senate,"Senate Final Passage",21,0,0,0,21
438766,286326,0000-00-00,Assembly,"Assembly Final Passage",42,0,0,0,42
438767,264866,0000-00-00,Senate,"Senate Final Passage",21,0,0,0,21
438767,281083,0000-00-00,Assembly,"Assembly Final Passage",39,0,0,3,42
438768,265095,0000-00-00,Senate,"Senate Final Passage",21,0,0,0,21
438768,278443,0000-00-00,Senate,"Senate Final Passage",20,1,0,0,21
438770,264923,0000-00-00,Senate,"Senate Final Passage",21,0,0,0,21
438770,280623,0000-00-00,Assembly,"Assembly Final Passage",39,0,0,3,42
438771,250912,0000-00-00,Senate,"Senate Final Passage",21,0,0,0,21
438771,280624,0000-00-00,Assembly,"Assembly Final Passage",39,0,0,3,42
438772,257803,0000-00-00,Senate,"Senate Final Passage",21,0,0,0,21
438772,280634,0000-00-00,Assembly,"Assembly Final Passage",39,0,0,3,42
438774,244857,0000-00-00,Senate,"Senate Final Passage",21,0,0,0,21
438774,279972,0000-00-00,Assembly,"Assembly Final Passage",40,0,0,2,42
438775,265036,0000-00-00,Senate,"Senate Final Passage",21,0,0,0,21
438775,269892,0000-00-00,Senate,"Senate Final Passage",21,0,0,0,21
438775,279984,0000-00-00,Assembly,"Assembly Final Passage",40,0,0,2,42
438776,250002,0000-00-00,Senate,"Senate Final Passage",21,0,0,0,21
438776,279965,0000-00-00,Assembly,"Assembly Final Passage",40,0,0,2,42
438777,258130,0000-00-00,Senate,"Senate Final Passage",21,0,0,0,21
438777,280183,0000-00-00,Assembly,"Assembly Final Passage",40,0,0,2,42
438778,235679,0000-00-00,Senate,"Senate Final Passage",21,0,0,0,21
438778,253766,0000-00-00,Assembly,"Assembly Final Passage",41,0,0,1,42
438780,238901,0000-00-00,Senate,"Senate Final Passage",21,0,0,0,21
438780,279953,0000-00-00,Assembly,"Assembly Final Passage",40,0,0,2,42
438781,264964,0000-00-00,Senate,"Senate Final Passage",21,0,0,0,21
438781,283126,0000-00-00,Assembly,"Assembly Final Passage",39,0,0,3,42
438830,265930,0000-00-00,Senate,"Senate Final Passage",21,0,0,0,21
438830,281708,0000-00-00,Assembly,"Assembly Final Passage",38,1,0,3,42
438834,267973,0000-00-00,Senate,"Senate Final Passage",20,0,0,1,21
438834,280644,0000-00-00,Assembly,"Assembly Final Passage",39,0,0,3,42
438849,265178,0000-00-00,Senate,"Senate Final Passage",20,0,0,1,21
438849,280611,0000-00-00,Assembly,"Assembly Final Passage",39,0,0,3,42
438854,268530,0000-00-00,Senate,"Senate Final Passage",19,0,1,1,21
438854,281650,0000-00-00,Assembly,"Assembly Final Passage",27,12,0,3,42
438858,266951,0000-00-00,Senate,"Senate Final Passage",20,0,0,1,21
438858,281936,0000-00-00,Senate,"Senate Final Passage",21,0,0,0,21
438863,280680,0000-00-00,Senate,"Senate Final Passage",19,0,0,2,21
438863,284307,0000-00-00,Assembly,"Assembly Final Passage",40,0,0,2,42
438871,284298,0000-00-00,Senate,"Senate Final Passage",21,0,0,0,21
438871,286299,0000-00-00,Assembly,"Assembly Final Passage",41,0,0,1,42
438874,265023,0000-00-00,Senate,"Senate Final Passage",20,0,0,1,21
438874,269899,0000-00-00,Senate,"Senate Final Passage",20,0,0,1,21
438874,283687,0000-00-00,Assembly,"Assembly Final Passage",41,0,0,1,42
438879,257983,0000-00-00,Senate,"Senate Final Passage",21,0,0,0,21
438879,282333,0000-00-00,Assembly,"Assembly Final Passage",41,0,0,1,42
438883,244989,0000-00-00,Senate,"Senate Final Passage",21,0,0,0,21
438883,280641,0000-00-00,Assembly,"Assembly Final Passage",39,0,0,3,42
438890,265129,0000-00-00,Senate,"Senate Final Passage",20,0,0,1,21
438890,280630,0000-00-00,Assembly,"Assembly Final Passage",39,0,0,3,42
438899,270826,0000-00-00,Senate,"Senate Final Passage",13,8,0,0,21
438899,283731,0000-00-00,Assembly,"Assembly Final Passage",36,5,0,1,42
438905,250998,0000-00-00,Senate,"Senate Final Passage",21,0,0,0,21
438905,280635,0000-00-00,Assembly,"Assembly Final Passage",39,0,0,3,42
438908,267981,0000-00-00,Senate,"Senate Final Passage",20,0,0,1,21
438908,280639,0000-00-00,Assembly,"Assembly Final Passage",39,0,0,3,42
438911,245127,0000-00-00,Senate,"Senate Final Passage",21,0,0,0,21
438911,280610,0000-00-00,Assembly,"Assembly Final Passage",38,0,0,4,42
438916,268301,0000-00-00,Senate,"Senate Final Passage",20,0,0,1,21
438916,280629,0000-00-00,Assembly,"Assembly Final Passage",38,0,0,4,42
438920,280928,0000-00-00,Senate,"Senate Final Passage",21,0,0,0,21
438920,286038,0000-00-00,Assembly,"Assembly Final Passage",42,0,0,0,42
438926,250000,0000-00-00,Senate,"Senate Final Passage",21,0,0,0,21
438934,268970,0000-00-00,Senate,"Senate Final Passage",21,0,0,0,21
438934,280620,0000-00-00,Assembly,"Assembly Final Passage",39,0,0,3,42
438938,264873,0000-00-00,Senate,"Senate Final Passage",21,0,0,0,21
438938,280643,0000-00-00,Assembly,"Assembly Final Passage",38,1,0,3,42
438943,249976,0000-00-00,Senate,"Senate Final Passage",21,0,0,0,21
438943,281444,0000-00-00,Assembly,"Assembly Final Passage",39,0,0,3,42
438947,270811,0000-00-00,Senate,"Senate Final Passage",21,0,0,0,21
438947,282111,0000-00-00,Assembly,"Assembly Final Passage",41,0,0,1,42
438951,258077,0000-00-00,Senate,"Senate Final Passage",21,0,0,0,21
438951,280637,0000-00-00,Assembly,"Assembly Final Passage",39,0,0,3,42
438955,269104,0000-00-00,Senate,"Senate Final Passage",20,1,0,0,21
438955,281814,0000-00-00,Assembly,"Assembly Final Passage",39,0,0,3,42
438958,265012,0000-00-00,Senate,"Senate Final Passage",21,0,0,0,21
438958,280638,0000-00-00,Assembly,"Assembly Final Passage",39,0,0,3,42
438962,286595,0000-00-00,Senate,"Senate Final Passage",20,0,0,1,21
438971,239463,0000-00-00,Senate,"Senate Final Passage",21,0,0,0,21
438971,280628,0000-00-00,Assembly,"Assembly Final Passage",39,0,0,3,42
438974,269431,0000-00-00,Senate,"Senate Final Passage",21,0,0,0,21
438974,280855,0000-00-00,Assembly,"Assembly Final Passage",39,0,0,3,42
438980,257888,0000-00-00,Senate,"Senate Final Passage",21,0,0,0,21
438980,280645,0000-00-00,Assembly,"Assembly Final Passage",39,0,0,3,42
438984,239290,0000-00-00,Senate,"Senate Final Passage",21,0,0,0,21
438984,280612,0000-00-00,Assembly,"Assembly Final Passage",39,0,0,3,42
438987,251072,0000-00-00,Senate,"Senate Final Passage",21,0,0,0,21
438987,280164,0000-00-00,Assembly,"Assembly Final Passage",39,1,0,2,42
438992,268448,0000-00-00,Senate,"Senate Final Passage",20,0,0,1,21
438992,280619,0000-00-00,Assembly,"Assembly Final Passage",39,0,0,3,42
438992,283494,0000-00-00,Assembly,"Assembly Final Passage",41,0,0,1,42
438995,270545,0000-00-00,Senate,"Senate Final Passage",21,0,0,0,21
438995,280646,0000-00-00,Assembly,"Assembly Final Passage",39,0,0,3,42
438999,244693,0000-00-00,Senate,"Senate Final Passage",21,0,0,0,21
438999,281741,0000-00-00,Assembly,"Assembly Final Passage",39,0,0,3,42
439004,245464,0000-00-00,Senate,"Senate Final Passage",21,0,0,0,21
439004,280190,0000-00-00,Assembly,"Assembly Final Passage",40,0,0,2,42
439008,236140,0000-00-00,Senate,"Senate Final Passage",21,0,0,0,21
439008,279941,0000-00-00,Assembly,"Assembly Final Passage",40,0,0,2,42
439012,265177,0000-00-00,Senate,"Senate Final Passage",21,0,0,0,21
439012,281667,0000-00-00,Assembly,"Assembly Final Passage",39,0,0,3,42
439015,284708,0000-00-00,Senate,"Senate Final Passage",21,0,0,0,21
439015,286427,0000-00-00,Assembly,"Assembly Final Passage",42,0,0,0,42
439021,259394,0000-00-00,Senate,"Senate Final Passage",21,0,0,0,21
439021,281757,0000-00-00,Assembly,"Assembly Final Passage",39,0,0,3,42
439025,266047,0000-00-00,Senate,"Senate Final Passage",21,0,0,0,21
439025,279969,0000-00-00,Assembly,"Assembly Final Passage",40,0,0,2,42
439029,282108,0000-00-00,Assembly,"Assembly Final Passage",41,0,0,1,42
439029,285898,0000-00-00,Senate,"Senate Final Passage",21,0,0,0,21
439034,264995,0000-00-00,Assembly,"Assembly Final Passage",40,0,0,1,41
439034,282648,0000-00-00,Senate,"Senate Final Passage",21,0,0,0,21
439038,266359,0000-00-00,Assembly,"Assembly Final Passage",40,0,0,1,41
439038,280907,0000-00-00,Senate,"Senate Final Passage",21,0,0,0,21
439040,268160,0000-00-00,Assembly,"Assembly Final Passage",39,0,0,2,41
439040,281695,0000-00-00,Senate,"Senate Final Passage",21,0,0,0,21
439053,270218,0000-00-00,Assembly,"Assembly Final Passage",41,0,0,0,41
439053,280866,0000-00-00,Senate,"Senate Final Passage",21,0,0,0,21
439059,265693,0000-00-00,Assembly,"Assembly Final Passage",25,15,0,1,41
439059,273246,0000-00-00,Assembly,"Assembly Final Passage",25,15,0,1,41
439059,278360,0000-00-00,Assembly,"Assembly Final Passage",25,15,0,1,41
439059,281675,0000-00-00,Senate,"Senate Final Passage",19,2,0,0,21
439062,268120,0000-00-00,Assembly,"Assembly Final Passage",39,0,0,2,41
439062,280877,0000-00-00,Senate,"Senate Final Passage",21,0,0,0,21
439065,284431,0000-00-00,Assembly,"Assembly Final Passage",40,0,0,2,42
439065,286074,0000-00-00,Senate,"Senate Final Passage",20,0,0,1,21
439065,286958,0000-00-00,Assembly,"Assembly Final Passage",40,0,0,2,42
439065,286959,0000-00-00,Senate,"Senate Final Passage",20,0,0,1,21
439070,245727,0000-00-00,Assembly,"Assembly Final Passage",41,0,0,1,42
439070,278439,0000-00-00,Senate,"Senate Final Passage",21,0,0,0,21
439078,265220,0000-00-00,Assembly,"Assembly Final Passage",40,0,0,1,41
439078,281150,0000-00-00,Senate,"Senate Final Passage",21,0,0,0,21
439082,269933,0000-00-00,Assembly,"Assembly Final Passage",37,4,0,0,41
439082,283609,0000-00-00,Senate,"Senate Final Passage",20,1,0,0,21
439086,254875,0000-00-00,Assembly,"Assembly Final Passage",41,0,0,1,42
439086,280714,0000-00-00,Senate,"Senate Final Passage",19,0,0,2,21
439098,270507,0000-00-00,Assembly,"Assembly Final Passage",39,2,0,0,41
439098,283781,0000-00-00,Senate,"Senate Final Passage",21,0,0,0,21
439107,270193,0000-00-00,Assembly,"Assembly Final Passage",31,10,0,0,41
439107,283643,0000-00-00,Senate,"Senate Final Passage",15,6,0,0,21
439117,284485,0000-00-00,Assembly,"Assembly Final Passage",32,8,0,2,42
439117,286383,0000-00-00,Senate,"Senate Final Passage",16,4,0,1,21
439122,265158,0000-00-00,Assembly,"Assembly Final Passage",40,0,0,1,41
439122,278516,0000-00-00,Senate,"Senate Final Passage",21,0,0,0,21
439124,268136,0000-00-00,Assembly,"Assembly Final Passage",39,0,0,2,41
439124,282630,0000-00-00,Senate,"Senate Final Passage",21,0,0,0,21
439128,254758,0000-00-00,Assembly,"Assembly Final Passage",41,0,0,1,42
439128,274365,0000-00-00,Senate,"Senate Final Passage",21,0,0,0,21
439138,268126,0000-00-00,Assembly,"Assembly Final Passage",39,0,0,2,41
439138,278534,0000-00-00,Senate,"Senate Final Passage",21,0,0,0,21
439143,265214,0000-00-00,Assembly,"Assembly Final Passage",40,0,0,1,41
439143,275961,0000-00-00,Assembly,"Assembly Final Passage",40,0,0,1,41
439143,281075,0000-00-00,Senate,"Senate Final Passage",21,0,0,0,21
439146,265077,0000-00-00,Assembly,"Assembly Final Passage",40,0,0,1,41
439146,281216,0000-00-00,Senate,"Senate Final Passage",21,0,0,0,21
439150,286269,0000-00-00,Assembly,"Assembly Final Passage",41,0,0,1,42
439150,286537,0000-00-00,Senate,"Senate Final Passage",20,0,0,1,21
439159,270356,0000-00-00,Assembly,"Assembly Final Passage",26,15,0,0,41
439159,289088,0000-00-00,Assembly,"Assembly Final Passage",26,15,0,0,41
439163,270265,0000-00-00,Assembly,"Assembly Final Passage",41,0,0,0,41
439163,283668,0000-00-00,Senate,"Senate Final Passage",17,4,0,0,21
439171,286461,0000-00-00,Assembly,"Assembly Final Passage",41,1,0,0,42
439171,286603,0000-00-00,Senate,"Senate Final Passage",20,0,0,1,21
439179,280920,0000-00-00,Assembly,"Assembly Final Passage",39,0,0,3,42
439179,285980,0000-00-00,Senate,"Senate Final Passage",21,0,0,0,21
439183,265261,0000-00-00,Assembly,"Assembly Final Passage",40,0,0,1,41
439183,281046,0000-00-00,Senate,"Senate Final Passage",21,0,0,0,21
439186,266192,0000-00-00,Assembly,"Assembly Final Passage",40,0,0,1,41
439186,281193,0000-00-00,Senate,"Senate Final Passage",21,0,0,0,21
439190,254949,0000-00-00,Assembly,"Assembly Final Passage",41,0,0,1,42
439190,280717,0000-00-00,Senate,"Senate Final Passage",19,0,0,2,21
439202,269926,0000-00-00,Assembly,"Assembly Final Passage",41,0,0,0,41
439202,281048,0000-00-00,Senate,"Senate Final Passage",21,0,0,0,21
439626,235670,0000-00-00,Assembly,"Assembly Final Passage",39,0,0,3,42
439626,241127,0000-00-00,Senate,"Senate Final Passage",21,0,0,0,21
440871,247277,0000-00-00,Assembly,"Assembly Final Passage",40,1,0,1,42
440871,283032,0000-00-00,Senate,"Senate Final Passage",21,0,0,0,21
446900,239457,0000-00-00,Senate,"Senate Final Passage",21,0,0,0,21
446900,280621,0000-00-00,Assembly,"Assembly Final Passage",39,0,0,3,42
447795,265016,0000-00-00,Assembly,"Assembly Final Passage",40,0,0,1,41
447795,280682,0000-00-00,Senate,"Senate Final Passage",19,0,0,2,21
448264,267886,0000-00-00,Senate,"Senate Final Passage",18,2,0,1,21
448264,282914,0000-00-00,Assembly,"Assembly Final Passage",27,14,0,1,42
458048,247284,0000-00-00,Assembly,"Assembly Final Passage",41,0,0,1,42
458048,280882,0000-00-00,Senate,"Senate Final Passage",21,0,0,0,21
464688,269112,0000-00-00,Senate,"Senate Final Passage",14,7,0,0,21
464688,280625,0000-00-00,Assembly,"Assembly Final Passage",35,4,0,3,42
464900,244609,0000-00-00,Senate,"Senate Final Passage",21,0,0,0,21
464900,280852,0000-00-00,Assembly,"Assembly Final Passage",39,0,0,3,42
465111,270371,0000-00-00,Senate,"Senate Final Passage",21,0,0,0,21
465111,283500,0000-00-00,Assembly,"Assembly Final Passage",33,8,0,1,42
478464,266771,0000-00-00,Assembly,"Assembly Final Passage",40,0,0,1,41
478464,266772,0000-00-00,Assembly,"Assembly Final Passage",40,0,0,1,41
478464,281714,0000-00-00,Senate,"Senate Final Passage",20,1,0,0,21
482981,284249,0000-00-00,Assembly,"Assembly Final Passage",37,2,0,3,42
482981,286481,0000-00-00,Senate,"Senate Final Passage",20,0,0,1,21
483116,265096,0000-00-00,Assembly,"Assembly Final Passage",36,4,0,1,41
483254,280871,0000-00-00,Senate,"Senate Final Passage",21,0,0,0,21
483254,284369,0000-00-00,Assembly,"Assembly Final Passage",40,0,0,2,42
483385,256227,0000-00-00,Senate,"Senate Final Passage",17,4,0,0,21
483385,282789,0000-00-00,Assembly,"Assembly Final Passage",26,15,0,1,42
483401,281777,0000-00-00,Senate,"Senate Final Passage",12,9,0,0,21
483407,281646,0000-00-00,Senate,"Senate Final Passage",21,0,0,0,21
483407,285217,0000-00-00,Assembly,"Assembly Final Passage",28,13,0,1,42
483411,270253,0000-00-00,Senate,"Senate Final Passage",21,0,0,0,21
483411,281637,0000-00-00,Assembly,"Assembly Final Passage",32,7,0,3,42
483417,240891,0000-00-00,Senate,"Senate Final Passage",21,0,0,0,21
483417,280642,0000-00-00,Assembly,"Assembly Final Passage",39,0,0,3,42
483422,244701,0000-00-00,Senate,"Senate Final Passage",21,0,0,0,21
483422,282393,0000-00-00,Assembly,"Assembly Final Passage",41,0,0,1,42
483427,264960,0000-00-00,Senate,"Senate Final Passage",21,0,0,0,21
483427,280647,0000-00-00,Assembly,"Assembly Final Passage",39,0,0,3,42
483432,265121,0000-00-00,Senate,"Senate Final Passage",21,0,0,0,21
483432,280958,0000-00-00,Assembly,"Assembly Final Passage",39,0,0,3,42
483438,253346,0000-00-00,Senate,"Senate Final Passage",21,0,0,0,21
483438,280627,0000-00-00,Assembly,"Assembly Final Passage",39,0,0,3,42
483442,240558,0000-00-00,Senate,"Senate Final Passage",21,0,0,0,21
483442,282969,0000-00-00,Assembly,"Assembly Final Passage",34,5,0,3,42
483946,241362,0000-00-00,Senate,"Senate Final Passage",21,0,0,0,21
483946,280636,0000-00-00,Assembly,"Assembly Final Passage",39,0,0,3,42
484218,269373,0000-00-00,Senate,"Senate Final Passage",21,0,0,0,21
484387,265285,0000-00-00,Assembly,"Assembly Final Passage",40,0,0,1,41
484387,281085,0000-00-00,Senate,"Senate Final Passage",21,0,0,0,21
484439,280107,0000-00-00,Assembly,"Assembly Final Passage",40,0,0,2,42
484439,285948,0000-00-00,Senate,"Senate Final Passage",21,0,0,0,21
484461,265185,0000-00-00,Assembly,"Assembly Final Passage",40,0,0,1,41
484461,280872,0000-00-00,Senate,"Senate Final Passage",21,0,0,0,21
484513,270712,0000-00-00,Assembly,"Assembly Final Passage",40,1,0,0,41
488404,248162,0000-00-00,Assembly,"Assembly Final Passage",41,0,0,1,42
488404,280978,0000-00-00,Senate,"Senate Final Passage",21,0,0,0,21
488562,265713,0000-00-00,Senate,"Senate Final Passage",21,0,0,0,21
488562,283058,0000-00-00,Assembly,"Assembly Final Passage",40,0,0,2,42
488717,277571,0000-00-00,Senate,"Senate Final Passage",21,0,0,0,21
488717,285415,0000-00-00,Assembly,"Assembly Final Passage",41,0,0,1,42
490589,269905,0000-00-00,Senate,"Senate Final Passage",18,3,0,0,21
490589,283263,0000-00-00,Assembly,"Assembly Final Passage",34,6,0,2,42
492809,265007,0000-00-00,Assembly,"Assembly Final Passage",40,0,0,1,41
492809,281823,0000-00-00,Senate,"Senate Final Passage",21,0,0,0,21
492824,265239,0000-00-00,Assembly,"Assembly Final Passage",40,0,0,1,41
492824,278426,0000-00-00,Senate,"Senate Final Passage",21,0,0,0,21
492844,270596,0000-00-00,Assembly,"Assembly Final Passage",40,1,0,0,41
492844,281726,0000-00-00,Senate,"Senate Final Passage",21,0,0,0,21
492861,270536,0000-00-00,Assembly,"Assembly Final Passage",34,7,0,0,41
492861,281793,0000-00-00,Senate,"Senate Final Passage",21,0,0,0,21
492899,247986,0000-00-00,Assembly,"Assembly Final Passage",41,0,0,1,42
492899,273231,0000-00-00,Assembly,"Assembly Final Passage",41,0,0,1,42
492899,280981,0000-00-00,Senate,"Senate Final Passage",21,0,0,0,21
492899,284083,0000-00-00,Assembly,"Assembly Final Passage",41,0,0,1,42
492899,284084,0000-00-00,Senate,"Senate Final Passage",21,0,0,0,21
492937,280174,0000-00-00,Assembly,"Assembly Final Passage",40,0,0,2,42
492937,284454,0000-00-00,Senate,"Senate Final Passage",21,0,0,0,21
493007,259215,0000-00-00,Senate,"Senate Final Passage",21,0,0,0,21
493007,280713,0000-00-00,Assembly,"Assembly Final Passage",38,0,0,4,42
493027,264892,0000-00-00,Senate,"Senate Final Passage",20,1,0,0,21
493027,280676,0000-00-00,Assembly,"Assembly Final Passage",38,0,0,4,42
493047,257834,0000-00-00,Senate,"Senate Final Passage",21,0,0,0,21
493047,283009,0000-00-00,Assembly,"Assembly Final Passage",40,0,0,2,42
493065,258926,0000-00-00,Senate,"Senate Final Passage",21,0,0,0,21
493065,281000,0000-00-00,Assembly,"Assembly Final Passage",39,0,0,3,42
493087,268235,0000-00-00,Senate,"Senate Final Passage",20,0,0,1,21
493087,281041,0000-00-00,Assembly,"Assembly Final Passage",39,0,0,3,42
493102,264906,0000-00-00,Senate,"Senate Final Passage",21,0,0,0,21
493102,280712,0000-00-00,Assembly,"Assembly Final Passage",38,0,0,4,42
493120,269334,0000-00-00,Senate,"Senate Final Passage",21,0,0,0,21
493120,280697,0000-00-00,Assembly,"Assembly Final Passage",38,0,0,4,42
493140,269353,0000-00-00,Senate,"Senate Final Passage",21,0,0,0,21
493140,280672,0000-00-00,Assembly,"Assembly Final Passage",38,0,0,4,42
493157,270443,0000-00-00,Senate,"Senate Final Passage",21,0,0,0,21
493157,280716,0000-00-00,Assembly,"Assembly Final Passage",38,0,0,4,42
493173,267984,0000-00-00,Senate,"Senate Final Passage",20,0,0,1,21
493173,281090,0000-00-00,Assembly,"Assembly Final Passage",39,0,0,3,42
493192,269656,0000-00-00,Senate,"Senate Final Passage",21,0,0,0,21
493192,283686,0000-00-00,Assembly,"Assembly Final Passage",41,0,0,1,42
493192,286312,0000-00-00,Senate,"Senate Final Passage",21,0,0,0,21
493192,286313,0000-00-00,Assembly,"Assembly Final Passage",41,0,0,1,42
493209,264897,0000-00-00,Senate,"Senate Final Passage",21,0,0,0,21
493209,280677,0000-00-00,Assembly,"Assembly Final Passage",38,0,0,4,42
493385,270717,0000-00-00,Assembly,"Assembly Final Passage",39,2,0,0,41
493385,281162,0000-00-00,Senate,"Senate Final Passage",21,0,0,0,21
493699,269856,0000-00-00,Assembly,"Assembly Final Passage",41,0,0,0,41
493699,280869,0000-00-00,Senate,"Senate Final Passage",21,0,0,0,21
494399,266268,0000-00-00,Senate,"Senate Final Passage",20,1,0,0,21
494399,281811,0000-00-00,Assembly,"Assembly Final Passage",39,0,0,3,42
494490,245108,0000-00-00,Senate,"Senate Final Passage",21,0,0,0,21
494490,280704,0000-00-00,Assembly,"Assembly Final Passage",38,0,0,4,42
494580,269518,0000-00-00,Senate,"Senate Final Passage",11,10,0,0,21
494665,245222,0000-00-00,Senate,"Senate Final Passage",21,0,0,0,21
494747,258375,0000-00-00,Senate,"Senate Final Passage",21,0,0,0,21
494747,276319,0000-00-00,Assembly,"Assembly Final Passage",37,0,0,5,42
495700,240710,0000-00-00,Senate,"Senate Final Passage",21,0,0,0,21
495700,265038,0000-00-00,Assembly,"Assembly Final Passage",40,0,0,1,41
495795,257222,0000-00-00,Senate,"Senate Final Passage",21,0,0,0,21
495944,244943,0000-00-00,Senate,"Senate Final Passage",21,0,0,0,21
495944,280675,0000-00-00,Assembly,"Assembly Final Passage",35,3,0,4,42
495996,283213,0000-00-00,Senate,"Senate Final Passage",21,0,0,0,21
496045,269865,0000-00-00,Senate,"Senate Final Passage",21,0,0,0,21
496146,235661,0000-00-00,Assembly,"Assembly Final Passage",39,0,0,3,42
496146,235668,0000-00-00,Senate,"Senate Final Passage",21,0,0,0,21
496291,251284,0000-00-00,Assembly,"Assembly Final Passage",41,0,0,1,42
496291,277728,0000-00-00,Senate,"Senate Final Passage",21,0,0,0,21
496342,265011,0000-00-00,Assembly,"Assembly Final Passage",40,0,0,1,41
496342,280885,0000-00-00,Senate,"Senate Final Passage",20,1,0,0,21
496391,265760,0000-00-00,Assembly,"Assembly Final Passage",36,4,0,1,41
496391,281141,0000-00-00,Senate,"Senate Final Passage",21,0,0,0,21
496440,265109,0000-00-00,Assembly,"Assembly Final Passage",40,0,0,1,41
496440,277757,0000-00-00,Senate,"Senate Final Passage",21,0,0,0,21
496538,284253,0000-00-00,Assembly,"Assembly Final Passage",38,1,0,3,42
496728,265002,0000-00-00,Assembly,"Assembly Final Passage",40,0,0,1,41
496728,281056,0000-00-00,Senate,"Senate Final Passage",21,0,0,0,21
496873,270571,0000-00-00,Assembly,"Assembly Final Passage",41,0,0,0,41
496873,281864,0000-00-00,Senate,"Senate Final Passage",21,0,0,0,21
496917,268295,0000-00-00,Assembly,"Assembly Final Passage",30,9,0,2,41
496917,282378,0000-00-00,Senate,"Senate Final Passage",11,10,0,0,21
496968,268053,0000-00-00,Assembly,"Assembly Final Passage",39,0,0,2,41
496968,281749,0000-00-00,Senate,"Senate Final Passage",21,0,0,0,21
497064,267353,0000-00-00,Assembly,"Assembly Final Passage",40,0,0,1,41
497064,283029,0000-00-00,Senate,"Senate Final Passage",21,0,0,0,21
497110,253820,0000-00-00,Assembly,"Assembly Final Passage",41,0,0,1,42
497110,281100,0000-00-00,Senate,"Senate Final Passage",21,0,0,0,21
497352,256259,0000-00-00,Senate,"Senate Final Passage",21,0,0,0,21
497352,280684,0000-00-00,Assembly,"Assembly Final Passage",38,0,0,4,42
498461,247721,0000-00-00,Assembly,"Assembly Final Passage",41,0,0,1,42
498461,274624,0000-00-00,Senate,"Senate Final Passage",21,0,0,0,21
498572,265319,0000-00-00,Assembly,"Assembly Final Passage",39,1,0,1,41
498572,282598,0000-00-00,Senate,"Senate Final Passage",21,0,0,0,21
498683,270617,0000-00-00,Assembly,"Assembly Final Passage",39,2,0,0,41
498683,281222,0000-00-00,Senate,"Senate Final Passage",21,0,0,0,21
499021,267179,0000-00-00,Assembly,"Assembly Final Passage",40,0,0,1,41
499021,281070,0000-00-00,Senate,"Senate Final Passage",21,0,0,0,21
499448,284464,0000-00-00,Assembly,"Assembly Final Passage",40,0,0,2,42
499448,286245,0000-00-00,Senate,"Senate Final Passage",20,0,0,1,21
499489,268230,0000-00-00,Assembly,"Assembly Final Passage",25,14,0,2,41
499489,282944,0000-00-00,Senate,"Senate Final Passage",11,10,0,0,21
499525,247852,0000-00-00,Assembly,"Assembly Final Passage",41,0,0,1,42
499525,274615,0000-00-00,Senate,"Senate Final Passage",21,0,0,0,21
507050,266020,0000-00-00,Senate,"Senate Final Passage",11,10,0,0,21
507050,286300,0000-00-00,Assembly,"Assembly Final Passage",23,18,0,1,42
507056,284510,0000-00-00,Senate,"Senate Final Passage",13,8,0,0,21
507056,286422,0000-00-00,Assembly,"Assembly Final Passage",27,14,0,1,42
507062,281790,0000-00-00,Senate,"Senate Final Passage",21,0,0,0,21
507062,286070,0000-00-00,Assembly,"Assembly Final Passage",42,0,0,0,42
507067,257183,0000-00-00,Senate,"Senate Final Passage",21,0,0,0,21
507067,280701,0000-00-00,Assembly,"Assembly Final Passage",38,0,0,4,42
507074,264902,0000-00-00,Senate,"Senate Final Passage",21,0,0,0,21
507074,296378,0000-00-00,Senate,"Senate Final Passage",21,0,0,0,21
507089,259423,0000-00-00,Senate,"Senate Final Passage",21,0,0,0,21
507089,280692,0000-00-00,Assembly,"Assembly Final Passage",38,0,0,4,42
507098,265865,0000-00-00,Senate,"Senate Final Passage",21,0,0,0,21
507098,280686,0000-00-00,Assembly,"Assembly Final Passage",38,0,0,4,42
507103,265697,0000-00-00,Senate,"Senate Final Passage",21,0,0,0,21
507103,280673,0000-00-00,Assembly,"Assembly Final Passage",38,0,0,4,42
507114,265948,0000-00-00,Senate,"Senate Final Passage",21,0,0,0,21
507114,281587,0000-00-00,Assembly,"Assembly Final Passage",39,0,0,3,42
507122,257920,0000-00-00,Senate,"Senate Final Passage",21,0,0,0,21
507122,280705,0000-00-00,Assembly,"Assembly Final Passage",38,0,0,4,42
507129,250899,0000-00-00,Senate,"Senate Final Passage",21,0,0,0,21
507129,280719,0000-00-00,Assembly,"Assembly Final Passage",38,0,0,4,42
507134,269651,0000-00-00,Senate,"Senate Final Passage",21,0,0,0,21
507134,281561,0000-00-00,Assembly,"Assembly Final Passage",39,0,0,3,42
507155,270711,0000-00-00,Senate,"Senate Final Passage",21,0,0,0,21
507155,280690,0000-00-00,Assembly,"Assembly Final Passage",38,0,0,4,42
507155,282739,0000-00-00,Senate,"Senate Final Passage",21,0,0,0,21
507155,282740,0000-00-00,Assembly,"Assembly Final Passage",38,0,0,4,42
507181,270534,0000-00-00,Senate,"Senate Final Passage",15,6,0,0,21
507186,267843,0000-00-00,Senate,"Senate Final Passage",20,0,0,1,21
507186,281073,0000-00-00,Assembly,"Assembly Final Passage",37,2,0,3,42
507193,281838,0000-00-00,Senate,"Senate Final Passage",21,0,0,0,21
507193,285386,0000-00-00,Assembly,"Assembly Final Passage",41,0,0,1,42
507199,269827,0000-00-00,Senate,"Senate Final Passage",21,0,0,0,21
507199,282118,0000-00-00,Assembly,"Assembly Final Passage",30,11,0,1,42
507205,269030,0000-00-00,Senate,"Senate Final Passage",21,0,0,0,21
507205,280681,0000-00-00,Assembly,"Assembly Final Passage",38,0,0,4,42
507205,293897,0000-00-00,Senate,"Senate Final Passage",21,0,0,0,21
507205,293898,0000-00-00,Assembly,"Assembly Final Passage",38,0,0,4,42
507210,251683,0000-00-00,Senate,"Senate Final Passage",20,1,0,0,21
507210,278886,0000-00-00,Assembly,"Assembly Final Passage",30,11,0,1,42
507229,245172,0000-00-00,Senate,"Senate Final Passage",21,0,0,0,21
507229,280722,0000-00-00,Assembly,"Assembly Final Passage",38,0,0,4,42
507234,270498,0000-00-00,Senate,"Senate Final Passage",17,4,0,0,21
507234,281718,0000-00-00,Assembly,"Assembly Final Passage",25,14,0,3,42
507239,268394,0000-00-00,Senate,"Senate Final Passage",20,0,0,1,21
507239,280998,0000-00-00,Assembly,"Assembly Final Passage",39,0,0,3,42
507249,270555,0000-00-00,Senate,"Senate Final Passage",21,0,0,0,21
507249,280933,0000-00-00,Assembly,"Assembly Final Passage",39,0,0,3,42
507260,268351,0000-00-00,Senate,"Senate Final Passage",20,0,0,1,21
507260,283644,0000-00-00,Assembly,"Assembly Final Passage",41,0,0,1,42
507264,264869,0000-00-00,Senate,"Senate Final Passage",21,0,0,0,21
507264,280703,0000-00-00,Assembly,"Assembly Final Passage",38,0,0,4,42
507285,269910,0000-00-00,Senate,"Senate Final Passage",21,0,0,0,21
507285,280693,0000-00-00,Assembly,"Assembly Final Passage",38,0,0,4,42
507299,264992,0000-00-00,Senate,"Senate Final Passage",21,0,0,0,21
507299,280700,0000-00-00,Assembly,"Assembly Final Passage",38,0,0,4,42
507307,281976,0000-00-00,Senate,"Senate Final Passage",21,0,0,0,21
507307,286437,0000-00-00,Assembly,"Assembly Final Passage",31,10,0,1,42
507313,268375,0000-00-00,Senate,"Senate Final Passage",20,0,0,1,21
507313,280710,0000-00-00,Assembly,"Assembly Final Passage",38,0,0,4,42
507321,268272,0000-00-00,Assembly,"Assembly Final Passage",39,0,0,2,41
507321,283639,0000-00-00,Senate,"Senate Final Passage",21,0,0,0,21
507324,280206,0000-00-00,Assembly,"Assembly Final Passage",40,0,0,2,42
507324,284422,0000-00-00,Senate,"Senate Final Passage",21,0,0,0,21
507332,284472,0000-00-00,Assembly,"Assembly Final Passage",40,0,0,2,42
507332,286250,0000-00-00,Senate,"Senate Final Passage",20,0,0,1,21
507336,266346,0000-00-00,Assembly,"Assembly Final Passage",40,0,0,1,41
507336,281089,0000-00-00,Senate,"Senate Final Passage",21,0,0,0,21
507346,295051,0000-00-00,Assembly,"Assembly Final Passage",40,0,0,1,41
507346,295052,0000-00-00,Senate,"Senate Final Passage",21,0,0,0,21
507371,280896,0000-00-00,Assembly,"Assembly Final Passage",32,7,0,3,42
507371,286069,0000-00-00,Senate,"Senate Final Passage",20,0,0,1,21
507377,285210,0000-00-00,Assembly,"Assembly Final Passage",41,0,0,1,42
507377,286309,0000-00-00,Senate,"Senate Final Passage",20,0,0,1,21
507396,266285,0000-00-00,Assembly,"Assembly Final Passage",38,2,0,1,41
507410,265160,0000-00-00,Assembly,"Assembly Final Passage",40,0,0,1,41
507410,281125,0000-00-00,Senate,"Senate Final Passage",21,0,0,0,21
507418,267121,0000-00-00,Assembly,"Assembly Final Passage",36,4,0,1,41
507418,281874,0000-00-00,Senate,"Senate Final Passage",21,0,0,0,21
507423,279934,0000-00-00,Assembly,"Assembly Final Passage",40,0,0,2,42
507423,286272,0000-00-00,Senate,"Senate Final Passage",20,0,0,1,21
507427,268524,0000-00-00,Assembly,"Assembly Final Passage",39,0,0,2,41
507427,281797,0000-00-00,Senate,"Senate Final Passage",20,1,0,0,21
507431,265297,0000-00-00,Assembly,"Assembly Final Passage",40,0,0,1,41
507431,281182,0000-00-00,Senate,"Senate Final Passage",21,0,0,0,21
508008,286329,0000-00-00,Senate,"Senate Final Passage",20,0,0,1,21
508093,269386,0000-00-00,Senate,"Senate Final Passage",21,0,0,0,21
508093,280922,0000-00-00,Assembly,"Assembly Final Passage",39,0,0,3,42
508135,265059,0000-00-00,Senate,"Senate Final Passage",21,0,0,0,21
508135,281616,0000-00-00,Assembly,"Assembly Final Passage",26,13,0,3,42
508221,265144,0000-00-00,Senate,"Senate Final Passage",21,0,0,0,21
508221,281008,0000-00-00,Assembly,"Assembly Final Passage",39,0,0,3,42
509340,270608,0000-00-00,Assembly,"Assembly Final Passage",25,16,0,0,41
509340,286485,0000-00-00,Senate,"Senate Final Passage",11,9,0,1,21
509384,280848,0000-00-00,Assembly,"Assembly Final Passage",35,4,0,3,42
509384,286062,0000-00-00,Senate,"Senate Final Passage",20,0,0,1,21
509464,280204,0000-00-00,Assembly,"Assembly Final Passage",40,0,0,2,42
509464,286088,0000-00-00,Senate,"Senate Final Passage",20,0,0,1,21
509503,265101,0000-00-00,Assembly,"Assembly Final Passage",40,0,0,1,41
509503,280911,0000-00-00,Senate,"Senate Final Passage",21,0,0,0,21
509548,265210,0000-00-00,Assembly,"Assembly Final Passage",40,0,0,1,41
509548,280929,0000-00-00,Senate,"Senate Final Passage",21,0,0,0,21
509582,265057,0000-00-00,Assembly,"Assembly Final Passage",40,0,0,1,41
509582,281762,0000-00-00,Senate,"Senate Final Passage",21,0,0,0,21
509621,264993,0000-00-00,Assembly,"Assembly Final Passage",40,0,0,1,41
509621,283695,0000-00-00,Senate,"Senate Final Passage",21,0,0,0,21
509658,265184,0000-00-00,Assembly,"Assembly Final Passage",40,0,0,1,41
509658,280691,0000-00-00,Senate,"Senate Final Passage",19,0,0,2,21
509700,265284,0000-00-00,Assembly,"Assembly Final Passage",40,0,0,1,41
509700,280678,0000-00-00,Senate,"Senate Final Passage",18,1,0,2,21
509700,280679,0000-00-00,Senate,"Senate Final Passage",19,0,0,2,21
509737,286360,0000-00-00,Senate,"Senate Final Passage",20,0,0,1,21
509773,241216,0000-00-00,Senate,"Senate Final Passage",21,0,0,0,21
509773,280702,0000-00-00,Assembly,"Assembly Final Passage",38,0,0,4,42
509812,266896,0000-00-00,Senate,"Senate Final Passage",20,0,0,1,21
509812,281198,0000-00-00,Assembly,"Assembly Final Passage",38,0,0,4,42
509846,268099,0000-00-00,Senate,"Senate Final Passage",20,0,0,1,21
509846,283530,0000-00-00,Assembly,"Assembly Final Passage",40,1,0,1,42
511261,270714,0000-00-00,Senate,"Senate Final Passage",21,0,0,0,21
511261,281237,0000-00-00,Assembly,"Assembly Final Passage",38,0,0,4,42
511321,265714,0000-00-00,Senate,"Senate Final Passage",11,10,0,0,21
511321,280881,0000-00-00,Assembly,"Assembly Final Passage",24,14,0,4,42
511379,270595,0000-00-00,Senate,"Senate Final Passage",21,0,0,0,21
511379,283670,0000-00-00,Assembly,"Assembly Final Passage",41,0,0,1,42
511440,244862,0000-00-00,Senate,"Senate Final Passage",21,0,0,0,21
511440,281069,0000-00-00,Assembly,"Assembly Final Passage",38,0,0,4,42
511561,286621,0000-00-00,Assembly,"Assembly Final Passage",41,0,0,1,42
511805,265275,0000-00-00,Assembly,"Assembly Final Passage",40,0,0,1,41
511805,280938,0000-00-00,Senate,"Senate Final Passage",21,0,0,0,21
514625,268037,0000-00-00,Assembly,"Assembly Final Passage",39,0,0,2,41
514625,281857,0000-00-00,Senate,"Senate Final Passage",21,0,0,0,21
514682,286229,0000-00-00,Assembly,"Assembly Final Passage",42,0,0,0,42
514682,286476,0000-00-00,Senate,"Senate Final Passage",19,0,0,2,21
514709,269602,0000-00-00,Assembly,"Assembly Final Passage",37,4,0,0,41
514709,280944,0000-00-00,Senate,"Senate Final Passage",21,0,0,0,21
514767,265083,0000-00-00,Assembly,"Assembly Final Passage",36,4,0,1,41
514767,283645,0000-00-00,Senate,"Senate Final Passage",14,7,0,0,21
514828,269811,0000-00-00,Assembly,"Assembly Final Passage",30,11,0,0,41
514828,281861,0000-00-00,Senate,"Senate Final Passage",21,0,0,0,21
514854,270636,0000-00-00,Senate,"Senate Final Passage",13,8,0,0,21
514909,269557,0000-00-00,Senate,"Senate Final Passage",20,1,0,0,21
514909,281829,0000-00-00,Assembly,"Assembly Final Passage",36,3,0,3,42
514966,249768,0000-00-00,Senate,"Senate Final Passage",21,0,0,0,21
514966,253198,0000-00-00,Assembly,"Assembly Final Passage",40,0,0,2,42
515022,250118,0000-00-00,Senate,"Senate Final Passage",21,0,0,0,21
515022,280721,0000-00-00,Assembly,"Assembly Final Passage",38,0,0,4,42
515074,257703,0000-00-00,Senate,"Senate Final Passage",15,6,0,0,21
515967,269879,0000-00-00,Senate,"Senate Final Passage",14,7,0,0,21
516098,265179,0000-00-00,Assembly,"Assembly Final Passage",40,0,0,1,41
516098,273716,0000-00-00,Senate,"Senate Final Passage",21,0,0,0,21
516235,265256,0000-00-00,Assembly,"Assembly Final Passage",40,0,0,1,41
516235,281004,0000-00-00,Senate,"Senate Final Passage",21,0,0,0,21
516257,265279,0000-00-00,Assembly,"Assembly Final Passage",40,0,0,1,41
516257,281223,0000-00-00,Senate,"Senate Final Passage",21,0,0,0,21
518348,267140,0000-00-00,Assembly,"Assembly Final Passage",40,0,0,1,41
518348,279385,0000-00-00,Senate,"Senate Final Passage",21,0,0,0,21
518550,268303,0000-00-00,Assembly,"Assembly Final Passage",39,0,0,2,41
518550,283633,0000-00-00,Senate,"Senate Final Passage",21,0,0,0,21
520143,286741,0000-00-00,Senate,"Senate Final Passage",20,0,0,1,21
520227,257633,0000-00-00,Senate,"Senate Final Passage",21,0,0,0,21
520227,281819,0000-00-00,Assembly,"Assembly Final Passage",39,0,0,3,42
520312,268069,0000-00-00,Senate,"Senate Final Passage",20,0,0,1,21
520312,281688,0000-00-00,Assembly,"Assembly Final Passage",39,0,0,3,42
521344,253919,0000-00-00,Assembly,"Assembly Final Passage",41,0,0,1,42
521344,281848,0000-00-00,Senate,"Senate Final Passage",21,0,0,0,21
521364,269947,0000-00-00,Assembly,"Assembly Final Passage",40,1,0,0,41
521364,281155,0000-00-00,Senate,"Senate Final Passage",21,0,0,0,21
521384,265148,0000-00-00,Assembly,"Assembly Final Passage",40,0,0,1,41
521384,281321,0000-00-00,Senate,"Senate Final Passage",21,0,0,0,21
521423,266875,0000-00-00,Assembly,"Assembly Final Passage",40,0,0,1,41
521423,280986,0000-00-00,Senate,"Senate Final Passage",21,0,0,0,21
521446,284257,0000-00-00,Assembly,"Assembly Final Passage",28,11,0,3,42
521446,291350,0000-00-00,Senate,"Senate Final Passage",21,0,0,0,21
521446,291351,0000-00-00,Assembly,"Assembly Final Passage",29,11,0,2,42
521467,270502,0000-00-00,Assembly,"Assembly Final Passage",25,16,0,0,41
521508,270621,0000-00-00,Assembly,"Assembly Final Passage",39,2,0,0,41
521508,283610,0000-00-00,Senate,"Senate Final Passage",16,5,0,0,21
521570,254905,0000-00-00,Assembly,"Assembly Final Passage",40,1,0,1,42
521570,274649,0000-00-00,Senate,"Senate Final Passage",21,0,0,0,21
521589,265130,0000-00-00,Senate,"Senate Final Passage",21,0,0,0,21
521589,272501,0000-00-00,Senate,"Senate Final Passage",21,0,0,0,21
521610,254015,0000-00-00,Senate,"Senate Final Passage",21,0,0,0,21
521630,286248,0000-00-00,Senate,"Senate Final Passage",20,0,0,1,21
521665,264858,0000-00-00,Senate,"Senate Final Passage",21,0,0,0,21
521665,280888,0000-00-00,Assembly,"Assembly Final Passage",38,0,0,4,42
522325,265529,0000-00-00,Assembly,"Assembly Final Passage",40,0,0,1,41
522325,281013,0000-00-00,Senate,"Senate Final Passage",21,0,0,0,21
522357,279998,0000-00-00,Assembly,"Assembly Final Passage",40,0,0,2,42
522458,265832,0000-00-00,Assembly,"Assembly Final Passage",39,1,0,1,41
522458,281791,0000-00-00,Senate,"Senate Final Passage",21,0,0,0,21
522491,270615,0000-00-00,Assembly,"Assembly Final Passage",41,0,0,0,41
522491,281130,0000-00-00,Senate,"Senate Final Passage",21,0,0,0,21
522522,269716,0000-00-00,Assembly,"Assembly Final Passage",40,1,0,0,41
522522,281755,0000-00-00,Senate,"Senate Final Passage",21,0,0,0,21
522589,270320,0000-00-00,Assembly,"Assembly Final Passage",41,0,0,0,41
522589,283733,0000-00-00,Senate,"Senate Final Passage",21,0,0,0,21
522658,269694,0000-00-00,Senate,"Senate Final Passage",21,0,0,0,21
522658,283039,0000-00-00,Assembly,"Assembly Final Passage",29,11,0,2,42
522693,269924,0000-00-00,Senate,"Senate Final Passage",21,0,0,0,21
522693,282418,0000-00-00,Assembly,"Assembly Final Passage",41,0,0,1,42
522725,270602,0000-00-00,Senate,"Senate Final Passage",20,1,0,0,21
522725,283793,0000-00-00,Assembly,"Assembly Final Passage",40,1,0,1,42
522758,269900,0000-00-00,Senate,"Senate Final Passage",21,0,0,0,21
522819,270197,0000-00-00,Senate,"Senate Final Passage",21,0,0,0,21
522819,281612,0000-00-00,Assembly,"Assembly Final Passage",27,12,0,3,42
523898,270249,0000-00-00,Assembly,"Assembly Final Passage",41,0,0,0,41
523898,270954,0000-00-00,Assembly,"Assembly Final Passage",41,0,0,0,41
523898,281121,0000-00-00,Senate,"Senate Final Passage",21,0,0,0,21
523967,265001,0000-00-00,Assembly,"Assembly Final Passage",40,0,0,1,41
523967,279602,0000-00-00,Senate,"Senate Final Passage",21,0,0,0,21
524039,270236,0000-00-00,Assembly,"Assembly Final Passage",41,0,0,0,41
524039,282319,0000-00-00,Senate,"Senate Final Passage",21,0,0,0,21
526435,269659,0000-00-00,Assembly,"Assembly Final Passage",40,0,0,1,41
526435,283482,0000-00-00,Senate,"Senate Final Passage",17,4,0,0,21
526435,284164,0000-00-00,Assembly,"Assembly Final Passage",40,0,0,1,41
526435,284165,0000-00-00,Senate,"Senate Final Passage",17,4,0,0,21
526461,270284,0000-00-00,Assembly,"Assembly Final Passage",41,0,0,0,41
526461,281252,0000-00-00,Senate,"Senate Final Passage",21,0,0,0,21
526514,265075,0000-00-00,Assembly,"Assembly Final Passage",40,0,0,1,41
526514,283016,0000-00-00,Senate,"Senate Final Passage",21,0,0,0,21
526538,284287,0000-00-00,Assembly,"Assembly Final Passage",39,0,0,3,42
526538,286077,0000-00-00,Senate,"Senate Final Passage",20,0,0,1,21
526642,265063,0000-00-00,Assembly,"Assembly Final Passage",40,0,0,1,41
526642,281058,0000-00-00,Senate,"Senate Final Passage",21,0,0,0,21
526670,269726,0000-00-00,Assembly,"Assembly Final Passage",27,13,0,1,41
526670,282976,0000-00-00,Senate,"Senate Final Passage",11,10,0,0,21
526691,265323,0000-00-00,Senate,"Senate Final Passage",21,0,0,0,21
526691,280708,0000-00-00,Assembly,"Assembly Final Passage",38,0,0,4,42
526716,265094,0000-00-00,Senate,"Senate Final Passage",21,0,0,0,21
526716,280718,0000-00-00,Assembly,"Assembly Final Passage",38,0,0,4,42
526741,269801,0000-00-00,Senate,"Senate Final Passage",17,4,0,0,21
526741,281178,0000-00-00,Assembly,"Assembly Final Passage",27,11,0,4,42
526817,270830,0000-00-00,Senate,"Senate Final Passage",21,0,0,0,21
526817,283640,0000-00-00,Assembly,"Assembly Final Passage",28,13,0,1,42
526845,282004,0000-00-00,Senate,"Senate Final Passage",11,10,0,0,21
526845,286364,0000-00-00,Assembly,"Assembly Final Passage",23,19,0,0,42
526921,269891,0000-00-00,Senate,"Senate Final Passage",21,0,0,0,21
526921,283701,0000-00-00,Assembly,"Assembly Final Passage",40,0,0,2,42
526941,256558,0000-00-00,Senate,"Senate Final Passage",21,0,0,0,21
526941,283178,0000-00-00,Assembly,"Assembly Final Passage",40,1,0,1,42
528453,285490,0000-00-00,Assembly,"Assembly Final Passage",41,0,0,1,42
528453,286305,0000-00-00,Senate,"Senate Final Passage",20,0,0,1,21
528550,270641,0000-00-00,Assembly,"Assembly Final Passage",41,0,0,0,41
528550,283818,0000-00-00,Senate,"Senate Final Passage",21,0,0,0,21
528746,265541,0000-00-00,Assembly,"Assembly Final Passage",40,0,0,1,41
528746,281119,0000-00-00,Senate,"Senate Final Passage",21,0,0,0,21
529835,268243,0000-00-00,Assembly,"Assembly Final Passage",38,1,0,2,41
529835,283176,0000-00-00,Senate,"Senate Final Passage",21,0,0,0,21
529860,280017,0000-00-00,Assembly,"Assembly Final Passage",40,0,0,2,42
529860,286075,0000-00-00,Senate,"Senate Final Passage",20,0,0,1,21
529888,270729,0000-00-00,Assembly,"Assembly Final Passage",23,18,0,0,41
529888,283464,0000-00-00,Senate,"Senate Final Passage",21,0,0,0,21
529915,279970,0000-00-00,Assembly,"Assembly Final Passage",40,0,0,2,42
529915,285936,0000-00-00,Senate,"Senate Final Passage",21,0,0,0,21
529971,270463,0000-00-00,Assembly,"Assembly Final Passage",26,15,0,0,41
529998,267325,0000-00-00,Assembly,"Assembly Final Passage",40,0,0,1,41
529998,281082,0000-00-00,Senate,"Senate Final Passage",21,0,0,0,21
530053,266078,0000-00-00,Assembly,"Assembly Final Passage",40,0,0,1,41
530053,281809,0000-00-00,Senate,"Senate Final Passage",21,0,0,0,21
530109,265132,0000-00-00,Senate,"Senate Final Passage",21,0,0,0,21
530109,280711,0000-00-00,Assembly,"Assembly Final Passage",38,0,0,4,42
530139,269519,0000-00-00,Senate,"Senate Final Passage",11,10,0,0,21
530139,282522,0000-00-00,Assembly,"Assembly Final Passage",36,5,0,1,42
530165,269863,0000-00-00,Senate,"Senate Final Passage",11,10,0,0,21
530165,283499,0000-00-00,Assembly,"Assembly Final Passage",40,1,0,1,42
530192,270285,0000-00-00,Senate,"Senate Final Passage",21,0,0,0,21
530192,283626,0000-00-00,Assembly,"Assembly Final Passage",41,0,0,1,42
530277,256229,0000-00-00,Senate,"Senate Final Passage",21,0,0,0,21
530277,281107,0000-00-00,Assembly,"Assembly Final Passage",38,0,0,4,42
530332,268381,0000-00-00,Senate,"Senate Final Passage",20,0,0,1,21
530332,281837,0000-00-00,Assembly,"Assembly Final Passage",39,0,0,3,42
530332,283201,0000-00-00,Assembly,"Assembly Final Passage",40,0,0,2,42
530355,268504,0000-00-00,Senate,"Senate Final Passage",20,0,0,1,21
530355,283013,0000-00-00,Assembly,"Assembly Final Passage",40,0,0,2,42
531372,269871,0000-00-00,Senate,"Senate Final Passage",21,0,0,0,21
531372,281087,0000-00-00,Assembly,"Assembly Final Passage",29,9,0,4,42
531455,281806,0000-00-00,Senate,"Senate Final Passage",21,0,0,0,21
531498,264967,0000-00-00,Senate,"Senate Final Passage",21,0,0,0,21
531498,283690,0000-00-00,Assembly,"Assembly Final Passage",34,7,0,1,42
531521,265218,0000-00-00,Assembly,"Assembly Final Passage",40,0,0,1,41
531521,282617,0000-00-00,Senate,"Senate Final Passage",11,10,0,0,21
531544,286273,0000-00-00,Assembly,"Assembly Final Passage",40,0,0,2,42
531544,286558,0000-00-00,Senate,"Senate Final Passage",18,0,0,3,21
531608,268132,0000-00-00,Assembly,"Assembly Final Passage",35,4,0,2,41
531608,283631,0000-00-00,Senate,"Senate Final Passage",5,16,0,0,21
531608,291954,0000-00-00,Assembly,"Assembly Final Passage",35,4,0,2,41
531608,291955,0000-00-00,Senate,"Senate Final Passage",5,16,0,0,21
532512,284256,0000-00-00,Assembly,"Assembly Final Passage",39,0,0,3,42
532521,268157,0000-00-00,Assembly,"Assembly Final Passage",32,7,0,2,41
532521,281091,0000-00-00,Senate,"Senate Final Passage",10,11,0,0,21
532537,269979,0000-00-00,Assembly,"Assembly Final Passage",40,0,0,1,41
532537,281092,0000-00-00,Senate,"Senate Final Passage",21,0,0,0,21
532562,268477,0000-00-00,Assembly,"Assembly Final Passage",39,0,0,2,41
532562,280444,0000-00-00,Assembly,"Assembly Final Passage",39,0,0,2,41
532562,283871,0000-00-00,Senate,"Senate Final Passage",21,0,0,0,21
532586,270429,0000-00-00,Assembly,"Assembly Final Passage",41,0,0,0,41
532604,265138,0000-00-00,Assembly,"Assembly Final Passage",40,0,0,1,41
532604,281251,0000-00-00,Senate,"Senate Final Passage",21,0,0,0,21
532625,270390,0000-00-00,Assembly,"Assembly Final Passage",41,0,0,0,41
532638,265223,0000-00-00,Assembly,"Assembly Final Passage",40,0,0,1,41
532638,278561,0000-00-00,Senate,"Senate Final Passage",21,0,0,0,21
532678,265834,0000-00-00,Assembly,"Assembly Final Passage",40,0,0,1,41
532678,281064,0000-00-00,Senate,"Senate Final Passage",21,0,0,0,21
532690,284070,0000-00-00,Assembly,"Assembly Final Passage",39,1,0,2,42
532731,268574,0000-00-00,Assembly,"Assembly Final Passage",39,0,0,2,41
532731,281308,0000-00-00,Senate,"Senate Final Passage",21,0,0,0,21
532743,285417,0000-00-00,Assembly,"Assembly Final Passage",41,0,0,1,42
532743,286567,0000-00-00,Senate,"Senate Final Passage",20,0,0,1,21
532757,266111,0000-00-00,Senate,"Senate Final Passage",21,0,0,0,21
532757,283226,0000-00-00,Assembly,"Assembly Final Passage",40,0,0,2,42
532767,270670,0000-00-00,Senate,"Senate Final Passage",19,2,0,0,21
532780,269877,0000-00-00,Senate,"Senate Final Passage",21,0,0,0,21
532780,283119,0000-00-00,Assembly,"Assembly Final Passage",40,0,0,2,42
532822,270531,0000-00-00,Senate,"Senate Final Passage",21,0,0,0,21
534717,269779,0000-00-00,Senate,"Senate Final Passage",21,0,0,0,21
534717,274978,0000-00-00,Senate,"Senate Final Passage",21,0,0,0,21
534717,282241,0000-00-00,Assembly,"Assembly Final Passage",41,0,0,1,42
534720,256493,0000-00-00,Senate,"Senate Final Passage",21,0,0,0,21
534720,282379,0000-00-00,Assembly,"Assembly Final Passage",41,0,0,1,42
534724,264915,0000-00-00,Senate,"Senate Final Passage",21,0,0,0,21
534724,282420,0000-00-00,Assembly,"Assembly Final Passage",41,0,0,1,42
534727,269907,0000-00-00,Senate,"Senate Final Passage",21,0,0,0,21
534734,264894,0000-00-00,Senate,"Senate Final Passage",21,0,0,0,21
534734,280689,0000-00-00,Assembly,"Assembly Final Passage",38,0,0,4,42
534736,270583,0000-00-00,Senate,"Senate Final Passage",11,10,0,0,21
534736,283560,0000-00-00,Assembly,"Assembly Final Passage",35,6,0,1,42
534738,264940,0000-00-00,Senate,"Senate Final Passage",21,0,0,0,21
534743,269959,0000-00-00,Senate,"Senate Final Passage",21,0,0,0,21
534743,282956,0000-00-00,Assembly,"Assembly Final Passage",39,1,0,2,42
534750,267007,0000-00-00,Senate,"Senate Final Passage",20,0,0,1,21
534757,265186,0000-00-00,Senate,"Senate Final Passage",21,0,0,0,21
534757,280674,0000-00-00,Assembly,"Assembly Final Passage",38,0,0,4,42
534758,267949,0000-00-00,Senate,"Senate Final Passage",20,0,0,1,21
534758,282405,0000-00-00,Assembly,"Assembly Final Passage",41,0,0,1,42
534765,267945,0000-00-00,Senate,"Senate Final Passage",20,0,0,1,21
534765,280699,0000-00-00,Assembly,"Assembly Final Passage",37,1,0,4,42
534772,269085,0000-00-00,Senate,"Senate Final Passage",21,0,0,0,21
534772,283524,0000-00-00,Assembly,"Assembly Final Passage",26,15,0,1,42
534777,267883,0000-00-00,Senate,"Senate Final Passage",20,0,0,1,21
534777,280696,0000-00-00,Assembly,"Assembly Final Passage",38,0,0,4,42
534778,269535,0000-00-00,Senate,"Senate Final Passage",17,4,0,0,21
534778,283456,0000-00-00,Assembly,"Assembly Final Passage",25,16,0,1,42
534785,270575,0000-00-00,Senate,"Senate Final Passage",21,0,0,0,21
534785,281753,0000-00-00,Assembly,"Assembly Final Passage",39,0,0,3,42
534789,264860,0000-00-00,Senate,"Senate Final Passage",21,0,0,0,21
534789,280720,0000-00-00,Assembly,"Assembly Final Passage",38,0,0,4,42
534796,265170,0000-00-00,Senate,"Senate Final Passage",21,0,0,0,21
534796,283697,0000-00-00,Assembly,"Assembly Final Passage",41,0,0,1,42
534800,286030,0000-00-00,Senate,"Senate Final Passage",16,3,0,2,21
534800,297024,0000-00-00,Senate,"Senate Final Passage",16,3,0,2,21
534800,297179,0000-00-00,Senate,"Senate Final Passage",16,3,0,2,21
534810,268122,0000-00-00,Senate,"Senate Final Passage",20,0,0,1,21
534810,283706,0000-00-00,Assembly,"Assembly Final Passage",41,0,0,1,42
534832,270767,0000-00-00,Senate,"Senate Final Passage",21,0,0,0,21
534832,282658,0000-00-00,Assembly,"Assembly Final Passage",27,14,0,1,42
534837,253937,0000-00-00,Assembly,"Assembly Final Passage",41,0,0,1,42
534837,258166,0000-00-00,Senate,"Senate Final Passage",21,0,0,0,21
534847,286700,0000-00-00,Assembly,"Assembly Final Passage",41,0,0,1,42
534850,268296,0000-00-00,Assembly,"Assembly Final Passage",39,0,0,2,41
534850,281257,0000-00-00,Senate,"Senate Final Passage",21,0,0,0,21
534850,283978,0000-00-00,Assembly,"Assembly Final Passage",39,0,0,2,41
534850,283979,0000-00-00,Senate,"Senate Final Passage",21,0,0,0,21
534854,269831,0000-00-00,Assembly,"Assembly Final Passage",39,0,0,2,41
534854,281796,0000-00-00,Senate,"Senate Final Passage",21,0,0,0,21
534856,268611,0000-00-00,Assembly,"Assembly Final Passage",39,0,0,2,41
534856,281822,0000-00-00,Senate,"Senate Final Passage",21,0,0,0,21
534865,282361,0000-00-00,Assembly,"Assembly Final Passage",41,0,0,1,42
534870,279930,0000-00-00,Assembly,"Assembly Final Passage",40,0,0,2,42
534870,283498,0000-00-00,Senate,"Senate Final Passage",21,0,0,0,21
534875,282201,0000-00-00,Assembly,"Assembly Final Passage",41,0,0,1,42
534878,265584,0000-00-00,Assembly,"Assembly Final Passage",40,0,0,1,41
534878,283507,0000-00-00,Senate,"Senate Final Passage",21,0,0,0,21
534897,285521,0000-00-00,Assembly,"Assembly Final Passage",41,0,0,1,42
534897,286055,0000-00-00,Senate,"Senate Final Passage",20,0,0,1,21
534902,269708,0000-00-00,Assembly,"Assembly Final Passage",40,0,0,1,41
534920,270310,0000-00-00,Assembly,"Assembly Final Passage",41,0,0,0,41
534920,286436,0000-00-00,Senate,"Senate Final Passage",20,0,0,1,21
534923,283491,0000-00-00,Assembly,"Assembly Final Passage",34,7,0,1,42
534923,286500,0000-00-00,Senate,"Senate Final Passage",19,1,0,1,21
534925,266812,0000-00-00,Assembly,"Assembly Final Passage",26,14,0,1,41
534925,282966,0000-00-00,Senate,"Senate Final Passage",21,0,0,0,21
534932,268356,0000-00-00,Assembly,"Assembly Final Passage",28,11,0,2,41
534932,283229,0000-00-00,Senate,"Senate Final Passage",21,0,0,0,21
534935,269906,0000-00-00,Assembly,"Assembly Final Passage",26,14,0,1,41
534935,284044,0000-00-00,Senate,"Senate Final Passage",21,0,0,0,21
534942,268435,0000-00-00,Assembly,"Assembly Final Passage",39,0,0,2,41
534942,281325,0000-00-00,Senate,"Senate Final Passage",21,0,0,0,21
534943,265726,0000-00-00,Assembly,"Assembly Final Passage",27,13,0,1,41
534943,281338,0000-00-00,Senate,"Senate Final Passage",20,1,0,0,21
534956,265049,0000-00-00,Assembly,"Assembly Final Passage",40,0,0,1,41
534956,281103,0000-00-00,Senate,"Senate Final Passage",21,0,0,0,21
534971,286294,0000-00-00,Assembly,"Assembly Final Passage",42,0,0,0,42
534971,286491,0000-00-00,Senate,"Senate Final Passage",20,0,0,1,21
534994,267160,0000-00-00,Assembly,"Assembly Final Passage",40,0,0,1,41
534994,281286,0000-00-00,Senate,"Senate Final Passage",21,0,0,0,21
535000,268609,0000-00-00,Assembly,"Assembly Final Passage",30,9,0,2,41
535000,283481,0000-00-00,Senate,"Senate Final Passage",21,0,0,0,21
535002,268557,0000-00-00,Assembly,"Assembly Final Passage",39,0,0,2,41
535002,281847,0000-00-00,Senate,"Senate Final Passage",21,0,0,0,21
535006,265215,0000-00-00,Assembly,"Assembly Final Passage",40,0,0,1,41
535006,281828,0000-00-00,Senate,"Senate Final Passage",21,0,0,0,21
535242,265162,0000-00-00,Senate,"Senate Final Passage",10,11,0,0,21
535242,288450,0000-00-00,Senate,"Senate Final Passage",10,11,0,0,21
535244,269658,0000-00-00,Senate,"Senate Final Passage",21,0,0,0,21
535244,282423,0000-00-00,Assembly,"Assembly Final Passage",41,0,0,1,42
535246,270309,0000-00-00,Senate,"Senate Final Passage",21,0,0,0,21
535248,286366,0000-00-00,Senate,"Senate Final Passage",20,0,0,1,21
535248,286538,0000-00-00,Assembly,"Assembly Final Passage",40,1,0,1,42
535250,269528,0000-00-00,Senate,"Senate Final Passage",21,0,0,0,21
535250,283462,0000-00-00,Assembly,"Assembly Final Passage",41,0,0,1,42
535250,288526,0000-00-00,Senate,"Senate Final Passage",21,0,0,0,21
535250,288527,0000-00-00,Assembly,"Assembly Final Passage",41,0,0,1,42
535253,285791,0000-00-00,Senate,"Senate Final Passage",21,0,0,0,21
535254,270453,0000-00-00,Senate,"Senate Final Passage",21,0,0,0,21
535254,283682,0000-00-00,Assembly,"Assembly Final Passage",41,0,0,1,42
535256,269653,0000-00-00,Senate,"Senate Final Passage",21,0,0,0,21
535256,282439,0000-00-00,Assembly,"Assembly Final Passage",41,0,0,1,42
535260,269665,0000-00-00,Senate,"Senate Final Passage",21,0,0,0,21
535260,282616,0000-00-00,Assembly,"Assembly Final Passage",41,0,0,1,42
535262,265819,0000-00-00,Senate,"Senate Final Passage",21,0,0,0,21
535264,268079,0000-00-00,Senate,"Senate Final Passage",20,0,0,1,21
535268,269928,0000-00-00,Senate,"Senate Final Passage",21,0,0,0,21
535268,283674,0000-00-00,Assembly,"Assembly Final Passage",27,14,0,1,42
535270,267827,0000-00-00,Senate,"Senate Final Passage",20,0,0,1,21
535270,282992,0000-00-00,Assembly,"Assembly Final Passage",39,1,0,2,42
535272,269822,0000-00-00,Senate,"Senate Final Passage",13,8,0,0,21
535272,277877,0000-00-00,Senate,"Senate Final Passage",13,8,0,0,21
535272,283614,0000-00-00,Assembly,"Assembly Final Passage",24,17,0,1,42
535273,270630,0000-00-00,Senate,"Senate Final Passage",21,0,0,0,21
535273,283804,0000-00-00,Assembly,"Assembly Final Passage",17,24,0,1,42
535276,266350,0000-00-00,Senate,"Senate Final Passage",21,0,0,0,21
535276,282554,0000-00-00,Assembly,"Assembly Final Passage",41,0,0,1,42
535280,267322,0000-00-00,Senate,"Senate Final Passage",20,0,0,1,21
535280,282647,0000-00-00,Assembly,"Assembly Final Passage",41,0,0,1,42
535282,285497,0000-00-00,Senate,"Senate Final Passage",21,0,0,0,21
535283,269495,0000-00-00,Senate,"Senate Final Passage",21,0,0,0,21
535287,268345,0000-00-00,Senate,"Senate Final Passage",20,0,0,1,21
535287,282368,0000-00-00,Assembly,"Assembly Final Passage",41,0,0,1,42
535288,264913,0000-00-00,Senate,"Senate Final Passage",21,0,0,0,21
535288,282402,0000-00-00,Assembly,"Assembly Final Passage",41,0,0,1,42
535294,281164,0000-00-00,Senate,"Senate Final Passage",20,1,0,0,21
535294,284289,0000-00-00,Assembly,"Assembly Final Passage",30,9,0,3,42
535295,265850,0000-00-00,Senate,"Senate Final Passage",21,0,0,0,21
535295,283556,0000-00-00,Assembly,"Assembly Final Passage",41,0,0,1,42
535296,270733,0000-00-00,Senate,"Senate Final Passage",21,0,0,0,21
535296,283648,0000-00-00,Assembly,"Assembly Final Passage",41,0,0,1,42
535305,257686,0000-00-00,Senate,"Senate Final Passage",21,0,0,0,21
535307,269543,0000-00-00,Senate,"Senate Final Passage",21,0,0,0,21
535315,286286,0000-00-00,Senate,"Senate Final Passage",20,0,0,1,21
535315,286532,0000-00-00,Assembly,"Assembly Final Passage",41,0,0,1,42
535329,266068,0000-00-00,Senate,"Senate Final Passage",21,0,0,0,21
535329,282244,0000-00-00,Assembly,"Assembly Final Passage",41,0,0,1,42
535330,267914,0000-00-00,Senate,"Senate Final Passage",20,0,0,1,21
535330,282428,0000-00-00,Assembly,"Assembly Final Passage",40,1,0,1,42
535334,280184,0000-00-00,Assembly,"Assembly Final Passage",40,0,0,2,42
535334,285933,0000-00-00,Senate,"Senate Final Passage",21,0,0,0,21
535339,286288,0000-00-00,Assembly,"Assembly Final Passage",39,0,0,3,42
535339,286598,0000-00-00,Senate,"Senate Final Passage",20,0,0,1,21
535342,269643,0000-00-00,Assembly,"Assembly Final Passage",39,0,0,2,41
535342,282106,0000-00-00,Senate,"Senate Final Passage",21,0,0,0,21
535343,268672,0000-00-00,Assembly,"Assembly Final Passage",39,0,0,2,41
535351,266852,0000-00-00,Assembly,"Assembly Final Passage",40,0,0,1,41
535351,278465,0000-00-00,Senate,"Senate Final Passage",21,0,0,0,21
535356,269780,0000-00-00,Assembly,"Assembly Final Passage",39,0,0,2,41
535356,282372,0000-00-00,Senate,"Senate Final Passage",21,0,0,0,21
535358,265030,0000-00-00,Assembly,"Assembly Final Passage",40,0,0,1,41
535358,269903,0000-00-00,Assembly,"Assembly Final Passage",40,0,0,1,41
535358,282577,0000-00-00,Senate,"Senate Final Passage",21,0,0,0,21
535360,268509,0000-00-00,Assembly,"Assembly Final Passage",31,8,0,2,41
535363,265804,0000-00-00,Assembly,"Assembly Final Passage",40,0,0,1,41
535363,277735,0000-00-00,Senate,"Senate Final Passage",21,0,0,0,21
535367,268070,0000-00-00,Assembly,"Assembly Final Passage",38,1,0,2,41
535367,283653,0000-00-00,Senate,"Senate Final Passage",21,0,0,0,21
535369,270491,0000-00-00,Assembly,"Assembly Final Passage",41,0,0,0,41
535369,283728,0000-00-00,Senate,"Senate Final Passage",21,0,0,0,21
535376,268593,0000-00-00,Assembly,"Assembly Final Passage",39,0,0,2,41
535376,284060,0000-00-00,Senate,"Senate Final Passage",21,0,0,0,21
535377,270439,0000-00-00,Assembly,"Assembly Final Passage",26,15,0,0,41
535377,283632,0000-00-00,Senate,"Senate Final Passage",16,5,0,0,21
535381,280698,0000-00-00,Assembly,"Assembly Final Passage",38,0,0,4,42
535381,285961,0000-00-00,Senate,"Senate Final Passage",21,0,0,0,21
535384,270515,0000-00-00,Assembly,"Assembly Final Passage",41,0,0,0,41
535384,281805,0000-00-00,Senate,"Senate Final Passage",21,0,0,0,21
535390,270724,0000-00-00,Assembly,"Assembly Final Passage",39,2,0,0,41
535390,281827,0000-00-00,Senate,"Senate Final Passage",21,0,0,0,21
535390,285950,0000-00-00,Senate,"Senate Final Passage",13,8,0,0,21
535390,285951,0000-00-00,Assembly,"Assembly Final Passage",24,17,0,1,42
535392,285276,0000-00-00,Assembly,"Assembly Final Passage",41,0,0,1,42
535392,286363,0000-00-00,Senate,"Senate Final Passage",20,0,0,1,21
535396,265950,0000-00-00,Assembly,"Assembly Final Passage",40,0,0,1,41
535396,281843,0000-00-00,Senate,"Senate Final Passage",21,0,0,0,21
535400,283613,0000-00-00,Assembly,"Assembly Final Passage",41,0,0,1,42
535400,286082,0000-00-00,Senate,"Senate Final Passage",20,0,0,1,21
535401,286256,0000-00-00,Assembly,"Assembly Final Passage",42,0,0,0,42
535401,286561,0000-00-00,Senate,"Senate Final Passage",20,0,0,1,21
535402,269960,0000-00-00,Assembly,"Assembly Final Passage",39,0,0,2,41
535402,281907,0000-00-00,Senate,"Senate Final Passage",21,0,0,0,21
535404,270298,0000-00-00,Assembly,"Assembly Final Passage",41,0,0,0,41
535404,281883,0000-00-00,Senate,"Senate Final Passage",21,0,0,0,21
535409,270321,0000-00-00,Assembly,"Assembly Final Passage",40,1,0,0,41
535410,266918,0000-00-00,Assembly,"Assembly Final Passage",40,0,0,1,41
535410,279487,0000-00-00,Senate,"Senate Final Passage",21,0,0,0,21
535419,269721,0000-00-00,Assembly,"Assembly Final Passage",39,0,0,2,41
535419,281882,0000-00-00,Senate,"Senate Final Passage",21,0,0,0,21
535423,270522,0000-00-00,Assembly,"Assembly Final Passage",41,0,0,0,41
535423,281860,0000-00-00,Senate,"Senate Final Passage",21,0,0,0,21
535424,286218,0000-00-00,Assembly,"Assembly Final Passage",42,0,0,0,42
535424,286546,0000-00-00,Senate,"Senate Final Passage",10,10,0,1,21
535425,267072,0000-00-00,Assembly,"Assembly Final Passage",33,7,0,1,41
535425,283538,0000-00-00,Senate,"Senate Final Passage",9,12,0,0,21
535428,265545,0000-00-00,Assembly,"Assembly Final Passage",39,1,0,1,41
535428,281341,0000-00-00,Senate,"Senate Final Passage",21,0,0,0,21
535432,270544,0000-00-00,Assembly,"Assembly Final Passage",41,0,0,0,41
535432,281906,0000-00-00,Senate,"Senate Final Passage",21,0,0,0,21
535447,268067,0000-00-00,Assembly,"Assembly Final Passage",27,12,0,2,41
535447,283777,0000-00-00,Senate,"Senate Final Passage",21,0,0,0,21
535449,268307,0000-00-00,Assembly,"Assembly Final Passage",39,0,0,2,41
535449,283739,0000-00-00,Senate,"Senate Final Passage",21,0,0,0,21
535450,281770,0000-00-00,Assembly,"Assembly Final Passage",39,0,0,3,42
535450,285876,0000-00-00,Senate,"Senate Final Passage",21,0,0,0,21
535451,268639,0000-00-00,Assembly,"Assembly Final Passage",39,0,0,2,41
535451,281306,0000-00-00,Senate,"Senate Final Passage",21,0,0,0,21
535452,280080,0000-00-00,Assembly,"Assembly Final Passage",40,0,0,2,42
535452,286065,0000-00-00,Senate,"Senate Final Passage",20,0,0,1,21
535572,269875,0000-00-00,Senate,"Senate Final Passage",12,9,0,0,21
535572,282953,0000-00-00,Assembly,"Assembly Final Passage",27,14,0,1,42
535573,256540,0000-00-00,Senate,"Senate Final Passage",21,0,0,0,21
535573,282859,0000-00-00,Assembly,"Assembly Final Passage",38,3,0,1,42
535577,269977,0000-00-00,Senate,"Senate Final Passage",21,0,0,0,21
535577,283001,0000-00-00,Assembly,"Assembly Final Passage",38,2,0,2,42
535578,269820,0000-00-00,Senate,"Senate Final Passage",21,0,0,0,21
535578,283249,0000-00-00,Assembly,"Assembly Final Passage",40,0,0,2,42
535580,284928,0000-00-00,Senate,"Senate Final Passage",21,0,0,0,21
535580,286258,0000-00-00,Assembly,"Assembly Final Passage",39,0,0,3,42
535581,284875,0000-00-00,Senate,"Senate Final Passage",21,0,0,0,21
535581,286490,0000-00-00,Assembly,"Assembly Final Passage",38,4,0,0,42
535582,264909,0000-00-00,Senate,"Senate Final Passage",21,0,0,0,21
535582,283049,0000-00-00,Assembly,"Assembly Final Passage",40,0,0,2,42
535584,274691,0000-00-00,Senate,"Senate Final Passage",21,0,0,0,21
535584,283188,0000-00-00,Assembly,"Assembly Final Passage",40,0,0,2,42
535586,265904,0000-00-00,Senate,"Senate Final Passage",21,0,0,0,21
535586,283265,0000-00-00,Assembly,"Assembly Final Passage",40,0,0,2,42
535588,286298,0000-00-00,Senate,"Senate Final Passage",20,0,0,1,21
535588,286418,0000-00-00,Assembly,"Assembly Final Passage",41,0,0,1,42
535589,270598,0000-00-00,Senate,"Senate Final Passage",21,0,0,0,21
535589,283698,0000-00-00,Assembly,"Assembly Final Passage",41,0,0,1,42
535593,283953,0000-00-00,Senate,"Senate Final Passage",21,0,0,0,21
535593,286275,0000-00-00,Assembly,"Assembly Final Passage",41,0,0,1,42
535595,259129,0000-00-00,Senate,"Senate Final Passage",21,0,0,0,21
535595,283023,0000-00-00,Assembly,"Assembly Final Passage",37,3,0,2,42
535597,270411,0000-00-00,Senate,"Senate Final Passage",21,0,0,0,21
535597,283015,0000-00-00,Assembly,"Assembly Final Passage",40,0,0,2,42
535598,286351,0000-00-00,Senate,"Senate Final Passage",20,0,0,1,21
535598,286423,0000-00-00,Assembly,"Assembly Final Passage",41,0,0,1,42
535599,284456,0000-00-00,Senate,"Senate Final Passage",21,0,0,0,21
535599,286274,0000-00-00,Assembly,"Assembly Final Passage",41,0,0,1,42
535600,270243,0000-00-00,Senate,"Senate Final Passage",21,0,0,0,21
535600,283030,0000-00-00,Assembly,"Assembly Final Passage",40,0,0,2,42
535601,270299,0000-00-00,Senate,"Senate Final Passage",11,10,0,0,21
535601,283253,0000-00-00,Assembly,"Assembly Final Passage",26,14,0,2,42
535604,286590,0000-00-00,Senate,"Senate Final Passage",20,0,0,1,21
535605,270373,0000-00-00,Senate,"Senate Final Passage",21,0,0,0,21
535605,283603,0000-00-00,Assembly,"Assembly Final Passage",32,9,0,1,42
535606,270774,0000-00-00,Senate,"Senate Final Passage",21,0,0,0,21
535606,283501,0000-00-00,Assembly,"Assembly Final Passage",41,0,0,1,42
535606,286319,0000-00-00,Senate,"Senate Final Passage",21,0,0,0,21
535606,286320,0000-00-00,Assembly,"Assembly Final Passage",41,0,0,1,42
535607,266932,0000-00-00,Senate,"Senate Final Passage",20,0,0,1,21
535607,283002,0000-00-00,Assembly,"Assembly Final Passage",40,0,0,2,42
535609,269862,0000-00-00,Senate,"Senate Final Passage",21,0,0,0,21
535616,284743,0000-00-00,Senate,"Senate Final Passage",17,4,0,0,21
535616,286307,0000-00-00,Assembly,"Assembly Final Passage",26,16,0,0,42
535616,286308,0000-00-00,Assembly,"Assembly Final Passage",28,14,0,0,42
535617,270834,0000-00-00,Senate,"Senate Final Passage",11,10,0,0,21
535617,283233,0000-00-00,Assembly,"Assembly Final Passage",25,15,0,2,42
535619,270586,0000-00-00,Senate,"Senate Final Passage",21,0,0,0,21
535619,283040,0000-00-00,Assembly,"Assembly Final Passage",36,4,0,2,42
535626,264891,0000-00-00,Senate,"Senate Final Passage",21,0,0,0,21
535626,283269,0000-00-00,Assembly,"Assembly Final Passage",40,0,0,2,42
535627,266355,0000-00-00,Senate,"Senate Final Passage",21,0,0,0,21
535627,283666,0000-00-00,Assembly,"Assembly Final Passage",40,1,0,1,42
535629,278400,0000-00-00,Senate,"Senate Final Passage",21,0,0,0,21
535629,285240,0000-00-00,Assembly,"Assembly Final Passage",41,0,0,1,42
535629,296176,0000-00-00,Senate,"Senate Final Passage",21,0,0,0,21
535629,296177,0000-00-00,Assembly,"Assembly Final Passage",41,0,0,1,42
535632,270021,0000-00-00,Senate,"Senate Final Passage",21,0,0,0,21
535635,286350,0000-00-00,Senate,"Senate Final Passage",20,0,0,1,21
535635,286556,0000-00-00,Assembly,"Assembly Final Passage",40,1,0,1,42
535636,268488,0000-00-00,Senate,"Senate Final Passage",20,0,0,1,21
535636,282972,0000-00-00,Assembly,"Assembly Final Passage",40,0,0,2,42
535640,270640,0000-00-00,Senate,"Senate Final Passage",21,0,0,0,21
535641,265048,0000-00-00,Senate,"Senate Final Passage",21,0,0,0,21
535641,282206,0000-00-00,Assembly,"Assembly Final Passage",41,0,0,1,42
535642,270042,0000-00-00,Senate,"Senate Final Passage",21,0,0,0,21
535642,282270,0000-00-00,Assembly,"Assembly Final Passage",41,0,0,1,42
535645,265142,0000-00-00,Senate,"Senate Final Passage",21,0,0,0,21
535645,282145,0000-00-00,Assembly,"Assembly Final Passage",41,0,0,1,42
535645,283669,0000-00-00,Assembly,"Assembly Final Passage",40,0,0,2,42
535647,270257,0000-00-00,Senate,"Senate Final Passage",20,0,1,0,21
535648,266848,0000-00-00,Senate,"Senate Final Passage",20,0,0,1,21
535648,282389,0000-00-00,Assembly,"Assembly Final Passage",41,0,0,1,42
535649,267067,0000-00-00,Senate,"Senate Final Passage",20,0,0,1,21
535649,282332,0000-00-00,Assembly,"Assembly Final Passage",41,0,0,1,42
535650,269967,0000-00-00,Senate,"Senate Final Passage",21,0,0,0,21
535650,282367,0000-00-00,Assembly,"Assembly Final Passage",41,0,0,1,42
535651,264953,0000-00-00,Senate,"Senate Final Passage",21,0,0,0,21
535651,282173,0000-00-00,Assembly,"Assembly Final Passage",41,0,0,1,42
535653,284733,0000-00-00,Senate,"Senate Final Passage",21,0,0,0,21
535655,264929,0000-00-00,Senate,"Senate Final Passage",21,0,0,0,21
535655,282287,0000-00-00,Assembly,"Assembly Final Passage",41,0,0,1,42
535658,264947,0000-00-00,Senate,"Senate Final Passage",21,0,0,0,21
535658,282303,0000-00-00,Assembly,"Assembly Final Passage",40,1,0,1,42
535664,281915,0000-00-00,Senate,"Senate Final Passage",21,0,0,0,21
535665,269894,0000-00-00,Senate,"Senate Final Passage",21,0,0,0,21
535666,285456,0000-00-00,Senate,"Senate Final Passage",21,0,0,0,21
535666,286292,0000-00-00,Assembly,"Assembly Final Passage",42,0,0,0,42
535667,270489,0000-00-00,Senate,"Senate Final Passage",21,0,0,0,21
535667,283821,0000-00-00,Assembly,"Assembly Final Passage",41,0,0,1,42
535668,267078,0000-00-00,Assembly,"Assembly Final Passage",39,0,0,2,41
535668,280723,0000-00-00,Senate,"Senate Final Passage",19,0,0,2,21
535669,283536,0000-00-00,Assembly,"Assembly Final Passage",41,0,0,1,42
535669,286239,0000-00-00,Senate,"Senate Final Passage",18,2,0,1,21
535671,282298,0000-00-00,Assembly,"Assembly Final Passage",28,13,0,1,42
535674,282336,0000-00-00,Assembly,"Assembly Final Passage",41,0,0,1,42
535674,285939,0000-00-00,Senate,"Senate Final Passage",21,0,0,0,21
535675,268598,0000-00-00,Assembly,"Assembly Final Passage",39,0,0,2,41
535677,282147,0000-00-00,Assembly,"Assembly Final Passage",40,1,0,1,42
535678,284476,0000-00-00,Assembly,"Assembly Final Passage",40,0,0,2,42
535678,286482,0000-00-00,Senate,"Senate Final Passage",20,0,0,1,21
535679,269988,0000-00-00,Assembly,"Assembly Final Passage",23,16,0,2,41
535688,270516,0000-00-00,Assembly,"Assembly Final Passage",31,10,0,0,41
535688,282365,0000-00-00,Senate,"Senate Final Passage",19,2,0,0,21
535690,265994,0000-00-00,Assembly,"Assembly Final Passage",40,0,0,1,41
535690,282510,0000-00-00,Senate,"Senate Final Passage",21,0,0,0,21
535692,269572,0000-00-00,Assembly,"Assembly Final Passage",24,14,1,2,41
535692,282974,0000-00-00,Senate,"Senate Final Passage",11,10,0,0,21
535694,268453,0000-00-00,Assembly,"Assembly Final Passage",39,0,0,2,41
535694,282551,0000-00-00,Senate,"Senate Final Passage",21,0,0,0,21
535695,285934,0000-00-00,Assembly,"Assembly Final Passage",36,5,0,1,42
535695,286566,0000-00-00,Senate,"Senate Final Passage",20,0,0,1,21
535698,270559,0000-00-00,Assembly,"Assembly Final Passage",34,7,0,0,41
535698,282183,0000-00-00,Senate,"Senate Final Passage",18,3,0,0,21
535701,265065,0000-00-00,Assembly,"Assembly Final Passage",39,1,0,1,41
535701,282231,0000-00-00,Senate,"Senate Final Passage",20,1,0,0,21
535702,270659,0000-00-00,Assembly,"Assembly Final Passage",41,0,0,0,41
535702,282397,0000-00-00,Senate,"Senate Final Passage",21,0,0,0,21
535703,265014,0000-00-00,Assembly,"Assembly Final Passage",40,0,0,1,41
535703,282464,0000-00-00,Senate,"Senate Final Passage",21,0,0,0,21
535705,268466,0000-00-00,Assembly,"Assembly Final Passage",39,0,0,2,41
535705,282300,0000-00-00,Senate,"Senate Final Passage",21,0,0,0,21
535706,268512,0000-00-00,Assembly,"Assembly Final Passage",39,0,0,2,41
535706,283749,0000-00-00,Senate,"Senate Final Passage",11,10,0,0,21
535707,266045,0000-00-00,Assembly,"Assembly Final Passage",40,0,0,1,41
535707,283488,0000-00-00,Senate,"Senate Final Passage",21,0,0,0,21
535711,270567,0000-00-00,Assembly,"Assembly Final Passage",26,15,0,0,41
535711,283900,0000-00-00,Senate,"Senate Final Passage",21,0,0,0,21
535715,284002,0000-00-00,Assembly,"Assembly Final Passage",40,0,0,2,42
535715,285845,0000-00-00,Senate,"Senate Final Passage",21,0,0,0,21
535715,289224,0000-00-00,Assembly,"Assembly Final Passage",40,0,0,2,42
535715,289225,0000-00-00,Senate,"Senate Final Passage",21,0,0,0,21
535716,286159,0000-00-00,Assembly,"Assembly Final Passage",41,0,0,1,42
535718,286315,0000-00-00,Assembly,"Assembly Final Passage",34,6,0,2,42
535719,265015,0000-00-00,Assembly,"Assembly Final Passage",40,0,0,1,41
535719,282457,0000-00-00,Senate,"Senate Final Passage",21,0,0,0,21
535720,265295,0000-00-00,Assembly,"Assembly Final Passage",36,4,0,1,41
535720,283696,0000-00-00,Senate,"Senate Final Passage",21,0,0,0,21
535721,280043,0000-00-00,Assembly,"Assembly Final Passage",40,0,0,2,42
535721,283700,0000-00-00,Senate,"Senate Final Passage",21,0,0,0,21
535722,270538,0000-00-00,Assembly,"Assembly Final Passage",34,7,0,0,41
535722,283107,0000-00-00,Senate,"Senate Final Passage",21,0,0,0,21
536778,285859,0000-00-00,Assembly,"Assembly Final Passage",34,7,0,1,42
536778,286548,0000-00-00,Senate,"Senate Final Passage",17,3,0,1,21
537498,281967,0000-00-00,Assembly,"Assembly Final Passage",41,0,0,1,42
537498,285931,0000-00-00,Senate,"Senate Final Passage",21,0,0,0,21
538357,269805,0000-00-00,Senate,"Senate Final Passage",16,5,0,0,21
538368,269816,0000-00-00,Senate,"Senate Final Passage",21,0,0,0,21
538368,283465,0000-00-00,Assembly,"Assembly Final Passage",41,0,0,1,42
538379,270551,0000-00-00,Senate,"Senate Final Passage",21,0,0,0,21
538379,283046,0000-00-00,Assembly,"Assembly Final Passage",40,0,0,2,42
538388,281792,0000-00-00,Senate,"Senate Final Passage",18,3,0,0,21
538388,285311,0000-00-00,Assembly,"Assembly Final Passage",41,0,0,1,42
538413,270660,0000-00-00,Senate,"Senate Final Passage",14,7,0,0,21
538435,281174,0000-00-00,Senate,"Senate Final Passage",21,0,0,0,21
538435,284421,0000-00-00,Assembly,"Assembly Final Passage",40,0,0,2,42
538447,269800,0000-00-00,Senate,"Senate Final Passage",21,0,0,0,21
538447,283017,0000-00-00,Assembly,"Assembly Final Passage",40,0,0,2,42
538460,269999,0000-00-00,Senate,"Senate Final Passage",11,10,0,0,21
538460,283220,0000-00-00,Assembly,"Assembly Final Passage",31,9,0,2,42
538480,264938,0000-00-00,Senate,"Senate Final Passage",20,1,0,0,21
538480,283020,0000-00-00,Assembly,"Assembly Final Passage",24,16,0,2,42
538480,283654,0000-00-00,Assembly,"Assembly Final Passage",32,9,0,1,42
538689,265042,0000-00-00,Senate,"Senate Final Passage",21,0,0,0,21
538689,283033,0000-00-00,Assembly,"Assembly Final Passage",40,0,0,2,42
538690,268492,0000-00-00,Senate,"Senate Final Passage",18,1,1,1,21
538690,286755,0000-00-00,Assembly,"Assembly Final Passage",36,5,0,1,42
538693,282347,0000-00-00,Senate,"Senate Final Passage",21,0,0,0,21
538693,284325,0000-00-00,Assembly,"Assembly Final Passage",40,0,0,2,42
538695,285949,0000-00-00,Senate,"Senate Final Passage",21,0,0,0,21
538695,286249,0000-00-00,Assembly,"Assembly Final Passage",41,0,0,1,42
538696,279478,0000-00-00,Senate,"Senate Final Passage",18,3,0,0,21
538696,284480,0000-00-00,Assembly,"Assembly Final Passage",37,3,0,2,42
538697,284981,0000-00-00,Senate,"Senate Final Passage",21,0,0,0,21
538697,286262,0000-00-00,Assembly,"Assembly Final Passage",41,0,0,1,42
538699,277797,0000-00-00,Assembly,"Assembly Final Passage",41,0,0,1,42
538699,285007,0000-00-00,Senate,"Senate Final Passage",21,0,0,0,21
538700,286261,0000-00-00,Senate,"Senate Final Passage",20,0,0,1,21
538700,286514,0000-00-00,Assembly,"Assembly Final Passage",41,0,0,1,42
538702,277918,0000-00-00,Assembly,"Assembly Final Passage",41,0,0,1,42
538702,283656,0000-00-00,Senate,"Senate Final Passage",21,0,0,0,21
538705,266394,0000-00-00,Assembly,"Assembly Final Passage",40,0,0,1,41
538705,283649,0000-00-00,Senate,"Senate Final Passage",21,0,0,0,21
538706,269861,0000-00-00,Senate,"Senate Final Passage",21,0,0,0,21
538706,283635,0000-00-00,Assembly,"Assembly Final Passage",41,0,0,1,42
538707,280159,0000-00-00,Assembly,"Assembly Final Passage",40,0,0,2,42
538707,284427,0000-00-00,Senate,"Senate Final Passage",21,0,0,0,21
538709,270015,0000-00-00,Senate,"Senate Final Passage",21,0,0,0,21
538709,283506,0000-00-00,Assembly,"Assembly Final Passage",41,0,0,1,42
538713,270044,0000-00-00,Senate,"Senate Final Passage",21,0,0,0,21
538713,283672,0000-00-00,Assembly,"Assembly Final Passage",41,0,0,1,42
538717,284259,0000-00-00,Assembly,"Assembly Final Passage",39,0,0,3,42
538717,285983,0000-00-00,Senate,"Senate Final Passage",21,0,0,0,21
538720,266076,0000-00-00,Assembly,"Assembly Final Passage",40,0,0,1,41
538720,283685,0000-00-00,Senate,"Senate Final Passage",21,0,0,0,21
538722,266914,0000-00-00,Assembly,"Assembly Final Passage",40,0,0,1,41
538722,282641,0000-00-00,Senate,"Senate Final Passage",21,0,0,0,21
538723,267181,0000-00-00,Assembly,"Assembly Final Passage",30,9,0,2,41
538723,283681,0000-00-00,Senate,"Senate Final Passage",21,0,0,0,21
538729,283546,0000-00-00,Assembly,"Assembly Final Passage",41,0,0,1,42
538729,285925,0000-00-00,Senate,"Senate Final Passage",21,0,0,0,21
538730,277819,0000-00-00,Assembly,"Assembly Final Passage",41,0,0,1,42
538730,286559,0000-00-00,Senate,"Senate Final Passage",20,0,0,1,21
538732,279624,0000-00-00,Senate,"Senate Final Passage",17,4,0,0,21
538732,286276,0000-00-00,Assembly,"Assembly Final Passage",40,1,0,1,42
538733,270372,0000-00-00,Assembly,"Assembly Final Passage",31,10,0,0,41
538733,283627,0000-00-00,Senate,"Senate Final Passage",19,2,0,0,21
538736,284246,0000-00-00,Senate,"Senate Final Passage",21,0,0,0,21
538736,286477,0000-00-00,Assembly,"Assembly Final Passage",41,0,0,1,42
538737,269976,0000-00-00,Assembly,"Assembly Final Passage",39,0,0,2,41
538737,283699,0000-00-00,Senate,"Senate Final Passage",21,0,0,0,21
538739,278409,0000-00-00,Senate,"Senate Final Passage",21,0,0,0,21
538739,283038,0000-00-00,Assembly,"Assembly Final Passage",41,0,0,1,42
538742,270739,0000-00-00,Assembly,"Assembly Final Passage",25,16,0,0,41
538742,283057,0000-00-00,Senate,"Senate Final Passage",11,10,0,0,21
538744,280883,0000-00-00,Senate,"Senate Final Passage",21,0,0,0,21
538749,269662,0000-00-00,Assembly,"Assembly Final Passage",37,2,0,2,41
538753,269776,0000-00-00,Assembly,"Assembly Final Passage",38,1,0,2,41
538753,282659,0000-00-00,Senate,"Senate Final Passage",21,0,0,0,21
538757,265550,0000-00-00,Senate,"Senate Final Passage",21,0,0,0,21
538757,283509,0000-00-00,Assembly,"Assembly Final Passage",41,0,0,1,42
538759,286469,0000-00-00,Senate,"Senate Final Passage",20,0,0,1,21
538759,286544,0000-00-00,Assembly,"Assembly Final Passage",41,0,0,1,42
538760,267982,0000-00-00,Senate,"Senate Final Passage",20,0,0,1,21
538760,282975,0000-00-00,Assembly,"Assembly Final Passage",40,0,0,2,42
538763,270815,0000-00-00,Assembly,"Assembly Final Passage",39,2,0,0,41
538763,283475,0000-00-00,Senate,"Senate Final Passage",21,0,0,0,21
538764,280217,0000-00-00,Assembly,"Assembly Final Passage",40,0,0,2,42
538764,283486,0000-00-00,Senate,"Senate Final Passage",21,0,0,0,21
538766,280210,0000-00-00,Assembly,"Assembly Final Passage",40,0,0,2,42
538766,286494,0000-00-00,Senate,"Senate Final Passage",20,0,0,1,21
538767,286050,0000-00-00,Assembly,"Assembly Final Passage",36,6,0,0,42
538767,286471,0000-00-00,Senate,"Senate Final Passage",20,0,0,1,21
538769,284048,0000-00-00,Senate,"Senate Final Passage",14,7,0,0,21
538770,266983,0000-00-00,Senate,"Senate Final Passage",20,0,0,1,21
538770,283515,0000-00-00,Assembly,"Assembly Final Passage",41,0,0,1,42
538773,270746,0000-00-00,Assembly,"Assembly Final Passage",41,0,0,0,41
538773,282468,0000-00-00,Senate,"Senate Final Passage",21,0,0,0,21
538774,280842,0000-00-00,Senate,"Senate Final Passage",21,0,0,0,21
538774,284499,0000-00-00,Assembly,"Assembly Final Passage",40,0,0,2,42
538776,266050,0000-00-00,Senate,"Senate Final Passage",21,0,0,0,21
538776,283713,0000-00-00,Assembly,"Assembly Final Passage",38,3,0,1,42
538779,281677,0000-00-00,Assembly,"Assembly Final Passage",34,5,0,3,42
538779,286419,0000-00-00,Senate,"Senate Final Passage",19,1,0,1,21
538780,265874,0000-00-00,Assembly,"Assembly Final Passage",40,0,0,1,41
538780,282450,0000-00-00,Senate,"Senate Final Passage",21,0,0,0,21
538781,270699,0000-00-00,Senate,"Senate Final Passage",21,0,0,0,21
538781,283671,0000-00-00,Assembly,"Assembly Final Passage",40,1,0,1,42
538784,270589,0000-00-00,Assembly,"Assembly Final Passage",26,15,0,0,41
538784,283184,0000-00-00,Senate,"Senate Final Passage",11,10,0,0,21
538786,268399,0000-00-00,Assembly,"Assembly Final Passage",39,0,0,2,41
538786,283588,0000-00-00,Senate,"Senate Final Passage",21,0,0,0,21
538787,280218,0000-00-00,Assembly,"Assembly Final Passage",40,0,0,2,42
538787,286530,0000-00-00,Senate,"Senate Final Passage",20,0,0,1,21
538789,286512,0000-00-00,Senate,"Senate Final Passage",20,0,0,1,21
538790,277749,0000-00-00,Assembly,"Assembly Final Passage",35,6,0,1,42
538790,286381,0000-00-00,Senate,"Senate Final Passage",20,0,0,1,21
538791,283581,0000-00-00,Senate,"Senate Final Passage",20,1,0,0,21
538791,286036,0000-00-00,Assembly,"Assembly Final Passage",41,1,0,0,42
538793,281192,0000-00-00,Senate,"Senate Final Passage",21,0,0,0,21
538793,284495,0000-00-00,Assembly,"Assembly Final Passage",40,0,0,2,42
538796,280685,0000-00-00,Senate,"Senate Final Passage",18,1,0,2,21
538796,283709,0000-00-00,Assembly,"Assembly Final Passage",36,5,0,1,42
538797,281535,0000-00-00,Assembly,"Assembly Final Passage",39,0,0,3,42
538797,286519,0000-00-00,Senate,"Senate Final Passage",20,0,0,1,21
538798,281680,0000-00-00,Senate,"Senate Final Passage",21,0,0,0,21
538798,284519,0000-00-00,Assembly,"Assembly Final Passage",40,0,0,2,42
538800,266065,0000-00-00,Assembly,"Assembly Final Passage",40,0,0,1,41
538800,280694,0000-00-00,Senate,"Senate Final Passage",19,0,0,2,21
538801,269674,0000-00-00,Assembly,"Assembly Final Passage",33,6,0,2,41
538801,283683,0000-00-00,Senate,"Senate Final Passage",21,0,0,0,21
538803,270046,0000-00-00,Senate,"Senate Final Passage",21,0,0,0,21
538803,283502,0000-00-00,Assembly,"Assembly Final Passage",40,1,0,1,42
538804,269949,0000-00-00,Senate,"Senate Final Passage",21,0,0,0,21
538804,283562,0000-00-00,Assembly,"Assembly Final Passage",41,0,0,1,42
538806,277798,0000-00-00,Assembly,"Assembly Final Passage",41,0,0,1,42
538806,284293,0000-00-00,Senate,"Senate Final Passage",21,0,0,0,21
538807,280695,0000-00-00,Senate,"Senate Final Passage",19,0,0,2,21
538810,280706,0000-00-00,Senate,"Senate Final Passage",18,1,0,2,21
538810,286279,0000-00-00,Assembly,"Assembly Final Passage",38,3,0,1,42
538811,280671,0000-00-00,Senate,"Senate Final Passage",19,0,0,2,21
538811,286265,0000-00-00,Assembly,"Assembly Final Passage",41,0,0,1,42
538813,284043,0000-00-00,Senate,"Senate Final Passage",21,0,0,0,21
538813,286432,0000-00-00,Assembly,"Assembly Final Passage",42,0,0,0,42
538814,285894,0000-00-00,Assembly,"Assembly Final Passage",40,1,0,1,42
538814,286536,0000-00-00,Senate,"Senate Final Passage",20,0,0,1,21
538816,284490,0000-00-00,Assembly,"Assembly Final Passage",40,0,0,2,42
538816,286513,0000-00-00,Senate,"Senate Final Passage",20,0,0,1,21
538817,266257,0000-00-00,Senate,"Senate Final Passage",21,0,0,0,21
538817,283056,0000-00-00,Assembly,"Assembly Final Passage",41,0,0,1,42
538818,278513,0000-00-00,Senate,"Senate Final Passage",21,0,0,0,21
538818,286557,0000-00-00,Assembly,"Assembly Final Passage",41,0,0,1,42
538820,283461,0000-00-00,Assembly,"Assembly Final Passage",41,0,0,1,42
538820,286520,0000-00-00,Senate,"Senate Final Passage",20,0,0,1,21
538821,284452,0000-00-00,Assembly,"Assembly Final Passage",39,1,0,2,42
538821,286575,0000-00-00,Senate,"Senate Final Passage",19,0,1,1,21
538823,269682,0000-00-00,Assembly,"Assembly Final Passage",39,0,0,2,41
538823,282473,0000-00-00,Senate,"Senate Final Passage",21,0,0,0,21
538824,266305,0000-00-00,Senate,"Senate Final Passage",21,0,0,0,21
538827,283224,0000-00-00,Assembly,"Assembly Final Passage",38,1,0,3,42
538827,286670,0000-00-00,Senate,"Senate Final Passage",20,0,0,1,21
538828,266214,0000-00-00,Senate,"Senate Final Passage",21,0,0,0,21
538828,283472,0000-00-00,Assembly,"Assembly Final Passage",40,1,0,1,42
538833,268223,0000-00-00,Senate,"Senate Final Passage",20,0,0,1,21
538833,284031,0000-00-00,Assembly,"Assembly Final Passage",41,0,0,1,42
538834,285971,0000-00-00,Assembly,"Assembly Final Passage",41,0,0,1,42
538834,286438,0000-00-00,Senate,"Senate Final Passage",20,0,0,1,21
538834,296826,0000-00-00,Assembly,"Assembly Final Passage",41,0,0,1,42
538834,296827,0000-00-00,Senate,"Senate Final Passage",20,0,0,1,21
538835,286442,0000-00-00,Senate,"Senate Final Passage",20,0,0,1,21
538837,270008,0000-00-00,Senate,"Senate Final Passage",21,0,0,0,21
538837,283630,0000-00-00,Assembly,"Assembly Final Passage",33,8,0,1,42
538838,267334,0000-00-00,Senate,"Senate Final Passage",20,0,0,1,21
538838,283476,0000-00-00,Assembly,"Assembly Final Passage",41,0,0,1,42
538843,269686,0000-00-00,Assembly,"Assembly Final Passage",39,0,0,2,41
538843,283511,0000-00-00,Senate,"Senate Final Passage",21,0,0,0,21
538845,269857,0000-00-00,Senate,"Senate Final Passage",21,0,0,0,21
538845,283715,0000-00-00,Assembly,"Assembly Final Passage",41,0,0,1,42
538847,266012,0000-00-00,Assembly,"Assembly Final Passage",40,0,0,1,41
538847,280715,0000-00-00,Senate,"Senate Final Passage",19,0,0,2,21
538848,270818,0000-00-00,Assembly,"Assembly Final Passage",41,0,0,0,41
538848,283651,0000-00-00,Senate,"Senate Final Passage",21,0,0,0,21
538850,286473,0000-00-00,Senate,"Senate Final Passage",17,3,0,1,21
538850,286474,0000-00-00,Assembly,"Assembly Final Passage",35,6,0,1,42
538853,265747,0000-00-00,Senate,"Senate Final Passage",21,0,0,0,21
538853,283493,0000-00-00,Assembly,"Assembly Final Passage",40,1,0,1,42
538854,270655,0000-00-00,Senate,"Senate Final Passage",21,0,0,0,21
538854,283036,0000-00-00,Assembly,"Assembly Final Passage",40,0,0,2,42
538855,267964,0000-00-00,Senate,"Senate Final Passage",20,0,0,1,21
538855,283005,0000-00-00,Assembly,"Assembly Final Passage",37,3,0,2,42
538857,264884,0000-00-00,Senate,"Senate Final Passage",21,0,0,0,21
538857,283028,0000-00-00,Assembly,"Assembly Final Passage",39,1,0,2,42
538858,265752,0000-00-00,Assembly,"Assembly Final Passage",40,0,0,1,41
538858,279437,0000-00-00,Senate,"Senate Final Passage",21,0,0,0,21
538860,280707,0000-00-00,Senate,"Senate Final Passage",19,0,0,2,21
538860,286489,0000-00-00,Assembly,"Assembly Final Passage",41,0,0,1,42
538861,265829,0000-00-00,Senate,"Senate Final Passage",21,0,0,0,21
538861,282996,0000-00-00,Assembly,"Assembly Final Passage",39,1,0,2,42
538862,270017,0000-00-00,Senate,"Senate Final Passage",21,0,0,0,21
538862,283272,0000-00-00,Assembly,"Assembly Final Passage",35,5,0,2,42
538864,281525,0000-00-00,Assembly,"Assembly Final Passage",39,0,0,3,42
538864,286526,0000-00-00,Senate,"Senate Final Passage",20,0,0,1,21
538865,277780,0000-00-00,Assembly,"Assembly Final Passage",41,0,0,1,42
538865,286550,0000-00-00,Senate,"Senate Final Passage",20,0,0,1,21
538867,284908,0000-00-00,Senate,"Senate Final Passage",21,0,0,0,21
538867,286506,0000-00-00,Assembly,"Assembly Final Passage",41,0,0,1,42
538868,270040,0000-00-00,Senate,"Senate Final Passage",21,0,0,0,21
538868,283522,0000-00-00,Assembly,"Assembly Final Passage",40,1,0,1,42
538870,276113,0000-00-00,Assembly,"Assembly Final Passage",37,0,0,5,42
538870,283523,0000-00-00,Senate,"Senate Final Passage",21,0,0,0,21
538871,283082,0000-00-00,Assembly,"Assembly Final Passage",39,0,0,3,42
538871,286106,0000-00-00,Senate,"Senate Final Passage",20,0,0,1,21
538872,284260,0000-00-00,Assembly,"Assembly Final Passage",36,3,0,3,42
538872,286094,0000-00-00,Senate,"Senate Final Passage",20,0,0,1,21
538874,276027,0000-00-00,Assembly,"Assembly Final Passage",37,0,0,5,42
538874,283514,0000-00-00,Senate,"Senate Final Passage",21,0,0,0,21
538875,281144,0000-00-00,Senate,"Senate Final Passage",21,0,0,0,21
538875,286289,0000-00-00,Assembly,"Assembly Final Passage",41,0,0,1,42
538878,277713,0000-00-00,Assembly,"Assembly Final Passage",41,0,0,1,42
538878,286609,0000-00-00,Senate,"Senate Final Passage",20,0,0,1,21
538880,265104,0000-00-00,Senate,"Senate Final Passage",21,0,0,0,21
538880,280932,0000-00-00,Assembly,"Assembly Final Passage",39,0,0,3,42
538881,281603,0000-00-00,Assembly,"Assembly Final Passage",37,2,0,3,42
538881,284450,0000-00-00,Senate,"Senate Final Passage",21,0,0,0,21
538882,286029,0000-00-00,Assembly,"Assembly Final Passage",42,0,0,0,42
538882,286318,0000-00-00,Senate,"Senate Final Passage",20,0,0,1,21
538884,264908,0000-00-00,Senate,"Senate Final Passage",21,0,0,0,21
538884,283485,0000-00-00,Assembly,"Assembly Final Passage",40,1,0,1,42
538885,286045,0000-00-00,Senate,"Senate Final Passage",19,0,0,2,21
538885,286552,0000-00-00,Assembly,"Assembly Final Passage",41,0,0,1,42
538887,277828,0000-00-00,Senate,"Senate Final Passage",21,0,0,0,21
538887,284313,0000-00-00,Assembly,"Assembly Final Passage",40,0,0,2,42
538888,269834,0000-00-00,Assembly,"Assembly Final Passage",33,6,0,2,41
538888,283646,0000-00-00,Senate,"Senate Final Passage",21,0,0,0,21
538890,269671,0000-00-00,Assembly,"Assembly Final Passage",39,0,0,2,41
538890,283629,0000-00-00,Senate,"Senate Final Passage",21,0,0,0,21
538892,270737,0000-00-00,Senate,"Senate Final Passage",21,0,0,0,21
538892,283127,0000-00-00,Assembly,"Assembly Final Passage",41,0,0,1,42
538894,265078,0000-00-00,Senate,"Senate Final Passage",14,7,0,0,21
538894,283510,0000-00-00,Assembly,"Assembly Final Passage",26,15,0,1,42
538894,284900,0000-00-00,Assembly,"Assembly Final Passage",40,0,0,1,41
538894,284901,0000-00-00,Senate,"Senate Final Passage",21,0,0,0,21
538895,282351,0000-00-00,Assembly,"Assembly Final Passage",40,1,0,1,42
538895,286316,0000-00-00,Senate,"Senate Final Passage",20,0,0,1,21
538897,283453,0000-00-00,Assembly,"Assembly Final Passage",41,0,0,1,42
538897,286089,0000-00-00,Senate,"Senate Final Passage",20,0,0,1,21
538898,282593,0000-00-00,Assembly,"Assembly Final Passage",41,0,0,1,42
538898,285942,0000-00-00,Senate,"Senate Final Passage",21,0,0,0,21
538898,303075,0000-00-00,Assembly,"Assembly Final Passage",41,0,0,1,42
538898,303076,0000-00-00,Senate,"Senate Final Passage",21,0,0,0,21
538901,270503,0000-00-00,Assembly,"Assembly Final Passage",32,9,0,0,41
538901,283694,0000-00-00,Senate,"Senate Final Passage",18,3,0,0,21
538902,284501,0000-00-00,Senate,"Senate Final Passage",21,0,0,0,21
538902,286501,0000-00-00,Assembly,"Assembly Final Passage",41,0,0,1,42
538904,270014,0000-00-00,Senate,"Senate Final Passage",21,0,0,0,21
538904,283634,0000-00-00,Assembly,"Assembly Final Passage",41,0,0,1,42
538908,280640,0000-00-00,Assembly,"Assembly Final Passage",38,1,0,3,42
538908,285222,0000-00-00,Senate,"Senate Final Passage",11,10,0,0,21
538909,265192,0000-00-00,Senate,"Senate Final Passage",21,0,0,0,21
538909,283607,0000-00-00,Assembly,"Assembly Final Passage",41,0,0,1,42
538911,269864,0000-00-00,Senate,"Senate Final Passage",15,6,0,0,21
538911,283628,0000-00-00,Assembly,"Assembly Final Passage",38,3,0,1,42
538912,277535,0000-00-00,Assembly,"Assembly Final Passage",41,0,0,1,42
538912,286472,0000-00-00,Senate,"Senate Final Passage",20,0,0,1,21
538914,270543,0000-00-00,Assembly,"Assembly Final Passage",39,2,0,0,41
538914,282570,0000-00-00,Senate,"Senate Final Passage",20,1,0,0,21
538915,268248,0000-00-00,Senate,"Senate Final Passage",20,0,0,1,21
538915,283024,0000-00-00,Assembly,"Assembly Final Passage",41,0,0,1,42
538917,276032,0000-00-00,Senate,"Senate Final Passage",21,0,0,0,21
538917,282866,0000-00-00,Assembly,"Assembly Final Passage",41,0,0,1,42
538918,265175,0000-00-00,Senate,"Senate Final Passage",21,0,0,0,21
538918,283142,0000-00-00,Assembly,"Assembly Final Passage",39,1,0,2,42
538919,278395,0000-00-00,Senate,"Senate Final Passage",21,0,0,0,21
538919,286587,0000-00-00,Assembly,"Assembly Final Passage",41,0,0,1,42
538921,286267,0000-00-00,Assembly,"Assembly Final Passage",40,1,0,1,42
538921,286565,0000-00-00,Senate,"Senate Final Passage",20,0,0,1,21
538922,269804,0000-00-00,Senate,"Senate Final Passage",21,0,0,0,21
538922,283031,0000-00-00,Assembly,"Assembly Final Passage",40,0,0,2,42
538924,284457,0000-00-00,Senate,"Senate Final Passage",15,6,0,0,21
538924,286297,0000-00-00,Assembly,"Assembly Final Passage",41,0,0,1,42
541312,257730,0000-00-00,Senate,"Senate Final Passage",21,0,0,0,21
541312,274038,0000-00-00,Assembly,"Assembly Final Passage",37,3,0,2,42
547357,269603,0000-00-00,Senate,"Senate Final Passage",21,0,0,0,21
547357,272889,0000-00-00,Assembly,"Assembly Final Passage",40,0,0,2,42
551982,280709,0000-00-00,Senate,"Senate Final Passage",19,0,0,2,21
552025,281684,0000-00-00,Assembly,"Assembly Final Passage",39,0,0,3,42
552025,285927,0000-00-00,Senate,"Senate Final Passage",21,0,0,0,21
553364,284296,0000-00-00,Senate,"Senate Final Passage",21,0,0,0,21
553364,286259,0000-00-00,Assembly,"Assembly Final Passage",40,1,0,1,42
554356,286081,0000-00-00,Senate,"Senate Final Passage",19,0,0,2,21
554356,286317,0000-00-00,Assembly,"Assembly Final Passage",42,0,0,0,42
555288,285455,0000-00-00,Assembly,"Assembly Final Passage",40,1,0,1,42
555288,286487,0000-00-00,Senate,"Senate Final Passage",20,0,0,1,21
555805,285904,0000-00-00,Senate,"Senate Final Passage",20,1,0,0,21
556118,284827,0000-00-00,Senate,"Senate Final Passage",21,0,0,0,21
556118,286277,0000-00-00,Assembly,"Assembly Final Passage",41,0,0,1,42
556128,284824,0000-00-00,Senate,"Senate Final Passage",21,0,0,0,21
556128,286479,0000-00-00,Assembly,"Assembly Final Passage",41,0,0,1,42
556859,286090,0000-00-00,Assembly,"Assembly Final Passage",42,0,0,0,42
556859,286516,0000-00-00,Senate,"Senate Final Passage",20,0,0,1,21
556896,286467,0000-00-00,Assembly,"Assembly Final Passage",41,1,0,0,42
556896,286616,0000-00-00,Senate,"Senate Final Passage",20,0,0,1,21
557119,286263,0000-00-00,Assembly,"Assembly Final Passage",39,2,0,1,42
557119,286486,0000-00-00,Senate,"Senate Final Passage",20,0,0,1,21
557152,286268,0000-00-00,Assembly,"Assembly Final Passage",41,0,0,1,42
557152,286525,0000-00-00,Senate,"Senate Final Passage",20,0,0,1,21
557184,286246,0000-00-00,Assembly,"Assembly Final Passage",40,1,0,1,42
557184,286480,0000-00-00,Senate,"Senate Final Passage",16,4,0,1,21
557379,286241,0000-00-00,Senate,"Senate Final Passage",20,0,0,1,21
557379,286464,0000-00-00,Assembly,"Assembly Final Passage",40,2,0,0,42
557381,286242,0000-00-00,Assembly,"Assembly Final Passage",41,0,0,1,42
557381,286460,0000-00-00,Senate,"Senate Final Passage",20,0,0,1,21
557405,286238,0000-00-00,Assembly,"Assembly Final Passage",40,1,0,1,42
557405,286424,0000-00-00,Senate,"Senate Final Passage",20,0,0,1,21
557406,286270,0000-00-00,Assembly,"Assembly Final Passage",40,0,0,2,42
557406,286545,0000-00-00,Senate,"Senate Final Passage",20,0,0,1,21
557408,286271,0000-00-00,Senate,"Senate Final Passage",20,0,0,1,21
557408,286375,0000-00-00,Assembly,"Assembly Final Passage",38,4,0,0,42
