bill_id,session_id,bill_number,status,status_desc,status_date,title,description,committee_id,committee,last_action_date,last_action,url,state_link
1533213,1946,AB1,4,Passed,2021-11-16,"Revises provisions relating to elections. (BDR 34-8)","AN ACT relating to elections; revising the districts from which the members of the Board of Regents of the University of Nevada are elected; temporarily revising the deadline for a candidate for judicial office to file a declaration of candidacy; and providing other matters properly relating thereto.",0,,2021-11-16,"Approved by the Governor. Chapter 2.",https://legiscan.com/NV/bill/AB1/2021/X1,https://www.leg.state.nv.us/App/NELIS/REL/33rd2021Special/Bill/8361/Overview
1533215,1946,AR1,4,Passed,2021-11-15,"Provides that no allowances will be paid for the 33rd Special Session of the Nevada Legislature for periodicals, stamps, stationery or communications. (BDR R-7)","Providing that no allowances will be paid for the 33rd Special Session of the Nevada Legislature for periodicals, stamps, stationery or communications.",0,,2021-11-15,"File No. 4.",https://legiscan.com/NV/bill/AR1/2021/X1,https://www.leg.state.nv.us/App/NELIS/REL/33rd2021Special/Bill/8358/Overview
1533434,1946,AR2,4,Passed,2021-11-17,"Memorializes the late Reverend Richard Dick Snyder. (BDR R-10)","Memorializing the late Reverend Richard Dick Snyder.",0,,2021-11-17,"File No. 7.",https://legiscan.com/NV/bill/AR2/2021/X1,https://www.leg.state.nv.us/App/NELIS/REL/33rd2021Special/Bill/8362/Overview
1533744,1946,AR3,4,Passed,2021-11-17,"Expresses appreciation to the Assembly staff for their service during the 33rd Special Session of the Nevada Legislature. (BDR R-14)","Expressing appreciation to the Assembly staff for their service during the 33rd Special Session of the Nevada Legislature.",0,,2021-11-17,"File No. 8.",https://legiscan.com/NV/bill/AR3/2021/X1,https://www.leg.state.nv.us/App/NELIS/REL/33rd2021Special/Bill/8365/Overview
1533679,1946,AR4,4,Passed,2021-11-17,"Expresses appreciation to the staff of the Legislative Counsel Bureau for their service during the 33rd Special Session of the Nevada Legislature. (BDR R-15)","Expressing appreciation to the staff of the Legislative Counsel Bureau for their service during the 33rd Special Session of the Nevada Legislature.",0,,2021-11-17,"File No. 9.",https://legiscan.com/NV/bill/AR4/2021/X1,https://www.leg.state.nv.us/App/NELIS/REL/33rd2021Special/Bill/8366/Overview
1533216,1946,ACR1,4,Passed,2021-11-16,"Adopts the Joint Rules of the Senate and Assembly for the 33rd Special Session of the Nevada Legislature. (BDR R-3)","Adopting the Joint Rules of the Senate and Assembly for the 33rd Special Session of the Nevada Legislature.",0,,2021-11-16,"File No. 5.",https://legiscan.com/NV/bill/ACR1/2021/X1,https://www.leg.state.nv.us/App/NELIS/REL/33rd2021Special/Bill/8359/Overview
1533723,1946,ACR2,4,Passed,2021-11-17,"Memorializes former State Senator and Congressman James Hubert Bilbray. (BDR R-11)","Memorializing former State Senator and Congressman James Hubert Bilbray.",0,,2021-11-17,"File No. 6.",https://legiscan.com/NV/bill/ACR2/2021/X1,https://www.leg.state.nv.us/App/NELIS/REL/33rd2021Special/Bill/8363/Overview
1533214,1946,SB1,4,Passed,2021-11-16,"Revises the election districts for members of the Legislature, members of the State Board of Education and Representatives in Congress and the petition districts for certain statewide initiatives or referendums. (BDR 17-9)","AN ACT relating to elections; revising the districts from which members of the Legislature, members of the State Board of Education and Representatives in Congress are elected; revising the petition districts for certain initiatives or referendums proposing statewide ballot measures; authorizing the Chair of the Legislative Commission to direct the Legislative Counsel Bureau to contract for professional and other services for certain actions or proceedings relating to election or petition districts; and providing other matters properly relating thereto.",0,,2021-11-16,"Approved by the Governor. Chapter 1.",https://legiscan.com/NV/bill/SB1/2021/X1,https://www.leg.state.nv.us/App/NELIS/REL/33rd2021Special/Bill/8360/Overview
1533217,1946,SR1,4,Passed,2021-11-15,"Adopts the Rules of the Senate for the 33rd Special Session of the Nevada Legislature. (BDR R-1)","Adopting the Rules of the Senate for the 33rd Special Session of the Nevada Legislature.",0,,2021-11-15,"File No. 1.",https://legiscan.com/NV/bill/SR1/2021/X1,https://www.leg.state.nv.us/App/NELIS/REL/33rd2021Special/Bill/8354/Overview
1533218,1946,SR2,4,Passed,2021-11-15,"Provides that no allowances will be paid for the 33rd Special Session of the Nevada Legislature for periodicals, stamps, stationery or communications. (BDR R-6)","Providing that no allowances will be paid for the 33rd Special Session of the Nevada Legislature for periodicals, stamps, stationery or communications.",0,,2021-11-15,"File No. 2.",https://legiscan.com/NV/bill/SR2/2021/X1,https://www.leg.state.nv.us/App/NELIS/REL/33rd2021Special/Bill/8356/Overview
1533212,1946,SR3,4,Passed,2021-11-15,"Recognizes the appointment of the Senate staff. (BDR R-4)","Recognizing the appointment of the Senate staff.",0,,2021-11-15,"File No. 3.",https://legiscan.com/NV/bill/SR3/2021/X1,https://www.leg.state.nv.us/App/NELIS/REL/33rd2021Special/Bill/8357/Overview
1534166,1946,SR4,4,Passed,2021-11-17,"Expresses appreciation to the Senate staff for their service during the 33rd Special Session of the Nevada Legislature. (BDR R-12)","Expressing appreciation to the Senate staff for their service during the 33rd Special Session of the Nevada Legislature.",0,,2021-11-17,"File No. 10.",https://legiscan.com/NV/bill/SR4/2021/X1,https://www.leg.state.nv.us/App/NELIS/REL/33rd2021Special/Bill/8364/Overview
1533701,1946,SR5,4,Passed,2021-11-17,"Expresses appreciation to the staff of the Legislative Counsel Bureau for their service during the 33rd Special Session of the Nevada Legislature. (BDR R-13)","Expressing appreciation to the staff of the Legislative Counsel Bureau for their service during the 33rd Special Session of the Nevada Legislature.",0,,2021-11-17,"File No. 11.",https://legiscan.com/NV/bill/SR5/2021/X1,https://www.leg.state.nv.us/App/NELIS/REL/33rd2021Special/Bill/8367/Overview
