bill_id,document_id,document_type,document_size,document_mime,document_desc,url,state_link
1533213,2449509,text,2680325,application/pdf,Introduced,https://legiscan.com/NV/text/AB1/id/2449509,https://www.leg.state.nv.us/Session/33rd2021Special/Bills/AB/AB1.pdf
1533213,2449774,text,2631787,application/pdf,Enrolled,https://legiscan.com/NV/text/AB1/id/2449774,https://www.leg.state.nv.us/Session/33rd2021Special/Bills/AB/AB1_EN.pdf
1533215,2449511,text,127749,application/pdf,Introduced,https://legiscan.com/NV/text/AR1/id/2449511,https://www.leg.state.nv.us/Session/33rd2021Special/Bills/AR/AR1.pdf
1533215,2449579,text,113441,application/pdf,Enrolled,https://legiscan.com/NV/text/AR1/id/2449579,https://www.leg.state.nv.us/Session/33rd2021Special/Bills/AR/AR1_EN.pdf
1533434,2449773,text,137088,application/pdf,Introduced,https://legiscan.com/NV/text/AR2/id/2449773,https://www.leg.state.nv.us/Session/33rd2021Special/Bills/AR/AR2.pdf
1533434,2450200,text,126198,application/pdf,Enrolled,https://legiscan.com/NV/text/AR2/id/2450200,https://www.leg.state.nv.us/Session/33rd2021Special/Bills/AR/AR2_EN.pdf
1533744,2450163,text,137084,application/pdf,Introduced,https://legiscan.com/NV/text/AR3/id/2450163,https://www.leg.state.nv.us/Session/33rd2021Special/Bills/AR/AR3.pdf
1533744,2450164,text,125384,application/pdf,Enrolled,https://legiscan.com/NV/text/AR3/id/2450164,https://www.leg.state.nv.us/Session/33rd2021Special/Bills/AR/AR3_EN.pdf
1533679,2450092,text,137978,application/pdf,Introduced,https://legiscan.com/NV/text/AR4/id/2450092,https://www.leg.state.nv.us/Session/33rd2021Special/Bills/AR/AR4.pdf
1533679,2450093,text,126813,application/pdf,Enrolled,https://legiscan.com/NV/text/AR4/id/2450093,https://www.leg.state.nv.us/Session/33rd2021Special/Bills/AR/AR4_EN.pdf
1533216,2449512,text,295018,application/pdf,Introduced,https://legiscan.com/NV/text/ACR1/id/2449512,https://www.leg.state.nv.us/Session/33rd2021Special/Bills/ACR/ACR1.pdf
1533216,2449578,text,278441,application/pdf,Enrolled,https://legiscan.com/NV/text/ACR1/id/2449578,https://www.leg.state.nv.us/Session/33rd2021Special/Bills/ACR/ACR1_EN.pdf
1533723,2450141,text,142021,application/pdf,Introduced,https://legiscan.com/NV/text/ACR2/id/2450141,https://www.leg.state.nv.us/Session/33rd2021Special/Bills/ACR/ACR2.pdf
1533723,2450142,text,128308,application/pdf,Enrolled,https://legiscan.com/NV/text/ACR2/id/2450142,https://www.leg.state.nv.us/Session/33rd2021Special/Bills/ACR/ACR2_EN.pdf
1533214,2449510,text,12119872,application/pdf,Introduced,https://legiscan.com/NV/text/SB1/id/2449510,https://www.leg.state.nv.us/Session/33rd2021Special/Bills/SB/SB1.pdf
1533214,2449727,text,12112231,application/pdf,Amended,https://legiscan.com/NV/text/SB1/id/2449727,https://www.leg.state.nv.us/Session/33rd2021Special/Bills/SB/SB1_R1.pdf
1533214,2450199,text,12042765,application/pdf,Enrolled,https://legiscan.com/NV/text/SB1/id/2450199,https://www.leg.state.nv.us/Session/33rd2021Special/Bills/SB/SB1_EN.pdf
1533217,2449513,text,354118,application/pdf,Introduced,https://legiscan.com/NV/text/SR1/id/2449513,https://www.leg.state.nv.us/Session/33rd2021Special/Bills/SR/SR1.pdf
1533217,2449573,text,330908,application/pdf,Enrolled,https://legiscan.com/NV/text/SR1/id/2449573,https://www.leg.state.nv.us/Session/33rd2021Special/Bills/SR/SR1_EN.pdf
1533218,2449514,text,127838,application/pdf,Introduced,https://legiscan.com/NV/text/SR2/id/2449514,https://www.leg.state.nv.us/Session/33rd2021Special/Bills/SR/SR2.pdf
1533218,2449575,text,112915,application/pdf,Enrolled,https://legiscan.com/NV/text/SR2/id/2449575,https://www.leg.state.nv.us/Session/33rd2021Special/Bills/SR/SR2_EN.pdf
1533212,2449508,text,128930,application/pdf,Introduced,https://legiscan.com/NV/text/SR3/id/2449508,https://www.leg.state.nv.us/Session/33rd2021Special/Bills/SR/SR3.pdf
1533212,2449574,text,114670,application/pdf,Enrolled,https://legiscan.com/NV/text/SR3/id/2449574,https://www.leg.state.nv.us/Session/33rd2021Special/Bills/SR/SR3_EN.pdf
1534166,2450635,text,135385,application/pdf,Introduced,https://legiscan.com/NV/text/SR4/id/2450635,https://www.leg.state.nv.us/Session/33rd2021Special/Bills/SR/SR4.pdf
1534166,2450636,text,123936,application/pdf,Enrolled,https://legiscan.com/NV/text/SR4/id/2450636,https://www.leg.state.nv.us/Session/33rd2021Special/Bills/SR/SR4_EN.pdf
1533701,2450116,text,136417,application/pdf,Introduced,https://legiscan.com/NV/text/SR5/id/2450116,https://www.leg.state.nv.us/Session/33rd2021Special/Bills/SR/SR5.pdf
1533701,2450117,text,125647,application/pdf,Enrolled,https://legiscan.com/NV/text/SR5/id/2450117,https://www.leg.state.nv.us/Session/33rd2021Special/Bills/SR/SR5_EN.pdf
1533214,120743,amendment,15558094,application/pdf,"Assemebly Amendment 2",https://legiscan.com/NV/amendment/SB1/id/120743,https://www.leg.state.nv.us/Session/33rd2021Special/Bills/Amendments/A_SB1_2.pdf
