bill_id,date,chamber,sequence,action
1533212,2021-11-12,Senate,1,"Resolution read and adopted. To printer."
1533212,2021-11-13,Senate,2,"From printer."
1533212,2021-11-13,Senate,3,"To enrollment."
1533212,2021-11-15,Senate,4,"Enrolled and delivered to Secretary of State."
1533212,2021-11-15,Senate,5,"File No. 3."
1533213,2021-11-12,Assembly,1,"Read first time. Referred to Select Committee on Redistricting and Elections. To printer."
1533213,2021-11-12,Assembly,2,"From printer. To committee."
1533213,2021-11-13,Assembly,3,"From committee: Do pass."
1533213,2021-11-13,Assembly,4,"Placed on Second Reading File."
1533213,2021-11-13,Assembly,5,"Read second time."
1533213,2021-11-14,Assembly,6,"Read third time. Passed. Title approved. (Yeas: 40, Nays: None, Excused: 2.) To Senate."
1533213,2021-11-14,Senate,7,"In Senate."
1533213,2021-11-14,Senate,8,"Read first time. Referred to Select Committee on Redistricting and Elections. To committee."
1533213,2021-11-14,Senate,9,"From committee: Do pass. Declared an emergency measure under the Constitution."
1533213,2021-11-14,Senate,10,"Read third time. Passed. Title approved. (Yeas: 21, Nays: None.) To Assembly."
1533213,2021-11-15,Assembly,11,"In Assembly. To enrollment."
1533213,2021-11-16,Assembly,12,"Enrolled and delivered to Governor."
1533213,2021-11-16,Assembly,13,"Approved by the Governor. Chapter 2."
1533214,2021-11-12,Senate,1,"Read first time. Referred to Select Committee on Redistricting and Elections. To printer."
1533214,2021-11-13,Senate,2,"From printer. To committee."
1533214,2021-11-13,Senate,3,"From committee: Do pass. Placed on Second Reading."
1533214,2021-11-13,Senate,4,"Read second time."
1533214,2021-11-14,Senate,5,"Read third time. Passed. Title approved. (Yeas: 12, Nays: 9.) To Assembly."
1533214,2021-11-14,Assembly,6,"In Assembly."
1533214,2021-11-14,Assembly,7,"Read first time. Referred to Select Committee on Redistricting and Elections."
1533214,2021-11-14,Assembly,8,"To committee."
1533214,2021-11-15,Assembly,9,"From committee: Amend, and do pass as amended."
1533214,2021-11-15,Assembly,10,"Placed on Second Reading File."
1533214,2021-11-15,Assembly,11,"Read second time. Amended. (Amend. No. 2.) To printer."
1533214,2021-11-16,Assembly,12,"From printer. To engrossment. Engrossed. First reprint."
1533214,2021-11-16,Assembly,13,"Read third time. Passed, as amended. Title approved. (Yeas: 25, Nays: 17.) To Senate."
1533214,2021-11-16,Senate,14,"In Senate."
1533214,2021-11-16,Senate,15,"Assembly Amendment No. 2 concurred in. To enrollment."
1533214,2021-11-16,Senate,16,"Enrolled and delivered to Governor."
1533214,2021-11-16,Senate,17,"Approved by the Governor. Chapter 1."
1533215,2021-11-12,Assembly,1,"Resolution read and adopted. To printer."
1533215,2021-11-13,Assembly,2,"From printer. To enrollment."
1533215,2021-11-15,Assembly,3,"Enrolled and delivered to Secretary of State."
1533215,2021-11-15,Assembly,4,"File No. 4."
1533216,2021-11-12,Assembly,1,"Resolution read and adopted. To Senate."
1533216,2021-11-12,Senate,2,"In Senate."
1533216,2021-11-12,Senate,3,"Resolution read and adopted. To Assembly."
1533216,2021-11-13,Assembly,4,"In Assembly. To printer."
1533216,2021-11-13,Assembly,5,"From printer. To enrollment."
1533216,2021-11-16,Assembly,6,"Enrolled and delivered to Secretary of State."
1533216,2021-11-16,Assembly,7,"File No. 5."
1533217,2021-11-12,Senate,1,"Resolution read and adopted. To printer."
1533217,2021-11-13,Senate,2,"From printer."
1533217,2021-11-13,Senate,3,"To enrollment."
1533217,2021-11-15,Senate,4,"Enrolled and delivered to Secretary of State."
1533217,2021-11-15,Senate,5,"File No. 1."
1533218,2021-11-12,Senate,1,"Resolution read and adopted. To printer."
1533218,2021-11-13,Senate,2,"From printer."
1533218,2021-11-13,Senate,3,"To enrollment."
1533218,2021-11-15,Senate,4,"Enrolled and delivered to Secretary of State."
1533218,2021-11-15,Senate,5,"File No. 2."
1533434,2021-11-15,Assembly,1,"Resolution read and adopted. To printer."
1533434,2021-11-16,Assembly,2,"From printer. To enrollment."
1533434,2021-11-17,Assembly,3,"Enrolled and delivered to Secretary of State."
1533434,2021-11-17,Assembly,4,"File No. 7."
1533679,2021-11-16,Assembly,1,"Resolution read and adopted. To printer."
1533679,2021-11-16,Assembly,2,"From printer. To enrollment."
1533679,2021-11-17,Assembly,3,"Enrolled and delivered to Secretary of State."
1533679,2021-11-17,Assembly,4,"File No. 9."
1533701,2021-11-16,Senate,1,"Resolution read and adopted. To printer."
1533701,2021-11-16,Senate,2,"From printer. To enrollment."
1533701,2021-11-17,Senate,3,"Enrolled and delivered to Secretary of State."
1533701,2021-11-17,Senate,4,"File No. 11."
1533723,2021-11-16,Assembly,1,"Resolution read and adopted. To Senate."
1533723,2021-11-16,Senate,2,"In Senate."
1533723,2021-11-16,Senate,3,"Resolution read and adopted. To Assembly."
1533723,2021-11-16,Assembly,4,"In Assembly. To printer."
1533723,2021-11-16,Assembly,5,"From printer. To enrollment."
1533723,2021-11-17,Assembly,6,"Enrolled and delivered to Secretary of State."
1533723,2021-11-17,Assembly,7,"File No. 6."
1533744,2021-11-16,Assembly,1,"Resolution read and adopted. To printer."
1533744,2021-11-16,Assembly,2,"From printer. To enrollment."
1533744,2021-11-17,Assembly,3,"Enrolled and delivered to Secretary of State."
1533744,2021-11-17,Assembly,4,"File No. 8."
1534166,2021-11-16,Senate,1,"Resolution read and adopted. To printer."
1534166,2021-11-16,Senate,2,"From printer. To enrollment."
1534166,2021-11-17,Senate,3,"Enrolled and delivered to Secretary of State."
1534166,2021-11-17,Senate,4,"File No. 10."
