people_id,name,first_name,middle_name,last_name,suffix,nickname,party_id,party,role_id,role,district,followthemoney_eid,votesmart_id,opensecrets_id,ballotpedia,knowwho_pid,committee_id
8466,"Heidi Gansert",Heidi,,Gansert,,,2,R,2,Sen,SD-015,6665877,43958,,Heidi_Gansert,227679,0
8469,"Joseph Hardy",Joseph,,Hardy,,Joe,2,R,2,Sen,SD-012,6596468,43876,,Joseph_Hardy,211795,0
8470,"James Settelmeyer",James,Arnold,Settelmeyer,,,2,R,2,Sen,SD-017,6670193,67461,,James_Settelmeyer,249440,0
8493,"Richard McArthur",Richard,,McArthur,,,2,R,1,Rep,HD-004,6665888,44008,,Richard_McArthur,272128,0
8496,"Marilyn Dondero Loop",Marilyn,,"Dondero Loop",,,1,D,2,Sen,SD-008,6491157,106888,,Marilyn_Dondero_Loop,407374,0
8500,"James Ohrenschall",James,,Ohrenschall,,,1,D,2,Sen,SD-021,6476751,66853,,James_Ohrenschall,249423,0
8502,"Moises Denis",Moises,,Denis,,Mo,1,D,2,Sen,SD-002,6464977,43820,,Moises_Denis,227681,0
8506,"Maggie Carlton",Maggie,,Carlton,,,1,D,1,Rep,HD-014,6395718,22822,,Maggie_Carlton,197518,0
8518,"Pete Goicoechea",Pete,,Goicoechea,,,2,R,2,Sen,SD-019,6596444,43974,,Peter_Goicoechea,211801,0
12184,"Legislative Operations and Elections",,,,,,0,,1,Rep,,0,0,,,0,2103
12199,"John Ellison",John,,Ellison,,,2,R,1,Rep,HD-033,13009106,90566,,John_Ellison,294536,0
12200,"Ira Hansen",Ira,,Hansen,,,2,R,2,Sen,SD-014,6686502,121908,,Ira_Hansen,292353,0
12202,"Jason Frierson",Jason,,Frierson,,,1,D,1,Rep,HD-008,13009013,121835,,Jason_Frierson,309928,0
12209,"Teresa Benitez-Thompson",Teresa,,Benitez-Thompson,,,1,D,1,Rep,HD-027,6508382,121895,,Teresa_Benitez-Thompson,310106,0
12212,"Scott Hammond",Scott,,Hammond,,,2,R,2,Sen,SD-018,6639723,121853,,Scott_Hammond,309986,0
12213,"Dina Neal",Dina,,Neal,,,1,D,2,Sen,SD-004,13009010,121828,,Dina_Neal,309643,0
15869,"Lesley Cohen",Lesley,E.,Cohen,,,1,D,1,Rep,HD-029,9714575,144671,,Lesley_Cohen,446921,0
15877,"Jim Wheeler",Jim,,Wheeler,,,2,R,1,Rep,HD-039,6686531,121918,,Jim_Wheeler,293501,0
15881,"Patricia Spearman",Patricia,,Spearman,,Pat,1,D,2,Sen,SD-001,13789978,137684,,Patricia_Spearman,407281,0
17444,"Robin Titus",Robin,L.,Titus,,,2,R,1,Rep,HD-038,9686236,151015,,Robin_Titus,285979,0
17446,"Jill Dickman",Jill,,Dickman,,,2,R,1,Rep,HD-031,23594371,152682,,Jill_Dickman,490323,0
17518,"Edgar Flores",Edgar,,Flores,,,1,D,1,Rep,HD-028,23594326,152832,,Edgar_Flores,491441,0
17522,"Philip O'Neill",Philip,,O'Neill,,"P. K.",2,R,1,Rep,HD-040,23594352,151021,,Philip_O%27Neill,490331,0
17976,"Julia Ratti",Julia,,Ratti,,,1,D,2,Sen,SD-013,9689751,111905,,Julia_Ratti,574105,0
19219,"Keith Pickard",Keith,,Pickard,,,2,R,2,Sen,SD-020,39827602,169563,,Keith_Pickard,574143,0
19220,"Nicole Cannizzaro",Nicole,,Cannizzaro,,,1,D,2,Sen,SD-006,39827448,169489,,Nicole_Cannizzaro,574111,0
19221,"Shannon Bilbray-Axelrod",Shannon,,Bilbray-Axelrod,,,1,D,1,Rep,HD-034,39827435,169567,,Shannon_Bilbray-Axelrod,279961,0
19222,"Chris Brooks",Chris,,Brooks,,,1,D,2,Sen,SD-003,9693988,169534,,Chris_Brooks,574130,0
19224,"Sandra Jauregui",Sandra,,Jauregui,,,1,D,1,Rep,HD-041,39827532,169582,,Sandra_Jauregui,338681,0
19226,"Lisa Krasner",Lisa,,Krasner,,,2,R,1,Rep,HD-026,23594320,155017,,Lisa_Krasner,490319,0
19229,"Brittney Miller",Brittney,,Miller,,,1,D,1,Rep,HD-005,39827574,169513,,Brittney_Miller,574124,0
19230,"Daniele Monroe-Moreno",Daniele,,Monroe-Moreno,,,1,D,1,Rep,HD-001,24821003,169498,,Daniele_Monroe-Moreno,574116,0
19231,"Jill Tolles",Jill,,Tolles,,,2,R,1,Rep,HD-025,9699701,169675,,Jill_Tolles,574393,0
19233,"Steve Yeager",Steve,,Yeager,,,1,D,1,Rep,HD-009,20540066,152786,,Steve_Yeager,490284,0
21171,"Dallas Harris",Dallas,,Harris,,,1,D,2,Sen,SD-011,47065007,186124,,Dallas_Harris,689868,0
21172,"Melanie Scheible",Melanie,Lyn,Scheible,,,1,D,2,Sen,SD-009,45285521,180937,,Melanie_Scheible,669433,0
21175,"Bea Duran",Beatrice,,Duran,,Bea,1,D,1,Rep,HD-011,49742581,186121,,Beatrice_Duran,693563,0
21176,"Michelle Gorelow",Michelle,Suzanne,Gorelow,,,1,D,1,Rep,HD-035,6508308,121851,,Michelle_Gorelow,659373,0
21177,"Gregory Hafen",Gregory,T.,Hafen,II,,2,R,1,Rep,HD-036,40612305,186122,,Gregory_Hafen,693559,0
21178,"Alexis Hansen",Alexis,M.,Hansen,,,2,R,1,Rep,HD-032,44890960,180994,,Alexis_Hansen,659230,0
21179,"Melissa Hardy",Melissa,,Hardy,,,2,R,1,Rep,HD-022,45285463,180981,,Melissa_Hardy,659362,0
21180,"Glen Leavitt",Glen,Kaimi,Leavitt,,,2,R,1,Rep,HD-023,45285482,180983,,Glen_Leavitt,659364,0
21181,"Susan Martinez",Susan,,Martinez,,Susie,1,D,1,Rep,HD-012,45285490,180968,,Susan_Martinez,659338,0
21183,"Sarah Peters",Sarah,Crystin,Peters,,,1,D,1,Rep,HD-024,45285511,180988,,Sarah_Peters,659235,0
21184,"Thomas Roberts",Thomas,A.,Roberts,,Tom,2,R,1,Rep,HD-013,45285517,180972,,Tom_Roberts,659344,0
21185,"Selena Torres",Selena,Elizabeth,Torres,,,1,D,1,Rep,HD-003,45285543,180952,,Selena_Torres,659267,0
21186,"Howard Watts",Howard,,Watts,III,,1,D,1,Rep,HD-015,45285551,180976,,Howard_Watts_III,659350,0
21252,"Rochelle Nguyen",Rochelle,,Nguyen,,,1,D,1,Rep,HD-010,47065008,186123,,Rochelle_Nguyen,693565,0
22753,"Carrie Buck",Carrie,Ann,Buck,,,2,R,2,Sen,SD-005,39827444,169487,,Carrie_Buck_(Nevada),574109,0
22754,"Roberta Lange",Roberta,Ann,Lange,,,1,D,2,Sen,SD-007,9685811,191084,,Roberta_Lange,735843,0
22756,"Cecelia Gonzalez",Cecelia,,Gonzalez,,,1,D,1,Rep,HD-016,49742594,191131,,Cecelia_González,735962,0
22757,"Natha Anderson",Natha,C.,Anderson,,,1,D,1,Rep,HD-030,49742670,191357,,Natha_Anderson,735970,0
22758,"David Orentlicher",David,,Orentlicher,,,1,D,1,Rep,HD-020,13000434,33994,,David_Orentlicher_(Nevada),212320,0
22768,"Andy Matthews",Andy,,Matthews,,,2,R,1,Rep,HD-037,39827568,166263,,Andy_Matthews,547734,0
22769,"Heidi Kasama",Heidi,W.,Kasama,,,2,R,1,Rep,HD-002,18780959,191090,,Heidi_Kasama,735895,0
22797,"Annie Black",Ann,,Black,,Annie,2,R,1,Rep,HD-019,6691425,121815,,Annie_Black,735980,0
22798,"Venicia Considine",Venicia,,Considine,,,1,D,1,Rep,HD-018,13009055,107008,,Venicia_Considine,735974,0
22828,"Tracy Brown-May",Tracy,,Brown-May,,,1,D,1,Rep,HD-042,0,195813,,Tracy_Brown-May,766387,0
22829,"Elaine Marzola",Elaine,,Marzola,,,1,D,1,Rep,HD-021,49742613,191161,,Elaine_Marzola,735991,0
22830,"Cameron Miller",Cameron,,Miller,,"C H",1,D,1,Rep,HD-007,49742570,191103,,Cameron_Miller,735928,0
22831,"Shondra Summers-Armstrong",Shondra,,Summers-Armstrong,,,1,D,1,Rep,HD-006,49742567,191102,,Shondra_Summers-Armstrong,735927,0
22832,"Clara Thomas",Clara,,Thomas,,Claire,1,D,1,Rep,HD-017,49742598,191136,,Clara_Thomas,735973,0
22839,"Fabian Donate",Fabian,,Donate,,,1,D,2,Sen,SD-010,0,195789,,Fabian_Donate,766386,0
22973,"Select Committee on Redistricting and Elections",,,,,,0,,1,Rep,,0,0,,,0,4561
22974,"Select Committee on Redistricting and Elections",,,,,,0,,2,Sen,,0,0,,,0,4562
22975,"Don Tatro",Don,,Tatro,,,2,R,2,Sen,SD-016,0,0,,,0,0
