bill_id,roll_call_id,date,chamber,description,yea,nay,nv,absent,total
1374983,974635,2020-07-31,Assembly,"Assembly Final Passage",29,12,0,1,42
1374985,974636,2020-07-31,Assembly,"Assembly Final Passage",31,10,0,1,42
1374985,974672,2020-08-02,Senate,"Senate Final Passage",18,3,0,0,21
1374989,974637,2020-07-31,Assembly,"Assembly Final Passage",40,1,0,1,42
1374989,974675,2020-08-02,Senate,"Senate Final Passage",15,6,0,0,21
1374991,974676,2020-08-02,Senate,"Senate Final Passage",18,3,0,0,21
1374991,974735,2020-08-03,Assembly,"Assembly Final Passage",38,4,0,0,42
1374992,974651,2020-08-01,Assembly,"Assembly Final Passage",38,4,0,0,42
1374992,974737,2020-08-03,Senate,"Senate Final Passage",19,2,0,0,21
1375034,974638,2020-07-31,Assembly,"Assembly Final Passage",29,12,0,1,42
1375034,974670,2020-08-02,Senate,"Senate Final Passage",13,8,0,0,21
1375035,974649,2020-08-01,Senate,"Senate Final Passage",13,8,0,0,21
1375035,974674,2020-08-02,Assembly,"Assembly Final Passage",25,17,0,0,42
1375037,974669,2020-08-02,Assembly,"Assembly Final Passage",29,13,0,0,42
1375037,974677,2020-08-02,Senate,"Senate Final Passage",13,8,0,0,21
1375075,974772,2020-08-03,Senate,"Senate Final Passage",13,8,0,0,21
1375075,974790,2020-08-04,Assembly,"Assembly Final Passage",25,17,0,0,42
1375076,974678,2020-08-02,Assembly,"Assembly Final Passage",29,13,0,0,42
1375076,974679,2020-08-02,Senate,"Senate Final Passage",14,7,0,0,21
1375077,974771,2020-08-04,Senate,"Senate Final Passage",21,0,0,0,21
1375077,974847,2020-08-04,Assembly,"Assembly Final Passage",41,1,0,0,42
1375123,974859,2020-08-05,Senate,"Senate Final Passage",16,5,0,0,21
1375123,974918,2020-08-05,Assembly,"Assembly Final Passage",31,10,0,1,42
