bill_id,session_id,bill_number,status,status_desc,status_date,title,description,committee_id,committee,last_action_date,last_action,url,state_link
415293,524,AB1,0,,,"Requires certain employers to electronically transfer to the State certain income withheld from employees pursuant to support orders. (BDR 3-10)","Requires certain employers to electronically transfer to the State certain income withheld from employees pursuant to support orders. (BDR 3-10)",0,,,,https://legiscan.com/NV/bill/AB1/2010/X2,http://www.leg.state.nv.us/26th2010Special/Reports/history.cfm?ID=9
415377,524,AB2,0,,,"Authorizes deviation from the required hours of operation for county offices under certain circumstances. (BDR 23-14)","Authorizes deviation from the required hours of operation for county offices under certain circumstances. (BDR 23-14)",0,,,,https://legiscan.com/NV/bill/AB2/2010/X2,http://www.leg.state.nv.us/26th2010Special/Reports/history.cfm?ID=10
415459,524,AB3,0,,,"Revises provisions relating to state financial administration. (BDR 10-28)","Revises provisions relating to state financial administration. (BDR 10-28)",0,,,,https://legiscan.com/NV/bill/AB3/2010/X2,http://www.leg.state.nv.us/26th2010Special/Reports/history.cfm?ID=14
415540,524,AB4,0,,,"Temporarily provides flexibility for school districts from the requirements of class-size reduction. (BDR S-37)","Temporarily provides flexibility for school districts from the requirements of class-size reduction. (BDR S-37)",0,,,,https://legiscan.com/NV/bill/AB4/2010/X2,http://www.leg.state.nv.us/26th2010Special/Reports/history.cfm?ID=16
415624,524,AB5,0,,,"Provides a temporary waiver from the minimum textbook expenditure requirements for all school districts, charter schools and university schools for profoundly gifted pupils. (BDR S-17)","Provides a temporary waiver from the minimum textbook expenditure requirements for all school districts, charter schools and university schools for profoundly gifted pupils. (BDR S-17)",0,,,,https://legiscan.com/NV/bill/AB5/2010/X2,http://www.leg.state.nv.us/26th2010Special/Reports/history.cfm?ID=18
415709,524,AB6,0,,,"Reduces state expenditures, increases certain fees and makes various other changes relating to the funding of state and local government. (BDR 31-43)","Reduces state expenditures, increases certain fees and makes various other changes relating to the funding of state and local government. (BDR 31-43)",0,,,,https://legiscan.com/NV/bill/AB6/2010/X2,http://www.leg.state.nv.us/26th2010Special/Reports/history.cfm?ID=24
415793,524,SB1,0,,,"Makes an appropriation to the Legislative Fund for the costs of the 26th Special Session. (BDR S-8)","Makes an appropriation to the Legislative Fund for the costs of the 26th Special Session. (BDR S-8)",0,,,,https://legiscan.com/NV/bill/SB1/2010/X2,http://www.leg.state.nv.us/26th2010Special/Reports/history.cfm?ID=8
415877,524,SB2,0,,,"Eliminates the prohibition on the use of pupil achievement data for the evaluation of teachers and certain other educational personnel. (BDR 34-29)","Eliminates the prohibition on the use of pupil achievement data for the evaluation of teachers and certain other educational personnel. (BDR 34-29)",0,,,,https://legiscan.com/NV/bill/SB2/2010/X2,http://www.leg.state.nv.us/26th2010Special/Reports/history.cfm?ID=12
415960,524,SB3,0,,,"Revises provisions relating to governmental administration. (BDR S-16)","Revises provisions relating to governmental administration. (BDR S-16)",0,,,,https://legiscan.com/NV/bill/SB3/2010/X2,http://www.leg.state.nv.us/26th2010Special/Reports/history.cfm?ID=13
416044,524,SB4,0,,,"Revises provisions governing the list of preferred prescription drugs to be used for the Medicaid program. (BDR 38-11)","Revises provisions governing the list of preferred prescription drugs to be used for the Medicaid program. (BDR 38-11)",0,,,,https://legiscan.com/NV/bill/SB4/2010/X2,http://www.leg.state.nv.us/26th2010Special/Reports/history.cfm?ID=20
416128,524,SB5,0,,,"Provides revenue to create jobs for road construction. (BDR 35-47)","Provides revenue to create jobs for road construction. (BDR 35-47)",0,,,,https://legiscan.com/NV/bill/SB5/2010/X2,http://www.leg.state.nv.us/26th2010Special/Reports/history.cfm?ID=23
