bill_id,document_id,document_type,document_size,document_mime,document_desc,url,state_link
415293,609020,text,25105,application/pdf,Introduced,https://legiscan.com/NV/text/AB1/id/609020,http://www.leg.state.nv.us/Session/26th2010Special/Bills/AB/AB1.pdf
415293,609021,text,25397,application/pdf,Engrossed,https://legiscan.com/NV/text/AB1/id/609021,http://www.leg.state.nv.us/Session/26th2010Special/Bills/AB/AB1_R1.pdf
415293,609022,text,21875,application/pdf,Enrolled,https://legiscan.com/NV/text/AB1/id/609022,http://www.leg.state.nv.us/Session/26th2010Special/Bills/AB/AB1_EN.pdf
415377,609156,text,32910,application/pdf,Introduced,https://legiscan.com/NV/text/AB2/id/609156,http://www.leg.state.nv.us/Session/26th2010Special/Bills/AB/AB2.pdf
415377,609157,text,30411,application/pdf,Engrossed,https://legiscan.com/NV/text/AB2/id/609157,http://www.leg.state.nv.us/Session/26th2010Special/Bills/AB/AB2_R1.pdf
415377,609158,text,27616,application/pdf,Enrolled,https://legiscan.com/NV/text/AB2/id/609158,http://www.leg.state.nv.us/Session/26th2010Special/Bills/AB/AB2_EN.pdf
415459,609285,text,129085,application/pdf,Introduced,https://legiscan.com/NV/text/AB3/id/609285,http://www.leg.state.nv.us/Session/26th2010Special/Bills/AB/AB3.pdf
415459,609286,text,112411,application/pdf,Enrolled,https://legiscan.com/NV/text/AB3/id/609286,http://www.leg.state.nv.us/Session/26th2010Special/Bills/AB/AB3_EN.pdf
415540,609403,text,29781,application/pdf,Introduced,https://legiscan.com/NV/text/AB4/id/609403,http://www.leg.state.nv.us/Session/26th2010Special/Bills/AB/AB4.pdf
415540,609404,text,27468,application/pdf,Enrolled,https://legiscan.com/NV/text/AB4/id/609404,http://www.leg.state.nv.us/Session/26th2010Special/Bills/AB/AB4_EN.pdf
415624,609566,text,24424,application/pdf,Introduced,https://legiscan.com/NV/text/AB5/id/609566,http://www.leg.state.nv.us/Session/26th2010Special/Bills/AB/AB5.pdf
415624,609567,text,20290,application/pdf,Enrolled,https://legiscan.com/NV/text/AB5/id/609567,http://www.leg.state.nv.us/Session/26th2010Special/Bills/AB/AB5_EN.pdf
415709,609698,text,195030,application/pdf,Introduced,https://legiscan.com/NV/text/AB6/id/609698,http://www.leg.state.nv.us/Session/26th2010Special/Bills/AB/AB6.pdf
415709,609699,text,131593,application/pdf,Enrolled,https://legiscan.com/NV/text/AB6/id/609699,http://www.leg.state.nv.us/Session/26th2010Special/Bills/AB/AB6_EN.pdf
415793,609833,text,19424,application/pdf,Introduced,https://legiscan.com/NV/text/SB1/id/609833,http://www.leg.state.nv.us/Session/26th2010Special/Bills/SB/SB1.pdf
415793,609834,text,16515,application/pdf,Enrolled,https://legiscan.com/NV/text/SB1/id/609834,http://www.leg.state.nv.us/Session/26th2010Special/Bills/SB/SB1_EN.pdf
415877,609958,text,33547,application/pdf,Introduced,https://legiscan.com/NV/text/SB2/id/609958,http://www.leg.state.nv.us/Session/26th2010Special/Bills/SB/SB2.pdf
415877,609959,text,26749,application/pdf,Enrolled,https://legiscan.com/NV/text/SB2/id/609959,http://www.leg.state.nv.us/Session/26th2010Special/Bills/SB/SB2_EN.pdf
415960,610094,text,70873,application/pdf,Introduced,https://legiscan.com/NV/text/SB3/id/610094,http://www.leg.state.nv.us/Session/26th2010Special/Bills/SB/SB3.pdf
415960,610095,text,69718,application/pdf,Engrossed,https://legiscan.com/NV/text/SB3/id/610095,http://www.leg.state.nv.us/Session/26th2010Special/Bills/SB/SB3_R1.pdf
415960,610096,text,84429,application/pdf,Engrossed,https://legiscan.com/NV/text/SB3/id/610096,http://www.leg.state.nv.us/Session/26th2010Special/Bills/SB/SB3_R2.pdf
415960,610097,text,67440,application/pdf,Enrolled,https://legiscan.com/NV/text/SB3/id/610097,http://www.leg.state.nv.us/Session/26th2010Special/Bills/SB/SB3_EN.pdf
416044,610277,text,29525,application/pdf,Introduced,https://legiscan.com/NV/text/SB4/id/610277,http://www.leg.state.nv.us/Session/26th2010Special/Bills/SB/SB4.pdf
416044,610278,text,21838,application/pdf,Enrolled,https://legiscan.com/NV/text/SB4/id/610278,http://www.leg.state.nv.us/Session/26th2010Special/Bills/SB/SB4_EN.pdf
416128,610422,text,37444,application/pdf,Introduced,https://legiscan.com/NV/text/SB5/id/610422,http://www.leg.state.nv.us/Session/26th2010Special/Bills/SB/SB5.pdf
416128,610423,text,29031,application/pdf,Enrolled,https://legiscan.com/NV/text/SB5/id/610423,http://www.leg.state.nv.us/Session/26th2010Special/Bills/SB/SB5_EN.pdf
