bill_id,roll_call_id,date,chamber,description,yea,nay,nv,absent,total
666302,434401,0000-00-00,Assembly,"Assembly Final Passage",40,0,0,2,42
666302,448210,0000-00-00,Senate,"Senate Final Passage",21,0,0,0,21
666305,454659,0000-00-00,Assembly,"Assembly Final Passage",41,0,0,1,42
666305,454889,0000-00-00,Senate,"Senate Final Passage",19,0,0,2,21
666305,458454,0000-00-00,Assembly,"Assembly Final Passage",41,1,0,0,42
666305,458455,0000-00-00,Senate,"Senate Final Passage",20,0,0,1,21
666306,393383,0000-00-00,Senate,"Senate Final Passage",19,0,0,2,21
666306,403779,0000-00-00,Assembly,"Assembly Final Passage",42,0,0,0,42
666307,431714,0000-00-00,Senate,"Senate Final Passage",20,0,0,1,21
666307,445061,0000-00-00,Senate,"Senate Final Passage",9,11,0,1,21
666307,449675,0000-00-00,Assembly,"Assembly Final Passage",41,0,0,1,42
666308,435831,0000-00-00,Senate,"Senate Final Passage",13,8,0,0,21
666309,426907,0000-00-00,Assembly,"Assembly Final Passage",41,0,0,1,42
666309,444131,0000-00-00,Senate,"Senate Final Passage",20,0,0,1,21
666310,435598,0000-00-00,Assembly,"Assembly Final Passage",42,0,0,0,42
666310,448202,0000-00-00,Senate,"Senate Final Passage",21,0,0,0,21
666312,432051,0000-00-00,Assembly,"Assembly Final Passage",41,0,0,1,42
666312,443142,0000-00-00,Senate,"Senate Final Passage",19,0,0,2,21
666313,435341,0000-00-00,Senate,"Senate Final Passage",21,0,0,0,21
666313,436137,0000-00-00,Senate,"Senate Final Passage",21,0,0,0,21
666313,447876,0000-00-00,Assembly,"Assembly Final Passage",38,4,0,0,42
666314,425724,0000-00-00,Assembly,"Assembly Final Passage",42,0,0,0,42
666314,444363,0000-00-00,Senate,"Senate Final Passage",20,0,0,1,21
666315,431652,0000-00-00,Senate,"Senate Final Passage",20,0,0,1,21
666315,450166,0000-00-00,Assembly,"Assembly Final Passage",23,18,0,1,42
666316,399991,0000-00-00,Senate,"Senate Final Passage",20,0,0,1,21
666316,425509,0000-00-00,Assembly,"Assembly Final Passage",42,0,0,0,42
666319,431345,0000-00-00,Senate,"Senate Final Passage",21,0,0,0,21
666319,441741,0000-00-00,Assembly,"Assembly Final Passage",34,8,0,0,42
666322,434475,0000-00-00,Assembly,"Assembly Final Passage",40,0,0,2,42
666322,447348,0000-00-00,Senate,"Senate Final Passage",21,0,0,0,21
666323,427949,0000-00-00,Assembly,"Assembly Final Passage",42,0,0,0,42
666323,448662,0000-00-00,Senate,"Senate Final Passage",21,0,0,0,21
666324,431388,0000-00-00,Assembly,"Assembly Final Passage",40,0,0,2,42
666324,447294,0000-00-00,Senate,"Senate Final Passage",19,0,0,2,21
666325,447279,0000-00-00,Senate,"Senate Final Passage",19,0,0,2,21
666325,454463,0000-00-00,Assembly,"Assembly Final Passage",42,0,0,0,42
666326,429633,0000-00-00,Assembly,"Assembly Final Passage",41,0,0,1,42
666326,448225,0000-00-00,Senate,"Senate Final Passage",21,0,0,0,21
666327,435864,0000-00-00,Assembly,"Assembly Final Passage",42,0,0,0,42
666327,447305,0000-00-00,Senate,"Senate Final Passage",21,0,0,0,21
666329,435128,0000-00-00,Assembly,"Assembly Final Passage",42,0,0,0,42
666329,450015,0000-00-00,Senate,"Senate Final Passage",20,0,0,1,21
666330,435393,0000-00-00,Senate,"Senate Final Passage",21,0,0,0,21
666330,447929,0000-00-00,Assembly,"Assembly Final Passage",42,0,0,0,42
666332,431334,0000-00-00,Senate,"Senate Final Passage",21,0,0,0,21
666332,448928,0000-00-00,Assembly,"Assembly Final Passage",42,0,0,0,42
666334,435748,0000-00-00,Assembly,"Assembly Final Passage",42,0,0,0,42
666334,447304,0000-00-00,Senate,"Senate Final Passage",21,0,0,0,21
666335,399479,0000-00-00,Assembly,"Assembly Final Passage",41,0,0,1,42
666335,443197,0000-00-00,Senate,"Senate Final Passage",19,0,0,2,21
666336,434464,0000-00-00,Assembly,"Assembly Final Passage",40,0,0,2,42
666336,443720,0000-00-00,Senate,"Senate Final Passage",20,0,0,1,21
666337,429861,0000-00-00,Assembly,"Assembly Final Passage",41,0,0,1,42
666337,443612,0000-00-00,Senate,"Senate Final Passage",20,0,0,1,21
666339,434982,0000-00-00,Assembly,"Assembly Final Passage",42,0,0,0,42
666339,447320,0000-00-00,Senate,"Senate Final Passage",20,1,0,0,21
666340,452498,0000-00-00,Assembly,"Assembly Final Passage",42,0,0,0,42
666340,454660,0000-00-00,Senate,"Senate Final Passage",19,0,0,2,21
666341,423762,0000-00-00,Senate,"Senate Final Passage",19,0,0,2,21
666341,442000,0000-00-00,Assembly,"Assembly Final Passage",42,0,0,0,42
666343,433835,0000-00-00,Assembly,"Assembly Final Passage",37,4,0,1,42
666343,447307,0000-00-00,Senate,"Senate Final Passage",21,0,0,0,21
666344,426797,0000-00-00,Assembly,"Assembly Final Passage",41,0,0,1,42
666344,448218,0000-00-00,Senate,"Senate Final Passage",21,0,0,0,21
666344,453382,0000-00-00,Assembly,"Assembly Final Passage",42,0,0,0,42
666344,453383,0000-00-00,Senate,"Senate Final Passage",20,0,0,1,21
666346,435482,0000-00-00,Senate,"Senate Final Passage",15,6,0,0,21
666346,449580,0000-00-00,Assembly,"Assembly Final Passage",39,2,0,1,42
666347,448019,0000-00-00,Assembly,"Assembly Final Passage",41,0,0,1,42
666347,454676,0000-00-00,Senate,"Senate Final Passage",19,0,0,2,21
666348,435215,0000-00-00,Assembly,"Assembly Final Passage",42,0,0,0,42
666348,447368,0000-00-00,Senate,"Senate Final Passage",21,0,0,0,21
666349,428775,0000-00-00,Senate,"Senate Final Passage",21,0,0,0,21
666349,449541,0000-00-00,Assembly,"Assembly Final Passage",35,5,0,2,42
666349,455493,0000-00-00,Assembly,"Assembly Final Passage",26,13,0,3,42
666350,435442,0000-00-00,Senate,"Senate Final Passage",21,0,0,0,21
666350,448925,0000-00-00,Assembly,"Assembly Final Passage",30,11,0,1,42
666351,429500,0000-00-00,Assembly,"Assembly Final Passage",34,7,0,1,42
666351,450053,0000-00-00,Senate,"Senate Final Passage",20,0,0,1,21
666353,412986,0000-00-00,Senate,"Senate Final Passage",19,0,0,2,21
666353,447509,0000-00-00,Assembly,"Assembly Final Passage",39,1,0,2,42
666354,434555,0000-00-00,Assembly,"Assembly Final Passage",30,10,0,2,42
666354,447622,0000-00-00,Senate,"Senate Final Passage",19,1,0,1,21
666354,466641,0000-00-00,Assembly,"Assembly Final Passage",30,10,0,2,42
666354,466642,0000-00-00,Senate,"Senate Final Passage",19,1,0,1,21
666355,434288,0000-00-00,Senate,"Senate Final Passage",21,0,0,0,21
666355,449807,0000-00-00,Assembly,"Assembly Final Passage",42,0,0,0,42
666356,435451,0000-00-00,Assembly,"Assembly Final Passage",42,0,0,0,42
666356,447292,0000-00-00,Senate,"Senate Final Passage",19,0,0,2,21
666357,427159,0000-00-00,Assembly,"Assembly Final Passage",39,0,0,3,42
666357,443176,0000-00-00,Senate,"Senate Final Passage",19,0,0,2,21
666358,423666,0000-00-00,Senate,"Senate Final Passage",19,0,0,2,21
666358,442568,0000-00-00,Assembly,"Assembly Final Passage",42,0,0,0,42
666359,426723,0000-00-00,Assembly,"Assembly Final Passage",41,0,0,1,42
666359,441226,0000-00-00,Assembly,"Assembly Final Passage",41,0,0,1,42
666359,449453,0000-00-00,Senate,"Senate Final Passage",20,0,0,1,21
666360,390275,0000-00-00,Senate,"Senate Final Passage",19,0,0,2,21
666360,390276,0000-00-00,Assembly,"Assembly Final Passage",42,0,0,0,42
666361,396789,0000-00-00,Senate,"Senate Final Passage",20,0,0,1,21
666361,425806,0000-00-00,Assembly,"Assembly Final Passage",42,0,0,0,42
666364,426872,0000-00-00,Assembly,"Assembly Final Passage",41,0,0,1,42
666364,443303,0000-00-00,Senate,"Senate Final Passage",19,0,0,2,21
666365,407504,0000-00-00,Senate,"Senate Final Passage",19,0,0,2,21
666365,443739,0000-00-00,Assembly,"Assembly Final Passage",42,0,0,0,42
666366,429170,0000-00-00,Senate,"Senate Final Passage",21,0,0,0,21
666366,450052,0000-00-00,Assembly,"Assembly Final Passage",42,0,0,0,42
666367,433431,0000-00-00,Assembly,"Assembly Final Passage",41,0,0,1,42
666367,448324,0000-00-00,Senate,"Senate Final Passage",21,0,0,0,21
666368,395805,0000-00-00,Assembly,"Assembly Final Passage",42,0,0,0,42
666368,406486,0000-00-00,Senate,"Senate Final Passage",19,0,0,2,21
666369,425302,0000-00-00,Assembly,"Assembly Final Passage",42,0,0,0,42
666369,441684,0000-00-00,Senate,"Senate Final Passage",19,0,0,2,21
666370,425330,0000-00-00,Senate,"Senate Final Passage",20,0,0,1,21
666370,447885,0000-00-00,Assembly,"Assembly Final Passage",42,0,0,0,42
666371,408908,0000-00-00,Assembly,"Assembly Final Passage",41,0,0,1,42
666371,442545,0000-00-00,Assembly,"Assembly Final Passage",41,0,0,1,42
666371,447980,0000-00-00,Senate,"Senate Final Passage",21,0,0,0,21
666372,401829,0000-00-00,Assembly,"Assembly Final Passage",41,0,0,1,42
666372,412556,0000-00-00,Senate,"Senate Final Passage",19,0,0,2,21
666374,431880,0000-00-00,Senate,"Senate Final Passage",21,0,0,0,21
666374,447484,0000-00-00,Assembly,"Assembly Final Passage",40,0,0,2,42
666375,429642,0000-00-00,Assembly,"Assembly Final Passage",41,0,0,1,42
666375,447345,0000-00-00,Senate,"Senate Final Passage",21,0,0,0,21
666376,427389,0000-00-00,Senate,"Senate Final Passage",20,0,0,1,21
666376,449477,0000-00-00,Assembly,"Assembly Final Passage",41,0,0,1,42
666377,393297,0000-00-00,Assembly,"Assembly Final Passage",42,0,0,0,42
666377,398576,0000-00-00,Senate,"Senate Final Passage",19,0,0,2,21
666377,439042,0000-00-00,Assembly,"Assembly Final Passage",42,0,0,0,42
666377,439043,0000-00-00,Senate,"Senate Final Passage",19,0,0,2,21
666378,435536,0000-00-00,Senate,"Senate Final Passage",21,0,0,0,21
666378,448977,0000-00-00,Assembly,"Assembly Final Passage",34,8,0,0,42
666379,435439,0000-00-00,Assembly,"Assembly Final Passage",42,0,0,0,42
666379,447293,0000-00-00,Senate,"Senate Final Passage",19,0,0,2,21
666380,397094,0000-00-00,Senate,"Senate Final Passage",20,0,0,1,21
666380,404601,0000-00-00,Assembly,"Assembly Final Passage",41,0,0,1,42
666382,435898,0000-00-00,Senate,"Senate Final Passage",21,0,0,0,21
666384,426979,0000-00-00,Assembly,"Assembly Final Passage",39,0,0,3,42
666384,443596,0000-00-00,Senate,"Senate Final Passage",20,0,0,1,21
666385,405273,0000-00-00,Senate,"Senate Final Passage",19,0,0,2,21
666385,425487,0000-00-00,Assembly,"Assembly Final Passage",42,0,0,0,42
666387,426752,0000-00-00,Assembly,"Assembly Final Passage",41,0,0,1,42
666387,444178,0000-00-00,Senate,"Senate Final Passage",20,0,0,1,21
666388,431437,0000-00-00,Senate,"Senate Final Passage",20,0,0,1,21
666388,446410,0000-00-00,Assembly,"Assembly Final Passage",41,0,0,1,42
666389,428033,0000-00-00,Senate,"Senate Final Passage",21,0,0,0,21
666391,430873,0000-00-00,Assembly,"Assembly Final Passage",40,0,0,2,42
666391,448144,0000-00-00,Senate,"Senate Final Passage",21,0,0,0,21
666392,430997,0000-00-00,Assembly,"Assembly Final Passage",30,10,0,2,42
666392,447331,0000-00-00,Senate,"Senate Final Passage",20,1,0,0,21
666394,433112,0000-00-00,Senate,"Senate Final Passage",21,0,0,0,21
666394,450225,0000-00-00,Assembly,"Assembly Final Passage",42,0,0,0,42
666395,428000,0000-00-00,Senate,"Senate Final Passage",21,0,0,0,21
666395,449669,0000-00-00,Assembly,"Assembly Final Passage",32,9,0,1,42
666396,435594,0000-00-00,Assembly,"Assembly Final Passage",25,17,0,0,42
666396,450280,0000-00-00,Senate,"Senate Final Passage",19,0,0,2,21
666397,448238,0000-00-00,Senate,"Senate Final Passage",20,0,0,1,21
666397,449820,0000-00-00,Assembly,"Assembly Final Passage",42,0,0,0,42
666399,410660,0000-00-00,Assembly,"Assembly Final Passage",40,0,0,2,42
666399,442522,0000-00-00,Assembly,"Assembly Final Passage",40,0,0,2,42
666399,444301,0000-00-00,Senate,"Senate Final Passage",20,0,0,1,21
666400,412513,0000-00-00,Senate,"Senate Final Passage",19,0,0,2,21
666400,443285,0000-00-00,Assembly,"Assembly Final Passage",41,1,0,0,42
666401,435535,0000-00-00,Senate,"Senate Final Passage",21,0,0,0,21
666401,449852,0000-00-00,Assembly,"Assembly Final Passage",42,0,0,0,42
666402,412676,0000-00-00,Senate,"Senate Final Passage",19,0,0,2,21
666402,447464,0000-00-00,Assembly,"Assembly Final Passage",41,0,0,1,42
666405,408937,0000-00-00,Assembly,"Assembly Final Passage",21,19,1,1,42
666405,412022,0000-00-00,Assembly,"Assembly Final Passage",34,7,1,0,42
666405,449996,0000-00-00,Senate,"Senate Final Passage",19,2,0,0,21
666407,423759,0000-00-00,Senate,"Senate Final Passage",17,2,0,2,21
666407,442061,0000-00-00,Assembly,"Assembly Final Passage",42,0,0,0,42
666409,426916,0000-00-00,Assembly,"Assembly Final Passage",41,0,0,1,42
666409,449249,0000-00-00,Senate,"Senate Final Passage",20,0,0,1,21
666410,428018,0000-00-00,Senate,"Senate Final Passage",21,0,0,0,21
666410,443622,0000-00-00,Assembly,"Assembly Final Passage",42,0,0,0,42
666411,425473,0000-00-00,Senate,"Senate Final Passage",20,0,0,1,21
666412,448285,0000-00-00,Assembly,"Assembly Final Passage",41,0,0,1,42
666412,449546,0000-00-00,Senate,"Senate Final Passage",20,0,0,1,21
666413,424449,0000-00-00,Senate,"Senate Final Passage",20,0,0,1,21
666413,441977,0000-00-00,Assembly,"Assembly Final Passage",42,0,0,0,42
666415,435423,0000-00-00,Senate,"Senate Final Passage",11,10,0,0,21
666415,447532,0000-00-00,Assembly,"Assembly Final Passage",24,17,0,1,42
666417,403522,0000-00-00,Assembly,"Assembly Final Passage",42,0,0,0,42
666417,427559,0000-00-00,Senate,"Senate Final Passage",20,0,0,1,21
666418,428769,0000-00-00,Senate,"Senate Final Passage",21,0,0,0,21
666418,449518,0000-00-00,Assembly,"Assembly Final Passage",40,1,0,1,42
666419,405699,0000-00-00,Senate,"Senate Final Passage",19,0,0,2,21
666419,448851,0000-00-00,Assembly,"Assembly Final Passage",41,1,0,0,42
666420,435334,0000-00-00,Senate,"Senate Final Passage",21,0,0,0,21
666420,449558,0000-00-00,Assembly,"Assembly Final Passage",41,0,0,1,42
666421,433555,0000-00-00,Assembly,"Assembly Final Passage",21,20,0,1,42
666421,435821,0000-00-00,Assembly,"Assembly Final Passage",35,7,0,0,42
666421,447321,0000-00-00,Senate,"Senate Final Passage",21,0,0,0,21
666423,398458,0000-00-00,Senate,"Senate Final Passage",19,0,0,2,21
666423,425431,0000-00-00,Assembly,"Assembly Final Passage",42,0,0,0,42
666425,405085,0000-00-00,Senate,"Senate Final Passage",19,0,0,2,21
666425,441729,0000-00-00,Assembly,"Assembly Final Passage",42,0,0,0,42
666425,442534,0000-00-00,Senate,"Senate Final Passage",19,0,0,2,21
666425,442535,0000-00-00,Assembly,"Assembly Final Passage",42,0,0,0,42
666426,450579,0000-00-00,Senate,"Senate Final Passage",19,0,0,2,21
666426,454686,0000-00-00,Assembly,"Assembly Final Passage",41,0,0,1,42
666427,404150,0000-00-00,Assembly,"Assembly Final Passage",36,5,0,1,42
666427,433794,0000-00-00,Senate,"Senate Final Passage",11,10,0,0,21
666428,432358,0000-00-00,Senate,"Senate Final Passage",21,0,0,0,21
666428,447490,0000-00-00,Assembly,"Assembly Final Passage",26,14,0,2,42
666429,435807,0000-00-00,Assembly,"Assembly Final Passage",42,0,0,0,42
666429,448136,0000-00-00,Senate,"Senate Final Passage",21,0,0,0,21
666430,434864,0000-00-00,Senate,"Senate Final Passage",19,0,0,2,21
666430,449819,0000-00-00,Assembly,"Assembly Final Passage",41,0,1,0,42
666431,399364,0000-00-00,Senate,"Senate Final Passage",19,0,0,2,21
666431,443693,0000-00-00,Assembly,"Assembly Final Passage",42,0,0,0,42
666435,426984,0000-00-00,Assembly,"Assembly Final Passage",39,0,0,3,42
666435,448150,0000-00-00,Senate,"Senate Final Passage",21,0,0,0,21
666436,435868,0000-00-00,Senate,"Senate Final Passage",21,0,0,0,21
666437,412059,0000-00-00,Assembly,"Assembly Final Passage",42,0,0,0,42
666437,413378,0000-00-00,Senate,"Senate Final Passage",19,0,0,2,21
666439,435750,0000-00-00,Assembly,"Assembly Final Passage",42,0,0,0,42
666439,448184,0000-00-00,Senate,"Senate Final Passage",21,0,0,0,21
666440,426266,0000-00-00,Senate,"Senate Final Passage",20,0,0,1,21
666440,448934,0000-00-00,Assembly,"Assembly Final Passage",42,0,0,0,42
666441,435606,0000-00-00,Assembly,"Assembly Final Passage",41,1,0,0,42
666441,447328,0000-00-00,Senate,"Senate Final Passage",21,0,0,0,21
666443,454931,0000-00-00,Senate,"Senate Final Passage",19,0,0,2,21
666443,455502,0000-00-00,Assembly,"Assembly Final Passage",28,11,0,3,42
666444,454937,0000-00-00,Senate,"Senate Final Passage",19,0,0,2,21
666444,455237,0000-00-00,Assembly,"Assembly Final Passage",28,11,0,3,42
666446,430968,0000-00-00,Assembly,"Assembly Final Passage",40,0,0,2,42
666446,444720,0000-00-00,Senate,"Senate Final Passage",20,0,0,1,21
666448,435883,0000-00-00,Assembly,"Assembly Final Passage",33,9,0,0,42
666448,448327,0000-00-00,Senate,"Senate Final Passage",20,0,0,1,21
666451,423628,0000-00-00,Senate,"Senate Final Passage",19,0,0,2,21
666451,448795,0000-00-00,Assembly,"Assembly Final Passage",33,9,0,0,42
666453,428019,0000-00-00,Assembly,"Assembly Final Passage",24,18,0,0,42
666454,430854,0000-00-00,Assembly,"Assembly Final Passage",39,1,0,2,42
666454,447284,0000-00-00,Senate,"Senate Final Passage",19,0,0,2,21
666456,425334,0000-00-00,Senate,"Senate Final Passage",20,0,0,1,21
666456,442067,0000-00-00,Assembly,"Assembly Final Passage",42,0,0,0,42
666457,426871,0000-00-00,Senate,"Senate Final Passage",20,0,0,1,21
666457,448865,0000-00-00,Assembly,"Assembly Final Passage",36,6,0,0,42
666458,408878,0000-00-00,Assembly,"Assembly Final Passage",41,0,0,1,42
666458,444212,0000-00-00,Senate,"Senate Final Passage",20,0,0,1,21
666458,465825,0000-00-00,Assembly,"Assembly Final Passage",41,0,0,1,42
666458,465826,0000-00-00,Senate,"Senate Final Passage",21,0,0,0,21
666460,396775,0000-00-00,Senate,"Senate Final Passage",20,0,0,1,21
666460,449484,0000-00-00,Assembly,"Assembly Final Passage",41,0,0,1,42
666461,448119,0000-00-00,Senate,"Senate Final Passage",20,0,0,1,21
666461,453498,0000-00-00,Assembly,"Assembly Final Passage",42,0,0,0,42
666462,396672,0000-00-00,Senate,"Senate Final Passage",20,0,0,1,21
666462,443272,0000-00-00,Assembly,"Assembly Final Passage",42,0,0,0,42
666463,434956,0000-00-00,Assembly,"Assembly Final Passage",39,3,0,0,42
666463,447861,0000-00-00,Senate,"Senate Final Passage",21,0,0,0,21
666467,452225,0000-00-00,Assembly,"Assembly Final Passage",42,0,0,0,42
666467,454626,0000-00-00,Senate,"Senate Final Passage",19,0,0,2,21
666468,426697,0000-00-00,Senate,"Senate Final Passage",20,0,0,1,21
666468,445935,0000-00-00,Assembly,"Assembly Final Passage",39,3,0,0,42
666469,399362,0000-00-00,Senate,"Senate Final Passage",19,0,0,2,21
666469,448958,0000-00-00,Assembly,"Assembly Final Passage",42,0,0,0,42
666470,427494,0000-00-00,Senate,"Senate Final Passage",20,0,0,1,21
666470,445862,0000-00-00,Assembly,"Assembly Final Passage",42,0,0,0,42
666471,431911,0000-00-00,Senate,"Senate Final Passage",21,0,0,0,21
666471,447493,0000-00-00,Assembly,"Assembly Final Passage",40,0,0,2,42
666472,409091,0000-00-00,Assembly,"Assembly Final Passage",24,17,0,1,42
666472,447336,0000-00-00,Senate,"Senate Final Passage",11,10,0,0,21
666473,432364,0000-00-00,Assembly,"Assembly Final Passage",41,0,0,1,42
666473,443286,0000-00-00,Senate,"Senate Final Passage",19,0,0,2,21
666474,429834,0000-00-00,Assembly,"Assembly Final Passage",41,0,0,1,42
666474,443527,0000-00-00,Senate,"Senate Final Passage",20,0,0,1,21
666475,448137,0000-00-00,Senate,"Senate Final Passage",21,0,0,0,21
666475,454522,0000-00-00,Assembly,"Assembly Final Passage",42,0,0,0,42
666477,393643,0000-00-00,Senate,"Senate Final Passage",19,0,0,2,21
666477,404632,0000-00-00,Assembly,"Assembly Final Passage",41,0,0,1,42
666479,433154,0000-00-00,Assembly,"Assembly Final Passage",41,0,0,1,42
666479,447317,0000-00-00,Senate,"Senate Final Passage",21,0,0,0,21
666480,435115,0000-00-00,Assembly,"Assembly Final Passage",41,1,0,0,42
666480,450220,0000-00-00,Senate,"Senate Final Passage",20,0,0,1,21
666483,411643,0000-00-00,Assembly,"Assembly Final Passage",41,0,0,1,42
666483,443758,0000-00-00,Senate,"Senate Final Passage",20,0,0,1,21
666484,429770,0000-00-00,Assembly,"Assembly Final Passage",41,0,0,1,42
666484,447513,0000-00-00,Senate,"Senate Final Passage",20,0,0,1,21
666485,433341,0000-00-00,Assembly,"Assembly Final Passage",41,0,0,1,42
666485,447286,0000-00-00,Senate,"Senate Consent Calendar",19,0,0,2,21
666487,397018,0000-00-00,Senate,"Senate Final Passage",20,0,0,1,21
666487,408941,0000-00-00,Assembly,"Assembly Final Passage",41,0,0,1,42
666488,426102,0000-00-00,Senate,"Senate Final Passage",20,0,0,1,21
666488,443103,0000-00-00,Assembly,"Assembly Final Passage",41,1,0,0,42
666489,425368,0000-00-00,Assembly,"Assembly Final Passage",42,0,0,0,42
666489,443008,0000-00-00,Senate,"Senate Final Passage",19,0,0,2,21
666490,405543,0000-00-00,Senate,"Senate Final Passage",19,0,0,2,21
666491,398009,0000-00-00,Assembly,"Assembly Final Passage",41,1,0,0,42
666491,447283,0000-00-00,Senate,"Senate Final Passage",19,0,0,2,21
666493,426879,0000-00-00,Senate,"Senate Final Passage",20,0,0,1,21
666493,442517,0000-00-00,Assembly,"Assembly Final Passage",35,7,0,0,42
666494,435693,0000-00-00,Assembly,"Assembly Final Passage",27,15,0,0,42
666494,447494,0000-00-00,Senate,"Senate Final Passage",20,0,0,1,21
666495,424703,0000-00-00,Senate,"Senate Final Passage",20,0,0,1,21
666495,448788,0000-00-00,Assembly,"Assembly Final Passage",27,14,0,1,42
666495,448969,0000-00-00,Senate,"Senate Final Passage",21,0,0,0,21
666495,448970,0000-00-00,Assembly,"Assembly Final Passage",23,18,0,1,42
666497,409377,0000-00-00,Assembly,"Assembly Final Passage",41,0,0,1,42
666497,444298,0000-00-00,Senate,"Senate Final Passage",20,0,0,1,21
666498,426092,0000-00-00,Senate,"Senate Final Passage",16,4,0,1,21
666498,443034,0000-00-00,Assembly,"Assembly Final Passage",31,11,0,0,42
666499,427384,0000-00-00,Senate,"Senate Final Passage",20,0,0,1,21
666499,442574,0000-00-00,Assembly,"Assembly Final Passage",42,0,0,0,42
666501,400752,0000-00-00,Senate,"Senate Final Passage",20,0,0,1,21
666501,443125,0000-00-00,Assembly,"Assembly Final Passage",24,18,0,0,42
666502,396911,0000-00-00,Senate,"Senate Final Passage",20,0,0,1,21
666502,414286,0000-00-00,Assembly,"Assembly Final Passage",40,0,0,2,42
666504,426162,0000-00-00,Senate,"Senate Final Passage",20,0,0,1,21
666504,447433,0000-00-00,Assembly,"Assembly Final Passage",35,5,0,2,42
666505,426718,0000-00-00,Assembly,"Assembly Final Passage",39,2,0,1,42
666505,444316,0000-00-00,Senate,"Senate Final Passage",19,1,0,1,21
666506,428015,0000-00-00,Senate,"Senate Final Passage",21,0,0,0,21
666506,450030,0000-00-00,Assembly,"Assembly Final Passage",42,0,0,0,42
668822,431440,0000-00-00,Assembly,"Assembly Final Passage",40,0,0,2,42
668822,447339,0000-00-00,Senate,"Senate Final Passage",21,0,0,0,21
668917,435694,0000-00-00,Assembly,"Assembly Final Passage",34,8,0,0,42
668917,453206,0000-00-00,Senate,"Senate Final Passage",15,6,0,0,21
669015,433637,0000-00-00,Assembly,"Assembly Final Passage",29,12,0,1,42
669015,434118,0000-00-00,Assembly,"Assembly Final Passage",29,12,0,1,42
669015,450160,0000-00-00,Senate,"Senate Final Passage",20,0,0,1,21
685078,392448,0000-00-00,Senate,"Senate Final Passage",8,11,0,2,21
685091,392387,0000-00-00,Senate,"Senate Final Passage",0,19,0,2,21
706379,435332,0000-00-00,Senate,"Senate Final Passage",14,7,0,0,21
706379,447481,0000-00-00,Assembly,"Assembly Final Passage",35,6,0,1,42
706421,454325,0000-00-00,Senate,"Senate Final Passage",19,0,0,2,21
706421,454979,0000-00-00,Assembly,"Assembly Final Passage",40,0,0,2,42
706466,403768,0000-00-00,Senate,"Senate Final Passage",19,0,0,2,21
706466,447499,0000-00-00,Assembly,"Assembly Final Passage",29,12,0,1,42
706466,454099,0000-00-00,Assembly,"Assembly Final Passage",42,0,0,0,42
706466,454100,0000-00-00,Senate,"Senate Final Passage",20,0,0,1,21
706555,403051,0000-00-00,Senate,"Senate Final Passage",18,0,0,3,21
706555,411253,0000-00-00,Assembly,"Assembly Final Passage",41,0,0,1,42
706690,465496,0000-00-00,Senate,"Senate Final Passage",21,0,0,0,21
706690,465497,0000-00-00,Assembly,"Assembly Final Passage",41,0,0,1,42
706735,432357,0000-00-00,Senate,"Senate Final Passage",21,0,0,0,21
706735,448857,0000-00-00,Assembly,"Assembly Final Passage",34,7,0,1,42
706780,401368,0000-00-00,Senate,"Senate Final Passage",20,0,0,1,21
706780,446451,0000-00-00,Assembly,"Assembly Final Passage",41,0,0,1,42
706824,412729,0000-00-00,Senate,"Senate Final Passage",19,0,0,2,21
706824,450020,0000-00-00,Assembly,"Assembly Final Passage",38,4,0,0,42
706937,428027,0000-00-00,Assembly,"Assembly Final Passage",42,0,0,0,42
706937,450198,0000-00-00,Senate,"Senate Final Passage",20,0,0,1,21
706958,428300,0000-00-00,Assembly,"Assembly Final Passage",42,0,0,0,42
706958,447363,0000-00-00,Senate,"Senate Final Passage",21,0,0,0,21
706979,432449,0000-00-00,Assembly,"Assembly Final Passage",27,14,0,1,42
707002,408195,0000-00-00,Assembly,"Assembly Final Passage",42,0,0,0,42
707002,444321,0000-00-00,Senate,"Senate Final Passage",20,0,0,1,21
707022,430905,0000-00-00,Assembly,"Assembly Final Passage",40,0,0,2,42
707022,447309,0000-00-00,Senate,"Senate Final Passage",21,0,0,0,21
707064,435315,0000-00-00,Assembly,"Assembly Final Passage",28,14,0,0,42
707070,433472,0000-00-00,Assembly,"Assembly Final Passage",41,0,0,1,42
707070,439026,0000-00-00,Assembly,"Assembly Final Passage",41,0,0,1,42
707070,447372,0000-00-00,Senate,"Senate Final Passage",21,0,0,0,21
707074,425825,0000-00-00,Assembly,"Assembly Final Passage",42,0,0,0,42
707074,442540,0000-00-00,Assembly,"Assembly Final Passage",42,0,0,0,42
707074,444583,0000-00-00,Senate,"Senate Final Passage",20,0,0,1,21
707119,435224,0000-00-00,Assembly,"Assembly Final Passage",41,1,0,0,42
707119,447373,0000-00-00,Senate,"Senate Final Passage",21,0,0,0,21
707120,429618,0000-00-00,Assembly,"Assembly Final Passage",41,0,0,1,42
707120,443214,0000-00-00,Senate,"Senate Final Passage",19,0,0,2,21
707122,428271,0000-00-00,Assembly,"Assembly Final Passage",42,0,0,0,42
707122,447367,0000-00-00,Senate,"Senate Final Passage",21,0,0,0,21
707124,435730,0000-00-00,Assembly,"Assembly Final Passage",42,0,0,0,42
707124,447351,0000-00-00,Senate,"Senate Final Passage",21,0,0,0,21
707126,397086,0000-00-00,Assembly,"Assembly Final Passage",41,0,0,1,42
707126,406690,0000-00-00,Senate,"Senate Final Passage",19,0,0,2,21
707137,454996,0000-00-00,Senate,"Senate Final Passage",19,0,0,2,21
707137,455727,0000-00-00,Assembly,"Assembly Final Passage",39,0,0,3,42
707148,454537,0000-00-00,Senate,"Senate Final Passage",19,0,0,2,21
707148,455008,0000-00-00,Assembly,"Assembly Final Passage",39,1,0,2,42
707158,431936,0000-00-00,Senate,"Senate Final Passage",20,0,0,1,21
707158,446009,0000-00-00,Assembly,"Assembly Final Passage",42,0,0,0,42
707164,447055,0000-00-00,Senate,"Senate Final Passage",21,0,0,0,21
707164,454628,0000-00-00,Assembly,"Assembly Final Passage",41,0,0,1,42
707164,468466,0000-00-00,Assembly,"Assembly Final Passage",42,0,0,0,42
707164,468467,0000-00-00,Senate,"Senate Final Passage",20,0,0,1,21
707169,430958,0000-00-00,Senate,"Senate Final Passage",21,0,0,0,21
707169,448379,0000-00-00,Assembly,"Assembly Final Passage",42,0,0,0,42
707180,405255,0000-00-00,Senate,"Senate Final Passage",19,0,0,2,21
707180,433953,0000-00-00,Assembly,"Assembly Final Passage",40,0,0,2,42
707185,435419,0000-00-00,Senate,"Senate Final Passage",21,0,0,0,21
707185,449954,0000-00-00,Assembly,"Assembly Final Passage",42,0,0,0,42
707186,395239,0000-00-00,Senate,"Senate Final Passage",11,9,0,1,21
707186,405006,0000-00-00,Assembly,"Assembly Final Passage",23,19,0,0,42
707187,401072,0000-00-00,Senate,"Senate Final Passage",18,2,0,1,21
707187,410069,0000-00-00,Assembly,"Assembly Final Passage",35,7,0,0,42
707189,435358,0000-00-00,Senate,"Senate Final Passage",21,0,0,0,21
707189,450008,0000-00-00,Assembly,"Assembly Final Passage",23,19,0,0,42
707191,411187,0000-00-00,Senate,"Senate Final Passage",19,0,0,2,21
707191,441660,0000-00-00,Assembly,"Assembly Final Passage",42,0,0,0,42
708722,392536,0000-00-00,Senate,"Senate Final Passage",2,17,0,2,21
708759,392519,0000-00-00,Senate,"Senate Final Passage",5,14,0,2,21
708858,404332,0000-00-00,Assembly,"Assembly Final Passage",24,17,0,1,42
709001,431095,0000-00-00,Assembly,"Assembly Final Passage",32,8,0,2,42
709001,447310,0000-00-00,Senate,"Senate Final Passage",21,0,0,0,21
709060,392551,0000-00-00,Senate,"Senate Final Passage",0,19,0,2,21
709120,426859,0000-00-00,Assembly,"Assembly Final Passage",31,10,0,1,42
709120,461888,0000-00-00,Senate,"Senate Final Passage",11,10,0,0,21
709120,461889,0000-00-00,Assembly,"Assembly Final Passage",32,8,0,2,42
713113,429691,0000-00-00,Assembly,"Assembly Final Passage",41,0,0,1,42
713113,447311,0000-00-00,Senate,"Senate Final Passage",21,0,0,0,21
713113,456434,0000-00-00,Senate,"Senate Final Passage",21,0,0,0,21
713113,456435,0000-00-00,Assembly,"Assembly Final Passage",28,13,0,1,42
713150,435990,0000-00-00,Assembly,"Assembly Final Passage",42,0,0,0,42
713150,448276,0000-00-00,Senate,"Senate Final Passage",11,10,0,0,21
713189,429591,0000-00-00,Assembly,"Assembly Final Passage",40,1,0,1,42
713227,455589,0000-00-00,Senate,"Senate Final Passage",21,0,0,0,21
713267,435896,0000-00-00,Assembly,"Assembly Final Passage",42,0,0,0,42
713267,447674,0000-00-00,Senate,"Senate Final Passage",20,0,0,1,21
713343,401256,0000-00-00,Senate,"Senate Final Passage",20,0,0,1,21
713343,446385,0000-00-00,Assembly,"Assembly Final Passage",41,0,0,1,42
713422,427719,0000-00-00,Senate,"Senate Final Passage",20,0,0,1,21
713422,443186,0000-00-00,Assembly,"Assembly Final Passage",42,0,0,0,42
713536,435227,0000-00-00,Assembly,"Assembly Final Passage",30,12,0,0,42
713536,449805,0000-00-00,Senate,"Senate Final Passage",20,1,0,0,21
714735,406790,0000-00-00,Assembly,"Assembly Final Passage",42,0,0,0,42
714760,430890,0000-00-00,Assembly,"Assembly Final Passage",40,0,0,2,42
714760,447935,0000-00-00,Senate,"Senate Final Passage",21,0,0,0,21
714787,435548,0000-00-00,Assembly,"Assembly Final Passage",42,0,0,0,42
714787,450091,0000-00-00,Senate,"Senate Final Passage",20,0,0,1,21
714840,431991,0000-00-00,Assembly,"Assembly Final Passage",24,17,0,1,42
714840,449799,0000-00-00,Senate,"Senate Final Passage",15,6,0,0,21
714864,400566,0000-00-00,Assembly,"Assembly Final Passage",33,9,0,0,42
714891,433874,0000-00-00,Assembly,"Assembly Final Passage",40,1,0,1,42
714917,431442,0000-00-00,Assembly,"Assembly Final Passage",40,0,0,2,42
714917,446790,0000-00-00,Assembly,"Assembly Final Passage",40,0,0,2,42
714917,447343,0000-00-00,Senate,"Senate Final Passage",21,0,0,0,21
714941,395820,0000-00-00,Assembly,"Assembly Final Passage",25,17,0,0,42
714941,398617,0000-00-00,Senate,"Senate Final Passage",11,8,0,2,21
714964,434988,0000-00-00,Assembly,"Assembly Final Passage",34,8,0,0,42
714964,448556,0000-00-00,Senate,"Senate Final Passage",19,2,0,0,21
716662,454662,0000-00-00,Assembly,"Assembly Final Passage",40,0,0,2,42
716662,454951,0000-00-00,Senate,"Senate Final Passage",19,0,0,2,21
716669,428277,0000-00-00,Senate,"Senate Final Passage",21,0,0,0,21
716669,449649,0000-00-00,Assembly,"Assembly Final Passage",41,0,0,1,42
716678,435547,0000-00-00,Assembly,"Assembly Final Passage",42,0,0,0,42
716678,447369,0000-00-00,Senate,"Senate Final Passage",21,0,0,0,21
716692,446221,0000-00-00,Senate,"Senate Final Passage",18,2,0,1,21
716692,452234,0000-00-00,Senate,"Senate Final Passage",18,0,0,3,21
716692,454617,0000-00-00,Assembly,"Assembly Final Passage",41,0,0,1,42
716700,404172,0000-00-00,Senate,"Senate Final Passage",19,0,0,2,21
716700,442542,0000-00-00,Senate,"Senate Final Passage",19,0,0,2,21
716700,446351,0000-00-00,Assembly,"Assembly Final Passage",30,10,0,2,42
716721,431363,0000-00-00,Assembly,"Assembly Final Passage",39,1,0,2,42
716721,443133,0000-00-00,Senate,"Senate Final Passage",19,0,0,2,21
716747,426147,0000-00-00,Senate,"Senate Final Passage",20,0,0,1,21
716747,447452,0000-00-00,Assembly,"Assembly Final Passage",40,0,0,2,42
716753,431404,0000-00-00,Assembly,"Assembly Final Passage",31,9,0,2,42
716753,449465,0000-00-00,Senate,"Senate Final Passage",19,1,0,1,21
718540,450464,0000-00-00,Senate,"Senate Final Passage",20,0,0,1,21
718540,455779,0000-00-00,Assembly,"Assembly Final Passage",36,3,0,3,42
718879,400793,0000-00-00,Senate,"Senate Final Passage",18,2,0,1,21
718879,449974,0000-00-00,Assembly,"Assembly Final Passage",42,0,0,0,42
720186,434789,0000-00-00,Senate,"Senate Final Passage",19,0,0,2,21
720186,450004,0000-00-00,Assembly,"Assembly Final Passage",42,0,0,0,42
720247,434985,0000-00-00,Assembly,"Assembly Final Passage",42,0,0,0,42
720247,447326,0000-00-00,Senate,"Senate Final Passage",21,0,0,0,21
720309,426947,0000-00-00,Assembly,"Assembly Final Passage",41,0,0,1,42
720309,447370,0000-00-00,Senate,"Senate Final Passage",21,0,0,0,21
720369,431458,0000-00-00,Assembly,"Assembly Final Passage",40,0,0,2,42
720369,449795,0000-00-00,Senate,"Senate Final Passage",21,0,0,0,21
720430,430992,0000-00-00,Assembly,"Assembly Final Passage",40,0,0,2,42
720430,447308,0000-00-00,Senate,"Senate Final Passage",21,0,0,0,21
720490,432292,0000-00-00,Assembly,"Assembly Final Passage",41,0,0,1,42
720490,447534,0000-00-00,Senate,"Senate Final Passage",20,0,0,1,21
720551,401277,0000-00-00,Senate,"Senate Final Passage",20,0,0,1,21
720612,426683,0000-00-00,Assembly,"Assembly Final Passage",41,0,0,1,42
720612,444549,0000-00-00,Senate,"Senate Final Passage",20,0,0,1,21
720674,455150,0000-00-00,Assembly,"Assembly Final Passage",34,6,0,2,42
720735,404212,0000-00-00,Senate,"Senate Final Passage",19,0,0,2,21
720735,446457,0000-00-00,Assembly,"Assembly Final Passage",38,3,0,1,42
720798,425548,0000-00-00,Assembly,"Assembly Final Passage",30,12,0,0,42
720798,447558,0000-00-00,Senate,"Senate Final Passage",12,8,0,1,21
720798,466586,0000-00-00,Assembly,"Assembly Final Passage",30,12,0,0,42
720798,466587,0000-00-00,Senate,"Senate Final Passage",12,8,0,1,21
720922,454986,0000-00-00,Assembly,"Assembly Final Passage",36,4,0,2,42
720922,455217,0000-00-00,Senate,"Senate Final Passage",21,0,0,0,21
720983,435504,0000-00-00,Assembly,"Assembly Final Passage",24,18,0,0,42
721045,432344,0000-00-00,Assembly,"Assembly Final Passage",40,1,0,1,42
721045,444248,0000-00-00,Senate,"Senate Final Passage",20,0,0,1,21
721106,432034,0000-00-00,Assembly,"Assembly Final Passage",24,17,0,1,42
723160,426202,0000-00-00,Senate,"Senate Final Passage",20,0,0,1,21
723160,438821,0000-00-00,Assembly,"Assembly Final Passage",28,14,0,0,42
723160,448921,0000-00-00,Assembly,"Assembly Final Passage",26,15,0,1,42
723226,407378,0000-00-00,Senate,"Senate Final Passage",19,0,0,2,21
723226,449843,0000-00-00,Assembly,"Assembly Final Passage",42,0,0,0,42
723361,407931,0000-00-00,Senate,"Senate Final Passage",19,0,0,2,21
723361,428083,0000-00-00,Assembly,"Assembly Final Passage",41,1,0,0,42
723427,427982,0000-00-00,Senate,"Senate Final Passage",21,0,0,0,21
723427,443626,0000-00-00,Assembly,"Assembly Final Passage",42,0,0,0,42
723494,428171,0000-00-00,Senate,"Senate Final Passage",21,0,0,0,21
723494,446571,0000-00-00,Assembly,"Assembly Final Passage",40,1,0,1,42
723628,432030,0000-00-00,Senate,"Senate Final Passage",20,0,0,1,21
723628,443137,0000-00-00,Assembly,"Assembly Final Passage",42,0,0,0,42
723694,431831,0000-00-00,Senate,"Senate Final Passage",20,0,0,1,21
723694,449503,0000-00-00,Assembly,"Assembly Final Passage",41,0,0,1,42
723872,435538,0000-00-00,Senate,"Senate Final Passage",21,0,0,0,21
723872,450016,0000-00-00,Assembly,"Assembly Final Passage",41,0,0,1,42
725343,425420,0000-00-00,Assembly,"Assembly Final Passage",25,17,0,0,42
725343,427359,0000-00-00,Senate,"Senate Final Passage",11,9,0,1,21
725343,446187,0000-00-00,Assembly,"Assembly Final Passage",25,17,0,0,42
725343,446188,0000-00-00,Senate,"Senate Final Passage",11,9,0,1,21
725363,433223,0000-00-00,Assembly,"Assembly Final Passage",41,0,0,1,42
725363,448059,0000-00-00,Senate,"Senate Final Passage",20,0,0,1,21
725384,435092,0000-00-00,Assembly,"Assembly Final Passage",41,1,0,0,42
725384,447285,0000-00-00,Senate,"Senate Consent Calendar",19,0,0,2,21
725405,426978,0000-00-00,Assembly,"Assembly Final Passage",24,15,0,3,42
725448,431185,0000-00-00,Assembly,"Assembly Final Passage",40,0,0,2,42
725448,442543,0000-00-00,Senate,"Senate Final Passage",17,4,0,0,21
725448,447316,0000-00-00,Senate,"Senate Final Passage",21,0,0,0,21
725448,466584,0000-00-00,Senate,"Senate Final Passage",20,0,0,1,21
725448,466585,0000-00-00,Assembly,"Assembly Final Passage",42,0,0,0,42
725469,435810,0000-00-00,Assembly,"Assembly Final Passage",32,10,0,0,42
725469,448091,0000-00-00,Senate,"Senate Final Passage",21,0,0,0,21
725469,454591,0000-00-00,Assembly,"Assembly Final Passage",32,10,0,0,42
725469,454592,0000-00-00,Senate,"Senate Final Passage",21,0,0,0,21
725493,430910,0000-00-00,Assembly,"Assembly Final Passage",40,0,0,2,42
725493,447347,0000-00-00,Senate,"Senate Final Passage",21,0,0,0,21
725514,404419,0000-00-00,Assembly,"Assembly Final Passage",41,0,0,1,42
725514,414859,0000-00-00,Senate,"Senate Final Passage",19,0,0,2,21
725537,411358,0000-00-00,Assembly,"Assembly Final Passage",41,0,0,1,42
725537,447312,0000-00-00,Senate,"Senate Final Passage",21,0,0,0,21
725561,403846,0000-00-00,Assembly,"Assembly Final Passage",42,0,0,0,42
725561,443259,0000-00-00,Senate,"Senate Final Passage",19,0,0,2,21
725581,451003,0000-00-00,Assembly,"Assembly Final Passage",39,2,0,1,42
725581,454386,0000-00-00,Senate,"Senate Final Passage",19,0,0,2,21
725603,435000,0000-00-00,Assembly,"Assembly Final Passage",25,17,0,0,42
725603,449247,0000-00-00,Senate,"Senate Final Passage",12,8,0,1,21
725626,432048,0000-00-00,Assembly,"Assembly Final Passage",41,0,0,1,42
725626,447379,0000-00-00,Senate,"Senate Final Passage",21,0,0,0,21
725648,431186,0000-00-00,Assembly,"Assembly Final Passage",39,0,0,3,42
725648,447335,0000-00-00,Senate,"Senate Final Passage",21,0,0,0,21
725672,435084,0000-00-00,Assembly,"Assembly Final Passage",42,0,0,0,42
725672,447337,0000-00-00,Senate,"Senate Final Passage",21,0,0,0,21
725693,431174,0000-00-00,Assembly,"Assembly Final Passage",40,0,0,2,42
725693,443114,0000-00-00,Senate,"Senate Final Passage",19,0,0,2,21
725714,435570,0000-00-00,Assembly,"Assembly Final Passage",42,0,0,0,42
725714,437207,0000-00-00,Assembly,"Assembly Final Passage",42,0,0,0,42
725714,450082,0000-00-00,Senate,"Senate Final Passage",19,0,0,2,21
726455,435796,0000-00-00,Senate,"Senate Final Passage",21,0,0,0,21
726455,447456,0000-00-00,Assembly,"Assembly Final Passage",39,1,0,2,42
726470,426775,0000-00-00,Senate,"Senate Final Passage",19,1,0,1,21
726470,443613,0000-00-00,Assembly,"Assembly Final Passage",42,0,0,0,42
726486,473233,0000-00-00,Assembly,"Assembly Final Passage",40,0,0,2,42
726486,473234,0000-00-00,Senate,"Senate Consent Calendar",19,0,0,2,21
726501,433575,0000-00-00,Senate,"Senate Final Passage",20,0,0,1,21
726501,450022,0000-00-00,Assembly,"Assembly Final Passage",36,6,0,0,42
726515,452643,0000-00-00,Senate,"Senate Final Passage",19,0,0,2,21
726532,408201,0000-00-00,Senate,"Senate Final Passage",19,0,0,2,21
726532,447428,0000-00-00,Assembly,"Assembly Final Passage",37,3,0,2,42
726532,473236,0000-00-00,Assembly,"Assembly Final Passage",42,0,0,0,42
726532,473237,0000-00-00,Senate,"Senate Final Passage",21,0,0,0,21
726548,429621,0000-00-00,Senate,"Senate Final Passage",21,0,0,0,21
726562,431678,0000-00-00,Senate,"Senate Final Passage",20,0,0,1,21
726562,449982,0000-00-00,Assembly,"Assembly Final Passage",33,9,0,0,42
726578,412758,0000-00-00,Senate,"Senate Final Passage",19,0,0,2,21
726578,442717,0000-00-00,Assembly,"Assembly Final Passage",42,0,0,0,42
726609,431515,0000-00-00,Senate,"Senate Final Passage",18,2,0,1,21
726609,449900,0000-00-00,Assembly,"Assembly Final Passage",38,4,0,0,42
726624,425447,0000-00-00,Senate,"Senate Final Passage",11,9,0,1,21
726624,449856,0000-00-00,Assembly,"Assembly Final Passage",25,17,0,0,42
726639,431486,0000-00-00,Senate,"Senate Final Passage",20,0,0,1,21
726639,448906,0000-00-00,Assembly,"Assembly Final Passage",41,0,0,1,42
726653,432058,0000-00-00,Senate,"Senate Final Passage",20,0,0,1,21
726653,462078,0000-00-00,Senate,"Senate Final Passage",20,0,0,1,21
726653,462079,0000-00-00,Assembly,"Assembly Final Passage",30,12,0,0,42
726665,425464,0000-00-00,Senate,"Senate Final Passage",20,0,0,1,21
726665,449584,0000-00-00,Assembly,"Assembly Final Passage",23,18,0,1,42
727218,414541,0000-00-00,Assembly,"Assembly Final Passage",26,15,0,1,42
727218,454268,0000-00-00,Senate,"Senate Final Passage",16,3,0,2,21
727251,434937,0000-00-00,Assembly,"Assembly Final Passage",37,5,0,0,42
727251,448045,0000-00-00,Senate,"Senate Final Passage",20,0,0,1,21
727286,435373,0000-00-00,Assembly,"Assembly Final Passage",42,0,0,0,42
727286,447872,0000-00-00,Senate,"Senate Final Passage",21,0,0,0,21
727355,431258,0000-00-00,Assembly,"Assembly Final Passage",37,1,1,3,42
727355,447981,0000-00-00,Senate,"Senate Final Passage",21,0,0,0,21
727391,423690,0000-00-00,Senate,"Senate Final Passage",11,8,0,2,21
727391,449457,0000-00-00,Assembly,"Assembly Final Passage",20,21,0,1,42
727391,450155,0000-00-00,Assembly,"Assembly Final Passage",41,0,0,1,42
727501,428160,0000-00-00,Senate,"Senate Final Passage",21,0,0,0,21
727501,453484,0000-00-00,Assembly,"Assembly Final Passage",36,6,0,0,42
727535,434990,0000-00-00,Assembly,"Assembly Final Passage",25,17,0,0,42
727535,455516,0000-00-00,Senate,"Senate Final Passage",17,4,0,0,21
728400,426700,0000-00-00,Senate,"Senate Final Passage",20,0,0,1,21
728400,450041,0000-00-00,Assembly,"Assembly Final Passage",33,9,0,0,42
728501,435181,0000-00-00,Assembly,"Assembly Final Passage",42,0,0,0,42
728501,450212,0000-00-00,Senate,"Senate Final Passage",19,0,0,2,21
728559,415250,0000-00-00,Senate,"Senate Final Passage",14,5,0,2,21
728559,449882,0000-00-00,Assembly,"Assembly Final Passage",25,17,0,0,42
728611,426999,0000-00-00,Assembly,"Assembly Final Passage",25,14,0,3,42
728611,444555,0000-00-00,Senate,"Senate Final Passage",13,7,0,1,21
728611,445035,0000-00-00,Senate,"Senate Final Passage",18,1,0,2,21
728665,435010,0000-00-00,Assembly,"Assembly Final Passage",42,0,0,0,42
728665,443463,0000-00-00,Assembly,"Assembly Final Passage",42,0,0,0,42
728665,449489,0000-00-00,Senate,"Senate Final Passage",20,0,0,1,21
728772,432442,0000-00-00,Senate,"Senate Final Passage",20,0,0,1,21
728772,449576,0000-00-00,Assembly,"Assembly Final Passage",41,0,0,1,42
728828,435706,0000-00-00,Assembly,"Assembly Final Passage",25,17,0,0,42
729909,449989,0000-00-00,Senate,"Senate Final Passage",20,0,0,1,21
729962,433179,0000-00-00,Assembly,"Assembly Final Passage",41,0,0,1,42
729962,443003,0000-00-00,Senate,"Senate Final Passage",19,0,0,2,21
729987,423856,0000-00-00,Assembly,"Assembly Final Passage",42,0,0,0,42
729987,443734,0000-00-00,Senate,"Senate Final Passage",20,0,0,1,21
730042,428089,0000-00-00,Senate,"Senate Final Passage",21,0,0,0,21
730042,449416,0000-00-00,Assembly,"Assembly Final Passage",41,0,0,1,42
730067,431303,0000-00-00,Assembly,"Assembly Final Passage",40,0,0,2,42
730067,447306,0000-00-00,Senate,"Senate Final Passage",21,0,0,0,21
730092,430373,0000-00-00,Senate,"Senate Final Passage",21,0,0,0,21
730092,441784,0000-00-00,Assembly,"Assembly Final Passage",42,0,0,0,42
730092,464745,0000-00-00,Assembly,"Assembly Final Passage",25,17,0,0,42
730092,464746,0000-00-00,Senate,"Senate Final Passage",11,9,0,1,21
730143,435085,0000-00-00,Assembly,"Assembly Final Passage",42,0,0,0,42
730143,441043,0000-00-00,Senate,"Senate Final Passage",21,0,0,0,21
730143,449990,0000-00-00,Senate,"Senate Final Passage",20,0,0,1,21
731350,418250,0000-00-00,Assembly,"Assembly Final Passage",26,14,0,2,42
731350,443012,0000-00-00,Senate,"Senate Final Passage",19,0,0,2,21
732038,429077,0000-00-00,Senate,"Senate Final Passage",21,0,0,0,21
732982,431976,0000-00-00,Senate,"Senate Final Passage",20,0,0,1,21
732982,449899,0000-00-00,Assembly,"Assembly Final Passage",26,16,0,0,42
733040,433207,0000-00-00,Assembly,"Assembly Final Passage",37,4,0,1,42
733040,447334,0000-00-00,Senate,"Senate Final Passage",20,1,0,0,21
733040,450333,0000-00-00,Assembly,"Assembly Final Passage",37,4,0,1,42
733040,450334,0000-00-00,Senate,"Senate Final Passage",20,1,0,0,21
733071,407926,0000-00-00,Senate,"Senate Final Passage",19,0,0,2,21
733071,448975,0000-00-00,Assembly,"Assembly Final Passage",35,6,0,1,42
733167,425606,0000-00-00,Senate,"Senate Final Passage",20,0,0,1,21
733167,446572,0000-00-00,Assembly,"Assembly Final Passage",42,0,0,0,42
733229,448248,0000-00-00,Senate,"Senate Final Passage",20,1,0,0,21
733229,454997,0000-00-00,Assembly,"Assembly Final Passage",40,0,0,2,42
733261,435530,0000-00-00,Assembly,"Assembly Final Passage",34,8,0,0,42
733261,447486,0000-00-00,Senate,"Senate Final Passage",20,0,0,1,21
734866,431272,0000-00-00,Assembly,"Assembly Final Passage",40,0,0,2,42
734866,434675,0000-00-00,Assembly,"Assembly Final Passage",40,0,0,2,42
734866,447355,0000-00-00,Senate,"Senate Final Passage",21,0,0,0,21
736112,426702,0000-00-00,Senate,"Senate Final Passage",11,9,0,1,21
736112,450129,0000-00-00,Assembly,"Assembly Final Passage",22,20,0,0,42
736236,428094,0000-00-00,Senate,"Senate Final Passage",21,0,0,0,21
736236,446574,0000-00-00,Assembly,"Assembly Final Passage",42,0,0,0,42
736362,434257,0000-00-00,Senate,"Senate Final Passage",21,0,0,0,21
736362,449459,0000-00-00,Assembly,"Assembly Final Passage",41,0,0,1,42
736486,432360,0000-00-00,Senate,"Senate Final Passage",20,0,0,1,21
736486,450059,0000-00-00,Assembly,"Assembly Final Passage",34,8,0,0,42
736609,432091,0000-00-00,Senate,"Senate Final Passage",20,0,0,1,21
736609,454692,0000-00-00,Assembly,"Assembly Final Passage",41,0,0,1,42
738179,435134,0000-00-00,Assembly,"Assembly Final Passage",42,0,0,0,42
738179,447338,0000-00-00,Senate,"Senate Final Passage",21,0,0,0,21
738288,449553,0000-00-00,Assembly,"Assembly Final Passage",39,1,0,2,42
738288,454283,0000-00-00,Senate,"Senate Final Passage",19,0,0,2,21
738288,455469,0000-00-00,Senate,"Senate Final Passage",19,2,0,0,21
738288,455470,0000-00-00,Assembly,"Assembly Final Passage",22,20,0,0,42
738342,435421,0000-00-00,Assembly,"Assembly Final Passage",34,8,0,0,42
738342,447281,0000-00-00,Senate,"Senate Final Passage",11,8,0,2,21
738397,414620,0000-00-00,Assembly,"Assembly Final Passage",40,1,0,1,42
738397,449562,0000-00-00,Senate,"Senate Final Passage",20,0,0,1,21
738453,431256,0000-00-00,Assembly,"Assembly Final Passage",40,0,0,2,42
738453,447350,0000-00-00,Senate,"Senate Final Passage",21,0,0,0,21
738508,425752,0000-00-00,Assembly,"Assembly Final Passage",42,0,0,0,42
738508,443723,0000-00-00,Senate,"Senate Final Passage",20,0,0,1,21
738561,431480,0000-00-00,Assembly,"Assembly Final Passage",40,0,0,2,42
738561,443609,0000-00-00,Senate,"Senate Final Passage",20,0,0,1,21
738673,435856,0000-00-00,Assembly,"Assembly Final Passage",42,0,0,0,42
738673,447378,0000-00-00,Senate,"Senate Final Passage",21,0,0,0,21
738724,429185,0000-00-00,Senate,"Senate Final Passage",21,0,0,0,21
738724,442544,0000-00-00,Senate,"Senate Final Passage",21,0,0,0,21
738724,443490,0000-00-00,Assembly,"Assembly Final Passage",42,0,0,0,42
741970,435874,0000-00-00,Assembly,"Assembly Final Passage",42,0,0,0,42
741991,425503,0000-00-00,Senate,"Senate Final Passage",20,0,0,1,21
741991,442713,0000-00-00,Assembly,"Assembly Final Passage",42,0,0,0,42
742014,432361,0000-00-00,Senate,"Senate Final Passage",20,0,0,1,21
742014,449405,0000-00-00,Assembly,"Assembly Final Passage",28,13,0,1,42
742046,434993,0000-00-00,Assembly,"Assembly Final Passage",42,0,0,0,42
742046,447377,0000-00-00,Senate,"Senate Final Passage",21,0,0,0,21
742133,435635,0000-00-00,Assembly,"Assembly Final Passage",42,0,0,0,42
742133,448221,0000-00-00,Senate,"Senate Final Passage",20,0,0,1,21
742155,431297,0000-00-00,Assembly,"Assembly Final Passage",40,0,0,2,42
742155,447357,0000-00-00,Senate,"Senate Final Passage",21,0,0,0,21
742178,431307,0000-00-00,Assembly,"Assembly Final Passage",40,0,0,2,42
742178,448393,0000-00-00,Senate,"Senate Final Passage",20,0,0,1,21
742244,453416,0000-00-00,Assembly,"Assembly Final Passage",42,0,0,0,42
742244,454668,0000-00-00,Senate,"Senate Final Passage",20,0,0,1,21
743107,447352,0000-00-00,Senate,"Senate Final Passage",21,0,0,0,21
743107,450164,0000-00-00,Assembly,"Assembly Final Passage",41,0,0,1,42
743240,403474,0000-00-00,Senate,"Senate Final Passage",15,4,0,2,21
743240,404141,0000-00-00,Assembly,"Assembly Final Passage",27,14,0,1,42
743382,427961,0000-00-00,Senate,"Senate Final Passage",21,0,0,0,21
743382,442599,0000-00-00,Assembly,"Assembly Final Passage",42,0,0,0,42
743746,433723,0000-00-00,Assembly,"Assembly Final Passage",41,0,0,1,42
743746,437601,0000-00-00,Assembly,"Assembly Final Passage",41,0,0,1,42
743746,444868,0000-00-00,Assembly,"Assembly Final Passage",41,0,0,1,42
743746,447900,0000-00-00,Senate,"Senate Final Passage",20,0,0,1,21
744492,454445,0000-00-00,Assembly,"Assembly Final Passage",42,0,0,0,42
744492,455672,0000-00-00,Senate,"Senate Final Passage",20,0,0,1,21
744533,434251,0000-00-00,Senate,"Senate Final Passage",21,0,0,0,21
744533,447444,0000-00-00,Assembly,"Assembly Final Passage",40,0,0,2,42
744575,433568,0000-00-00,Assembly,"Assembly Final Passage",30,11,0,1,42
744617,414558,0000-00-00,Senate,"Senate Final Passage",19,0,0,2,21
744617,448811,0000-00-00,Assembly,"Assembly Final Passage",41,0,0,1,42
744658,455238,0000-00-00,Assembly,"Assembly Final Passage",34,6,0,2,42
744738,426695,0000-00-00,Assembly,"Assembly Final Passage",41,0,0,1,42
744738,444124,0000-00-00,Senate,"Senate Final Passage",20,0,0,1,21
745659,426465,0000-00-00,Senate,"Senate Final Passage",20,0,0,1,21
745659,442703,0000-00-00,Assembly,"Assembly Final Passage",42,0,0,0,42
745698,435379,0000-00-00,Assembly,"Assembly Final Passage",42,0,0,0,42
745698,447342,0000-00-00,Senate,"Senate Final Passage",21,0,0,0,21
745787,431017,0000-00-00,Assembly,"Assembly Final Passage",31,9,0,2,42
745787,447364,0000-00-00,Senate,"Senate Final Passage",21,0,0,0,21
745807,435219,0000-00-00,Assembly,"Assembly Final Passage",42,0,0,0,42
745807,447313,0000-00-00,Senate,"Senate Final Passage",21,0,0,0,21
745828,434968,0000-00-00,Assembly,"Assembly Final Passage",17,25,0,0,42
745892,413626,0000-00-00,Senate,"Senate Final Passage",19,0,0,2,21
745892,446497,0000-00-00,Assembly,"Assembly Final Passage",39,3,0,0,42
745938,454670,0000-00-00,Senate,"Senate Final Passage",20,0,0,1,21
745938,455177,0000-00-00,Assembly,"Assembly Final Passage",34,3,0,5,42
746000,435097,0000-00-00,Assembly,"Assembly Final Passage",39,3,0,0,42
746000,447356,0000-00-00,Senate,"Senate Final Passage",21,0,0,0,21
746024,433347,0000-00-00,Assembly,"Assembly Final Passage",41,0,0,1,42
746024,447329,0000-00-00,Senate,"Senate Final Passage",21,0,0,0,21
746066,454707,0000-00-00,Senate,"Senate Final Passage",20,0,0,1,21
746066,456094,0000-00-00,Assembly,"Assembly Final Passage",37,2,0,3,42
746110,435655,0000-00-00,Assembly,"Assembly Final Passage",42,0,0,0,42
746627,427990,0000-00-00,Senate,"Senate Final Passage",16,5,0,0,21
746627,442563,0000-00-00,Assembly,"Assembly Final Passage",32,10,0,0,42
746671,435417,0000-00-00,Assembly,"Assembly Final Passage",25,17,0,0,42
746671,450035,0000-00-00,Senate,"Senate Final Passage",15,5,0,1,21
746716,449224,0000-00-00,Assembly,"Assembly Final Passage",39,1,0,2,42
746716,454476,0000-00-00,Senate,"Senate Final Passage",18,1,0,2,21
746762,412145,0000-00-00,Assembly,"Assembly Final Passage",41,0,0,1,42
746852,434741,0000-00-00,Senate,"Senate Final Passage",19,0,0,2,21
746852,448953,0000-00-00,Assembly,"Assembly Final Passage",41,0,0,1,42
746897,433370,0000-00-00,Assembly,"Assembly Final Passage",31,10,0,1,42
746897,447354,0000-00-00,Senate,"Senate Final Passage",21,0,0,0,21
746940,433398,0000-00-00,Senate,"Senate Final Passage",20,0,0,1,21
746940,450027,0000-00-00,Assembly,"Assembly Final Passage",41,0,0,1,42
747297,433494,0000-00-00,Senate,"Senate Final Passage",18,3,0,0,21
747297,448333,0000-00-00,Assembly,"Assembly Final Passage",42,0,0,0,42
747297,454638,0000-00-00,Senate,"Senate Final Passage",18,3,0,0,21
747297,454639,0000-00-00,Assembly,"Assembly Final Passage",42,0,0,0,42
747328,426148,0000-00-00,Senate,"Senate Final Passage",20,0,0,1,21
747328,449976,0000-00-00,Assembly,"Assembly Final Passage",24,17,0,1,42
747361,435580,0000-00-00,Assembly,"Assembly Final Passage",40,2,0,0,42
747361,450180,0000-00-00,Senate,"Senate Final Passage",19,0,0,2,21
747392,435595,0000-00-00,Assembly,"Assembly Final Passage",24,18,0,0,42
747392,447366,0000-00-00,Senate,"Senate Final Passage",12,9,0,0,21
747423,455003,0000-00-00,Assembly,"Assembly Final Passage",40,0,0,2,42
747423,455118,0000-00-00,Senate,"Senate Final Passage",21,0,0,0,21
747452,434528,0000-00-00,Senate,"Senate Final Passage",21,0,0,0,21
747452,450054,0000-00-00,Assembly,"Assembly Final Passage",41,0,0,1,42
747489,426882,0000-00-00,Assembly,"Assembly Final Passage",41,0,0,1,42
747489,447298,0000-00-00,Senate,"Senate Consent Calendar",19,0,0,2,21
747521,431171,0000-00-00,Senate,"Senate Final Passage",21,0,0,0,21
747521,431640,0000-00-00,Senate,"Senate Final Passage",21,0,0,0,21
747521,448092,0000-00-00,Assembly,"Assembly Final Passage",42,0,0,0,42
747554,435578,0000-00-00,Assembly,"Assembly Final Passage",42,0,0,0,42
747554,447965,0000-00-00,Senate,"Senate Final Passage",21,0,0,0,21
747586,435460,0000-00-00,Assembly,"Assembly Final Passage",42,0,0,0,42
747586,450472,0000-00-00,Senate,"Senate Final Passage",20,0,0,1,21
747685,447211,0000-00-00,Senate,"Senate Final Passage",21,0,0,0,21
747685,455163,0000-00-00,Assembly,"Assembly Final Passage",40,0,0,2,42
747720,449792,0000-00-00,Senate,"Senate Final Passage",20,1,0,0,21
747720,454962,0000-00-00,Assembly,"Assembly Final Passage",37,3,0,2,42
747750,432255,0000-00-00,Senate,"Senate Final Passage",15,5,0,1,21
747750,450023,0000-00-00,Assembly,"Assembly Final Passage",30,12,0,0,42
749122,426084,0000-00-00,Senate,"Senate Final Passage",20,0,0,1,21
749122,449583,0000-00-00,Assembly,"Assembly Final Passage",23,18,0,1,42
749209,433791,0000-00-00,Senate,"Senate Final Passage",21,0,0,0,21
749209,448023,0000-00-00,Assembly,"Assembly Final Passage",42,0,0,0,42
749297,428250,0000-00-00,Senate,"Senate Final Passage",15,6,0,0,21
749297,450014,0000-00-00,Assembly,"Assembly Final Passage",42,0,0,0,42
749383,434710,0000-00-00,Senate,"Senate Final Passage",15,4,0,2,21
749383,449658,0000-00-00,Assembly,"Assembly Final Passage",41,0,0,1,42
749468,427941,0000-00-00,Senate,"Senate Final Passage",21,0,0,0,21
749468,448873,0000-00-00,Assembly,"Assembly Final Passage",23,18,0,1,42
749468,450277,0000-00-00,Senate,"Senate Final Passage",21,0,0,0,21
749468,450278,0000-00-00,Assembly,"Assembly Final Passage",23,18,0,1,42
749582,435775,0000-00-00,Assembly,"Assembly Final Passage",31,11,0,0,42
749582,447344,0000-00-00,Senate,"Senate Final Passage",21,0,0,0,21
751825,432277,0000-00-00,Senate,"Senate Final Passage",20,0,0,1,21
751825,447497,0000-00-00,Assembly,"Assembly Final Passage",40,0,0,2,42
751845,425547,0000-00-00,Assembly,"Assembly Final Passage",41,1,0,0,42
751845,447374,0000-00-00,Senate,"Senate Final Passage",21,0,0,0,21
751864,428154,0000-00-00,Senate,"Senate Final Passage",21,0,0,0,21
751864,447615,0000-00-00,Assembly,"Assembly Final Passage",29,11,0,2,42
751884,434769,0000-00-00,Senate,"Senate Final Passage",19,0,0,2,21
751884,449913,0000-00-00,Assembly,"Assembly Final Passage",36,6,0,0,42
751884,454994,0000-00-00,Senate,"Senate Final Passage",19,0,0,2,21
751884,454995,0000-00-00,Assembly,"Assembly Final Passage",36,6,0,0,42
751943,432139,0000-00-00,Senate,"Senate Final Passage",20,0,0,1,21
751943,447612,0000-00-00,Assembly,"Assembly Final Passage",40,0,0,2,42
751981,435031,0000-00-00,Assembly,"Assembly Final Passage",42,0,0,0,42
751981,448965,0000-00-00,Assembly,"Assembly Final Passage",42,0,0,0,42
752003,435812,0000-00-00,Assembly,"Assembly Final Passage",31,11,0,0,42
752003,454958,0000-00-00,Senate,"Senate Final Passage",13,7,0,1,21
752003,456156,0000-00-00,Assembly,"Assembly Final Passage",22,18,0,2,42
752022,428286,0000-00-00,Assembly,"Assembly Final Passage",42,0,0,0,42
752022,443396,0000-00-00,Assembly,"Assembly Final Passage",42,0,0,0,42
752022,449949,0000-00-00,Senate,"Senate Final Passage",21,0,0,0,21
752136,429750,0000-00-00,Senate,"Senate Final Passage",21,0,0,0,21
752136,443293,0000-00-00,Assembly,"Assembly Final Passage",42,0,0,0,42
752178,431413,0000-00-00,Assembly,"Assembly Final Passage",40,0,0,2,42
752178,443059,0000-00-00,Senate,"Senate Final Passage",19,0,0,2,21
752196,435141,0000-00-00,Assembly,"Assembly Final Passage",25,17,0,0,42
752196,450253,0000-00-00,Senate,"Senate Final Passage",19,0,0,2,21
752215,433107,0000-00-00,Senate,"Senate Final Passage",21,0,0,0,21
752215,449847,0000-00-00,Assembly,"Assembly Final Passage",42,0,0,0,42
752233,434748,0000-00-00,Senate,"Senate Final Passage",19,0,0,2,21
752233,447462,0000-00-00,Assembly,"Assembly Final Passage",23,17,0,2,42
752273,435523,0000-00-00,Senate,"Senate Final Passage",21,0,0,0,21
752273,449411,0000-00-00,Assembly,"Assembly Final Passage",29,12,0,1,42
752292,433427,0000-00-00,Assembly,"Assembly Final Passage",24,17,0,1,42
752311,413535,0000-00-00,Assembly,"Assembly Final Passage",42,0,0,0,42
752311,416154,0000-00-00,Senate,"Senate Final Passage",19,0,0,2,21
752334,435275,0000-00-00,Senate,"Senate Final Passage",17,4,0,0,21
752334,466597,0000-00-00,Senate,"Senate Final Passage",19,0,0,2,21
754726,435050,0000-00-00,Assembly,"Assembly Final Passage",42,0,0,0,42
754726,447324,0000-00-00,Senate,"Senate Final Passage",21,0,0,0,21
754870,431353,0000-00-00,Assembly,"Assembly Final Passage",40,0,0,2,42
754870,448635,0000-00-00,Senate,"Senate Final Passage",21,0,0,0,21
754870,456506,0000-00-00,Senate,"Senate Final Passage",21,0,0,0,21
754870,456507,0000-00-00,Assembly,"Assembly Final Passage",32,10,0,0,42
754899,435609,0000-00-00,Assembly,"Assembly Final Passage",32,10,0,0,42
754899,447353,0000-00-00,Senate,"Senate Final Passage",20,1,0,0,21
754926,434415,0000-00-00,Senate,"Senate Final Passage",21,0,0,0,21
754955,434708,0000-00-00,Senate,"Senate Final Passage",19,0,0,2,21
754955,448793,0000-00-00,Assembly,"Assembly Final Passage",39,2,0,1,42
754983,435676,0000-00-00,Senate,"Senate Final Passage",21,0,0,0,21
754983,448940,0000-00-00,Assembly,"Assembly Final Passage",40,1,0,1,42
755012,433669,0000-00-00,Senate,"Senate Final Passage",20,0,0,1,21
755012,447557,0000-00-00,Assembly,"Assembly Final Passage",40,1,0,1,42
755131,451279,0000-00-00,Senate,"Senate Final Passage",12,7,0,2,21
755131,456214,0000-00-00,Assembly,"Assembly Final Passage",34,5,0,3,42
755159,435209,0000-00-00,Assembly,"Assembly Final Passage",40,2,0,0,42
755218,428114,0000-00-00,Senate,"Senate Final Passage",21,0,0,0,21
755218,447593,0000-00-00,Assembly,"Assembly Final Passage",35,6,0,1,42
755274,435199,0000-00-00,Assembly,"Assembly Final Passage",42,0,0,0,42
755274,447332,0000-00-00,Senate,"Senate Final Passage",21,0,0,0,21
755332,449707,0000-00-00,Senate,"Senate Final Passage",11,9,0,1,21
755332,453530,0000-00-00,Assembly,"Assembly Final Passage",24,18,0,0,42
756235,452456,0000-00-00,Senate,"Senate Final Passage",19,0,0,2,21
756264,431487,0000-00-00,Senate,"Senate Final Passage",20,0,0,1,21
756264,447473,0000-00-00,Assembly,"Assembly Final Passage",41,0,0,1,42
756303,435017,0000-00-00,Assembly,"Assembly Final Passage",42,0,0,0,42
756303,447346,0000-00-00,Senate,"Senate Final Passage",21,0,0,0,21
756312,427336,0000-00-00,Senate,"Senate Final Passage",20,0,0,1,21
756312,443083,0000-00-00,Assembly,"Assembly Final Passage",42,0,0,0,42
756323,435304,0000-00-00,Assembly,"Assembly Final Passage",42,0,0,0,42
756323,447322,0000-00-00,Senate,"Senate Final Passage",21,0,0,0,21
756343,434418,0000-00-00,Senate,"Senate Final Passage",21,0,0,0,21
756352,433336,0000-00-00,Assembly,"Assembly Final Passage",41,0,0,1,42
756352,447330,0000-00-00,Senate,"Senate Final Passage",21,0,0,0,21
756362,431995,0000-00-00,Senate,"Senate Final Passage",20,0,0,1,21
756362,450089,0000-00-00,Assembly,"Assembly Final Passage",42,0,0,0,42
756373,435901,0000-00-00,Assembly,"Assembly Final Passage",42,0,0,0,42
756373,449563,0000-00-00,Senate,"Senate Final Passage",20,0,0,1,21
756383,435186,0000-00-00,Assembly,"Assembly Final Passage",42,0,0,0,42
756383,455449,0000-00-00,Senate,"Senate Final Passage",20,1,0,0,21
756415,450138,0000-00-00,Senate,"Senate Final Passage",17,3,0,1,21
756415,454334,0000-00-00,Assembly,"Assembly Final Passage",34,7,1,0,42
756436,435119,0000-00-00,Assembly,"Assembly Final Passage",22,20,0,0,42
756455,434775,0000-00-00,Senate,"Senate Final Passage",19,0,0,2,21
756455,448905,0000-00-00,Assembly,"Assembly Final Passage",39,2,0,1,42
756475,433221,0000-00-00,Senate,"Senate Final Passage",21,0,0,0,21
756475,450018,0000-00-00,Assembly,"Assembly Final Passage",38,4,0,0,42
756497,435118,0000-00-00,Assembly,"Assembly Final Passage",40,2,0,0,42
756497,448209,0000-00-00,Senate,"Senate Final Passage",20,0,0,1,21
756497,459781,0000-00-00,Assembly,"Assembly Final Passage",40,2,0,0,42
756497,459782,0000-00-00,Senate,"Senate Final Passage",20,0,0,1,21
756517,435354,0000-00-00,Senate,"Senate Final Passage",21,0,0,0,21
756517,449969,0000-00-00,Assembly,"Assembly Final Passage",42,0,0,0,42
756557,433146,0000-00-00,Assembly,"Assembly Final Passage",41,0,0,1,42
756578,427538,0000-00-00,Senate,"Senate Final Passage",20,0,0,1,21
756578,443480,0000-00-00,Assembly,"Assembly Final Passage",42,0,0,0,42
756588,435741,0000-00-00,Assembly,"Assembly Final Passage",40,2,0,0,42
756609,434987,0000-00-00,Assembly,"Assembly Final Passage",42,0,0,0,42
756609,447297,0000-00-00,Senate,"Senate Consent Calendar",19,0,0,2,21
756628,433177,0000-00-00,Assembly,"Assembly Final Passage",41,0,0,1,42
756628,447315,0000-00-00,Senate,"Senate Final Passage",21,0,0,0,21
756679,454999,0000-00-00,Senate,"Senate Final Passage",19,0,0,2,21
756679,455766,0000-00-00,Assembly,"Assembly Final Passage",38,2,0,2,42
756699,427484,0000-00-00,Senate,"Senate Final Passage",20,0,0,1,21
756699,442609,0000-00-00,Assembly,"Assembly Final Passage",42,0,0,0,42
756746,434925,0000-00-00,Assembly,"Assembly Final Passage",40,2,0,0,42
756746,473266,0000-00-00,Assembly,"Assembly Final Passage",40,2,0,0,42
757921,434833,0000-00-00,Senate,"Senate Final Passage",19,0,0,2,21
757921,450060,0000-00-00,Assembly,"Assembly Final Passage",42,0,0,0,42
757921,459709,0000-00-00,Senate,"Senate Final Passage",21,0,0,0,21
757921,459710,0000-00-00,Assembly,"Assembly Final Passage",34,8,0,0,42
757926,435375,0000-00-00,Senate,"Senate Final Passage",21,0,0,0,21
757926,447587,0000-00-00,Assembly,"Assembly Final Passage",41,0,0,1,42
757941,431550,0000-00-00,Senate,"Senate Final Passage",20,0,0,1,21
757941,450192,0000-00-00,Assembly,"Assembly Final Passage",34,8,0,0,42
757968,433929,0000-00-00,Senate,"Senate Final Passage",20,0,0,1,21
757968,448839,0000-00-00,Assembly,"Assembly Final Passage",41,0,0,1,42
757972,434945,0000-00-00,Senate,"Senate Final Passage",19,0,0,2,21
757972,447447,0000-00-00,Assembly,"Assembly Final Passage",41,0,0,1,42
757987,452321,0000-00-00,Senate,"Senate Final Passage",11,8,0,2,21
757987,454368,0000-00-00,Assembly,"Assembly Final Passage",25,17,0,0,42
757992,435562,0000-00-00,Senate,"Senate Final Passage",21,0,0,0,21
757992,449479,0000-00-00,Assembly,"Assembly Final Passage",41,0,0,1,42
757999,434147,0000-00-00,Senate,"Senate Final Passage",20,0,0,1,21
757999,447453,0000-00-00,Assembly,"Assembly Final Passage",40,1,0,1,42
758024,434722,0000-00-00,Senate,"Senate Final Passage",19,0,0,2,21
758024,450043,0000-00-00,Assembly,"Assembly Final Passage",41,0,1,0,42
758029,447926,0000-00-00,Senate,"Senate Final Passage",16,5,0,0,21
758029,455162,0000-00-00,Assembly,"Assembly Final Passage",20,20,0,2,42
758029,455793,0000-00-00,Assembly,"Assembly Final Passage",22,18,0,2,42
758042,435823,0000-00-00,Senate,"Senate Final Passage",19,2,0,0,21
758042,450154,0000-00-00,Assembly,"Assembly Final Passage",22,20,0,0,42
758048,433923,0000-00-00,Senate,"Senate Final Passage",19,1,0,1,21
758048,446424,0000-00-00,Assembly,"Assembly Final Passage",31,11,0,0,42
758073,439246,0000-00-00,Senate,"Senate Final Passage",21,0,0,0,21
758073,449564,0000-00-00,Senate,"Senate Final Passage",15,5,0,1,21
758073,454560,0000-00-00,Assembly,"Assembly Final Passage",23,18,0,1,42
758094,432535,0000-00-00,Senate,"Senate Final Passage",20,0,0,1,21
758094,447483,0000-00-00,Assembly,"Assembly Final Passage",41,0,0,1,42
758102,428218,0000-00-00,Senate,"Senate Final Passage",21,0,0,0,21
758102,450085,0000-00-00,Assembly,"Assembly Final Passage",42,0,0,0,42
758108,448151,0000-00-00,Senate,"Senate Final Passage",15,6,0,0,21
758112,425305,0000-00-00,Senate,"Senate Final Passage",20,0,0,1,21
758112,441615,0000-00-00,Assembly,"Assembly Final Passage",42,0,0,0,42
758121,430532,0000-00-00,Senate,"Senate Final Passage",21,0,0,0,21
758121,442052,0000-00-00,Assembly,"Assembly Final Passage",42,0,0,0,42
758126,433694,0000-00-00,Senate,"Senate Final Passage",20,0,0,1,21
758126,447443,0000-00-00,Assembly,"Assembly Final Passage",23,18,0,1,42
758129,429125,0000-00-00,Senate,"Senate Final Passage",21,0,0,0,21
758129,450064,0000-00-00,Assembly,"Assembly Final Passage",42,0,0,0,42
758146,435596,0000-00-00,Assembly,"Assembly Final Passage",42,0,0,0,42
758146,447870,0000-00-00,Senate,"Senate Final Passage",21,0,0,0,21
758151,435756,0000-00-00,Assembly,"Assembly Final Passage",39,3,0,0,42
758151,449557,0000-00-00,Senate,"Senate Final Passage",20,0,0,1,21
758154,426719,0000-00-00,Assembly,"Assembly Final Passage",41,0,0,1,42
758154,439667,0000-00-00,Senate,"Senate Final Passage",20,0,0,1,21
758157,435582,0000-00-00,Assembly,"Assembly Final Passage",42,0,0,0,42
758157,450121,0000-00-00,Senate,"Senate Final Passage",20,0,0,1,21
758168,454564,0000-00-00,Assembly,"Assembly Final Passage",32,9,0,1,42
758168,455604,0000-00-00,Senate,"Senate Final Passage",20,0,0,1,21
758173,454978,0000-00-00,Assembly,"Assembly Final Passage",39,0,0,3,42
758173,455142,0000-00-00,Senate,"Senate Final Passage",21,0,0,0,21
758176,435820,0000-00-00,Assembly,"Assembly Final Passage",30,12,0,0,42
758176,450019,0000-00-00,Senate,"Senate Final Passage",20,0,0,1,21
758192,435994,0000-00-00,Assembly,"Assembly Final Passage",42,0,0,0,42
758192,447340,0000-00-00,Senate,"Senate Final Passage",21,0,0,0,21
758194,435526,0000-00-00,Assembly,"Assembly Final Passage",42,0,0,0,42
758194,447349,0000-00-00,Senate,"Senate Final Passage",21,0,0,0,21
758198,435306,0000-00-00,Assembly,"Assembly Final Passage",25,17,0,0,42
758229,435674,0000-00-00,Assembly,"Assembly Final Passage",42,0,0,0,42
758229,450276,0000-00-00,Senate,"Senate Final Passage",20,0,0,1,21
758245,433815,0000-00-00,Assembly,"Assembly Final Passage",23,17,0,2,42
758245,450005,0000-00-00,Senate,"Senate Final Passage",11,9,0,1,21
758257,435524,0000-00-00,Assembly,"Assembly Final Passage",18,24,0,0,42
758268,431596,0000-00-00,Senate,"Senate Final Passage",20,0,0,1,21
758268,450102,0000-00-00,Assembly,"Assembly Final Passage",42,0,0,0,42
758269,450139,0000-00-00,Senate,"Senate Final Passage",19,0,0,2,21
758269,454581,0000-00-00,Assembly,"Assembly Final Passage",32,9,0,1,42
758274,433417,0000-00-00,Senate,"Senate Final Passage",21,0,0,0,21
758274,450096,0000-00-00,Assembly,"Assembly Final Passage",29,13,0,0,42
758279,448370,0000-00-00,Senate,"Senate Final Passage",19,1,0,1,21
758279,456150,0000-00-00,Assembly,"Assembly Final Passage",31,9,0,2,42
758280,448354,0000-00-00,Senate,"Senate Final Passage",21,0,0,0,21
758280,454666,0000-00-00,Assembly,"Assembly Final Passage",40,1,0,1,42
758280,457529,0000-00-00,Senate,"Senate Final Passage",21,0,0,0,21
758280,457530,0000-00-00,Assembly,"Assembly Final Passage",42,0,0,0,42
758284,454981,0000-00-00,Senate,"Senate Final Passage",20,0,0,1,21
758285,435483,0000-00-00,Senate,"Senate Final Passage",21,0,0,0,21
758285,450033,0000-00-00,Assembly,"Assembly Final Passage",42,0,0,0,42
758286,435640,0000-00-00,Senate,"Senate Final Passage",21,0,0,0,21
758286,450153,0000-00-00,Assembly,"Assembly Final Passage",41,1,0,0,42
758292,432507,0000-00-00,Senate,"Senate Final Passage",15,6,0,0,21
758292,450148,0000-00-00,Assembly,"Assembly Final Passage",41,1,0,0,42
758295,450107,0000-00-00,Senate,"Senate Final Passage",14,5,0,2,21
758299,428251,0000-00-00,Senate,"Senate Final Passage",21,0,0,0,21
758300,447153,0000-00-00,Senate,"Senate Final Passage",17,4,0,0,21
758303,432224,0000-00-00,Senate,"Senate Final Passage",20,0,0,1,21
758303,447496,0000-00-00,Assembly,"Assembly Final Passage",40,1,0,1,42
758303,468063,0000-00-00,Assembly,"Assembly Final Passage",42,0,0,0,42
758303,468064,0000-00-00,Senate,"Senate Final Passage",21,0,0,0,21
758304,435385,0000-00-00,Senate,"Senate Final Passage",21,0,0,0,21
758308,432476,0000-00-00,Senate,"Senate Final Passage",20,0,0,1,21
758310,453052,0000-00-00,Senate,"Senate Final Passage",19,0,0,2,21
758312,446077,0000-00-00,Assembly,"Assembly Final Passage",42,0,0,0,42
758312,465832,0000-00-00,Senate,"Senate Final Passage",20,0,0,1,21
758312,465833,0000-00-00,Assembly,"Assembly Final Passage",42,0,0,0,42
758314,427496,0000-00-00,Senate,"Senate Final Passage",20,0,0,1,21
758316,428183,0000-00-00,Senate,"Senate Final Passage",21,0,0,0,21
758316,450292,0000-00-00,Assembly,"Assembly Final Passage",40,1,0,1,42
758317,425658,0000-00-00,Senate,"Senate Final Passage",20,0,0,1,21
758317,441656,0000-00-00,Assembly,"Assembly Final Passage",39,3,0,0,42
758318,430419,0000-00-00,Senate,"Senate Final Passage",21,0,0,0,21
758323,449581,0000-00-00,Senate,"Senate Final Passage",20,0,0,1,21
758323,454578,0000-00-00,Assembly,"Assembly Final Passage",35,6,0,1,42
758325,432391,0000-00-00,Senate,"Senate Final Passage",20,0,0,1,21
758325,450264,0000-00-00,Assembly,"Assembly Final Passage",42,0,0,0,42
758327,431971,0000-00-00,Senate,"Senate Final Passage",9,11,0,1,21
758547,439534,0000-00-00,Assembly,"Assembly Final Passage",41,1,0,0,42
758555,435984,0000-00-00,Assembly,"Assembly Final Passage",42,0,0,0,42
758555,447341,0000-00-00,Senate,"Senate Final Passage",21,0,0,0,21
758570,435893,0000-00-00,Assembly,"Assembly Final Passage",23,19,0,0,42
758575,455673,0000-00-00,Assembly,"Assembly Final Passage",29,11,0,2,42
758586,435634,0000-00-00,Assembly,"Assembly Final Passage",33,9,0,0,42
758586,447533,0000-00-00,Senate,"Senate Final Passage",20,0,0,1,21
758593,433553,0000-00-00,Assembly,"Assembly Final Passage",40,0,0,2,42
758593,447318,0000-00-00,Senate,"Senate Final Passage",21,0,0,0,21
758604,435094,0000-00-00,Assembly,"Assembly Final Passage",42,0,0,0,42
758604,458499,0000-00-00,Assembly,"Assembly Final Passage",35,7,0,0,42
758604,458500,0000-00-00,Senate,"Senate Final Passage",19,0,0,2,21
758607,433295,0000-00-00,Assembly,"Assembly Final Passage",26,14,0,2,42
758623,435728,0000-00-00,Assembly,"Assembly Final Passage",20,22,0,0,42
758650,434761,0000-00-00,Senate,"Senate Final Passage",19,0,0,2,21
758650,447627,0000-00-00,Assembly,"Assembly Final Passage",41,0,0,1,42
758654,454762,0000-00-00,Senate,"Senate Final Passage",20,0,0,1,21
758664,435931,0000-00-00,Assembly,"Assembly Final Passage",30,12,0,0,42
758664,447380,0000-00-00,Senate,"Senate Final Passage",18,3,0,0,21
758670,453335,0000-00-00,Assembly,"Assembly Final Passage",41,1,0,0,42
758670,454556,0000-00-00,Senate,"Senate Final Passage",20,0,0,1,21
758681,447303,0000-00-00,Senate,"Senate Final Passage",21,0,0,0,21
758681,454449,0000-00-00,Assembly,"Assembly Final Passage",41,1,0,0,42
758695,434952,0000-00-00,Senate,"Senate Final Passage",19,0,0,2,21
758695,447578,0000-00-00,Assembly,"Assembly Final Passage",40,1,0,1,42
758704,435859,0000-00-00,Assembly,"Assembly Final Passage",42,0,0,0,42
758704,447325,0000-00-00,Senate,"Senate Final Passage",21,0,0,0,21
758704,450509,0000-00-00,Assembly,"Assembly Final Passage",39,0,0,3,42
758704,450510,0000-00-00,Senate,"Senate Final Passage",21,0,0,0,21
758704,457649,0000-00-00,Assembly,"Assembly Final Passage",42,0,0,0,42
758704,457650,0000-00-00,Senate,"Senate Final Passage",21,0,0,0,21
758708,435848,0000-00-00,Assembly,"Assembly Final Passage",42,0,0,0,42
758708,450047,0000-00-00,Senate,"Senate Final Passage",19,0,0,2,21
758708,456367,0000-00-00,Assembly,"Assembly Final Passage",42,0,0,0,42
758708,456368,0000-00-00,Senate,"Senate Final Passage",19,0,0,2,21
758713,436047,0000-00-00,Assembly,"Assembly Final Passage",42,0,0,0,42
758713,449674,0000-00-00,Senate,"Senate Final Passage",20,0,0,1,21
758718,433330,0000-00-00,Assembly,"Assembly Final Passage",40,0,0,2,42
758718,449575,0000-00-00,Senate,"Senate Final Passage",20,0,0,1,21
758735,435938,0000-00-00,Assembly,"Assembly Final Passage",39,3,0,0,42
758735,447568,0000-00-00,Senate,"Senate Final Passage",20,0,0,1,21
758745,435231,0000-00-00,Assembly,"Assembly Final Passage",27,15,0,0,42
758745,449679,0000-00-00,Senate,"Senate Final Passage",19,1,0,1,21
758749,453025,0000-00-00,Senate,"Senate Final Passage",18,0,0,3,21
758759,427379,0000-00-00,Senate,"Senate Final Passage",20,0,0,1,21
758759,448870,0000-00-00,Assembly,"Assembly Final Passage",28,13,0,1,42
758781,435719,0000-00-00,Assembly,"Assembly Final Passage",42,0,0,0,42
758781,447365,0000-00-00,Senate,"Senate Final Passage",20,1,0,0,21
758792,432343,0000-00-00,Senate,"Senate Final Passage",9,11,0,1,21
758796,430956,0000-00-00,Senate,"Senate Final Passage",21,0,0,0,21
758796,448885,0000-00-00,Assembly,"Assembly Final Passage",41,0,0,1,42
758813,436070,0000-00-00,Assembly,"Assembly Final Passage",34,8,0,0,42
758813,447375,0000-00-00,Senate,"Senate Final Passage",21,0,0,0,21
758820,474212,0000-00-00,Senate,"Senate Final Passage",19,0,0,2,21
758825,435472,0000-00-00,Senate,"Senate Final Passage",21,0,0,0,21
758835,434989,0000-00-00,Assembly,"Assembly Final Passage",42,0,0,0,42
758839,435127,0000-00-00,Assembly,"Assembly Final Passage",24,18,0,0,42
758848,435009,0000-00-00,Assembly,"Assembly Final Passage",42,0,0,0,42
758848,447570,0000-00-00,Senate,"Senate Final Passage",20,0,0,1,21
758853,435348,0000-00-00,Senate,"Senate Final Passage",20,1,0,0,21
758853,450203,0000-00-00,Assembly,"Assembly Final Passage",31,11,0,0,42
758856,454289,0000-00-00,Assembly,"Assembly Final Passage",42,0,0,0,42
758856,454632,0000-00-00,Senate,"Senate Final Passage",19,0,0,2,21
759066,430519,0000-00-00,Senate,"Senate Final Passage",20,1,0,0,21
759068,446436,0000-00-00,Senate,"Senate Final Passage",19,0,0,2,21
759068,453515,0000-00-00,Assembly,"Assembly Final Passage",38,4,0,0,42
759071,435645,0000-00-00,Assembly,"Assembly Final Passage",37,5,0,0,42
759071,450152,0000-00-00,Senate,"Senate Final Passage",20,0,0,1,21
759072,428239,0000-00-00,Senate,"Senate Final Passage",21,0,0,0,21
759072,447544,0000-00-00,Assembly,"Assembly Final Passage",39,2,0,1,42
759074,454982,0000-00-00,Senate,"Senate Final Passage",19,0,0,2,21
759074,455513,0000-00-00,Assembly,"Assembly Final Passage",37,0,0,5,42
759076,435936,0000-00-00,Senate,"Senate Final Passage",21,0,0,0,21
759080,434726,0000-00-00,Senate,"Senate Final Passage",19,0,0,2,21
759080,445726,0000-00-00,Senate,"Senate Final Passage",19,0,0,2,21
759080,449455,0000-00-00,Assembly,"Assembly Final Passage",41,0,0,1,42
759082,432503,0000-00-00,Senate,"Senate Final Passage",20,0,0,1,21
759082,450042,0000-00-00,Assembly,"Assembly Final Passage",30,12,0,0,42
759083,435718,0000-00-00,Senate,"Senate Final Passage",20,1,0,0,21
759083,450197,0000-00-00,Assembly,"Assembly Final Passage",42,0,0,0,42
759085,454998,0000-00-00,Assembly,"Assembly Final Passage",40,0,0,2,42
759085,455148,0000-00-00,Senate,"Senate Final Passage",21,0,0,0,21
759086,432409,0000-00-00,Senate,"Senate Final Passage",20,0,0,1,21
759086,447623,0000-00-00,Assembly,"Assembly Final Passage",41,0,0,1,42
759088,434321,0000-00-00,Assembly,"Assembly Final Passage",24,17,0,1,42
759088,443906,0000-00-00,Assembly,"Assembly Final Passage",24,17,0,1,42
759089,455226,0000-00-00,Assembly,"Assembly Final Passage",35,5,0,2,42
759089,455324,0000-00-00,Senate,"Senate Final Passage",13,7,0,1,21
759091,433666,0000-00-00,Senate,"Senate Final Passage",21,0,0,0,21
759091,448847,0000-00-00,Assembly,"Assembly Final Passage",41,0,0,1,42
759096,454985,0000-00-00,Assembly,"Assembly Final Passage",32,8,0,2,42
759096,455662,0000-00-00,Senate,"Senate Final Passage",20,0,0,1,21
759101,435839,0000-00-00,Senate,"Senate Final Passage",21,0,0,0,21
759101,450077,0000-00-00,Assembly,"Assembly Final Passage",28,14,0,0,42
759103,433321,0000-00-00,Assembly,"Assembly Final Passage",40,0,0,2,42
759103,447371,0000-00-00,Senate,"Senate Final Passage",21,0,0,0,21
759113,446533,0000-00-00,Senate,"Senate Final Passage",18,1,0,2,21
759113,450168,0000-00-00,Assembly,"Assembly Final Passage",35,7,0,0,42
759114,449485,0000-00-00,Senate,"Senate Final Passage",20,0,0,1,21
759114,455194,0000-00-00,Assembly,"Assembly Final Passage",39,1,0,2,42
759117,434781,0000-00-00,Senate,"Senate Final Passage",19,0,0,2,21
759117,450048,0000-00-00,Assembly,"Assembly Final Passage",41,1,0,0,42
759119,432079,0000-00-00,Senate,"Senate Final Passage",20,0,0,1,21
759119,450259,0000-00-00,Assembly,"Assembly Final Passage",32,10,0,0,42
759120,435369,0000-00-00,Senate,"Senate Final Passage",20,1,0,0,21
759120,450070,0000-00-00,Assembly,"Assembly Final Passage",33,9,0,0,42
759125,431513,0000-00-00,Senate,"Senate Final Passage",20,0,0,1,21
759125,450110,0000-00-00,Assembly,"Assembly Final Passage",39,3,0,0,42
759126,449670,0000-00-00,Senate,"Senate Final Passage",20,0,0,1,21
759126,454482,0000-00-00,Assembly,"Assembly Final Passage",42,0,0,0,42
759128,435731,0000-00-00,Senate,"Senate Final Passage",21,0,0,0,21
759128,448980,0000-00-00,Assembly,"Assembly Final Passage",41,0,0,1,42
759130,435657,0000-00-00,Assembly,"Assembly Final Passage",35,7,0,0,42
759132,435924,0000-00-00,Assembly,"Assembly Final Passage",8,34,0,0,42
759132,435925,0000-00-00,Assembly,"Assembly Final Passage",8,34,0,0,42
760176,434341,0000-00-00,Assembly,"Assembly Final Passage",23,17,0,2,42
760223,430569,0000-00-00,Senate,"Senate Final Passage",21,0,0,0,21
760223,443299,0000-00-00,Assembly,"Assembly Final Passage",40,2,0,0,42
760223,444750,0000-00-00,Senate,"Senate Final Passage",21,0,0,0,21
760223,444751,0000-00-00,Assembly,"Assembly Final Passage",40,2,0,0,42
760270,431365,0000-00-00,Senate,"Senate Final Passage",20,0,0,1,21
760270,442401,0000-00-00,Assembly,"Assembly Final Passage",42,0,0,0,42
760422,446580,0000-00-00,Senate,"Senate Final Passage",19,0,0,2,21
760422,453595,0000-00-00,Assembly,"Assembly Final Passage",42,0,0,0,42
760443,434481,0000-00-00,Senate,"Senate Final Passage",21,0,0,0,21
760443,448941,0000-00-00,Assembly,"Assembly Final Passage",41,0,0,1,42
760770,435244,0000-00-00,Assembly,"Assembly Final Passage",42,0,0,0,42
760770,447333,0000-00-00,Senate,"Senate Final Passage",21,0,0,0,21
760818,433757,0000-00-00,Assembly,"Assembly Final Passage",40,0,0,2,42
760818,447319,0000-00-00,Senate,"Senate Final Passage",21,0,0,0,21
760912,435765,0000-00-00,Assembly,"Assembly Final Passage",35,7,0,0,42
760912,450284,0000-00-00,Senate,"Senate Final Passage",19,0,0,2,21
760936,433836,0000-00-00,Assembly,"Assembly Final Passage",40,0,0,2,42
760936,443795,0000-00-00,Senate,"Senate Final Passage",20,0,0,1,21
761146,445548,0000-00-00,Senate,"Senate Final Passage",20,0,0,1,21
761146,455780,0000-00-00,Assembly,"Assembly Final Passage",39,1,0,2,42
761148,446996,0000-00-00,Senate,"Senate Final Passage",20,1,0,0,21
761148,450489,0000-00-00,Senate,"Senate Final Passage",20,1,0,0,21
761148,454569,0000-00-00,Assembly,"Assembly Final Passage",33,8,0,1,42
761153,453531,0000-00-00,Assembly,"Assembly Final Passage",23,19,0,0,42
761153,455659,0000-00-00,Assembly,"Assembly Final Passage",28,12,0,2,42
761153,455660,0000-00-00,Senate,"Senate Final Passage",20,0,0,1,21
761157,431472,0000-00-00,Senate,"Senate Final Passage",20,0,0,1,21
761157,438576,0000-00-00,Senate,"Senate Final Passage",20,0,0,1,21
761157,442329,0000-00-00,Assembly,"Assembly Final Passage",18,24,0,0,42
761157,450244,0000-00-00,Assembly,"Assembly Final Passage",40,2,0,0,42
761161,446495,0000-00-00,Senate,"Senate Final Passage",19,0,0,2,21
761161,453261,0000-00-00,Assembly,"Assembly Final Passage",42,0,0,0,42
761164,447038,0000-00-00,Senate,"Senate Final Passage",12,9,0,0,21
761170,433286,0000-00-00,Senate,"Senate Final Passage",21,0,0,0,21
761170,448841,0000-00-00,Assembly,"Assembly Final Passage",41,0,0,1,42
761185,433323,0000-00-00,Assembly,"Assembly Final Passage",39,1,0,2,42
761185,449657,0000-00-00,Senate,"Senate Final Passage",20,0,0,1,21
761188,435138,0000-00-00,Assembly,"Assembly Final Passage",42,0,0,0,42
761188,448318,0000-00-00,Senate,"Senate Final Passage",21,0,0,0,21
761197,433664,0000-00-00,Assembly,"Assembly Final Passage",40,0,0,2,42
761197,447282,0000-00-00,Senate,"Senate Consent Calendar",19,0,0,2,21
761197,450545,0000-00-00,Assembly,"Assembly Final Passage",40,0,0,2,42
761197,450546,0000-00-00,Senate,"Senate Consent Calendar",19,0,0,2,21
761210,433745,0000-00-00,Assembly,"Assembly Final Passage",40,0,0,2,42
761210,444265,0000-00-00,Senate,"Senate Final Passage",20,0,0,1,21
761213,436006,0000-00-00,Assembly,"Assembly Final Passage",17,25,0,0,42
761213,447291,0000-00-00,Assembly,"Assembly Final Passage",17,25,0,0,42
761217,449521,0000-00-00,Senate,"Senate Final Passage",20,0,0,1,21
761217,453721,0000-00-00,Assembly,"Assembly Final Passage",42,0,0,0,42
761230,432423,0000-00-00,Senate,"Senate Final Passage",21,0,0,0,21
761230,450179,0000-00-00,Assembly,"Assembly Final Passage",42,0,0,0,42
761234,445387,0000-00-00,Senate,"Senate Final Passage",20,0,0,1,21
761234,449912,0000-00-00,Assembly,"Assembly Final Passage",40,2,0,0,42
761243,435166,0000-00-00,Assembly,"Assembly Final Passage",42,0,0,0,42
761247,446541,0000-00-00,Assembly,"Assembly Final Passage",40,1,0,1,42
761247,448387,0000-00-00,Senate,"Senate Final Passage",20,0,0,1,21
761249,453230,0000-00-00,Assembly,"Assembly Final Passage",41,1,0,0,42
761249,455529,0000-00-00,Senate,"Senate Final Passage",21,0,0,0,21
761251,433785,0000-00-00,Assembly,"Assembly Final Passage",40,0,0,2,42
761259,436066,0000-00-00,Senate,"Senate Final Passage",21,0,0,0,21
761259,450216,0000-00-00,Assembly,"Assembly Final Passage",35,6,1,0,42
761266,431980,0000-00-00,Senate,"Senate Final Passage",21,0,0,0,21
761266,450094,0000-00-00,Assembly,"Assembly Final Passage",42,0,0,0,42
761270,432031,0000-00-00,Senate,"Senate Final Passage",11,10,0,0,21
761270,455699,0000-00-00,Assembly,"Assembly Final Passage",32,8,0,2,42
761275,425306,0000-00-00,Senate,"Senate Final Passage",20,0,0,1,21
761275,443273,0000-00-00,Assembly,"Assembly Final Passage",42,0,0,0,42
761277,453540,0000-00-00,Assembly,"Assembly Final Passage",42,0,0,0,42
761277,455706,0000-00-00,Senate,"Senate Final Passage",18,2,0,1,21
761280,431386,0000-00-00,Senate,"Senate Final Passage",21,0,0,0,21
761280,443164,0000-00-00,Assembly,"Assembly Final Passage",36,6,0,0,42
761283,434723,0000-00-00,Senate,"Senate Final Passage",19,0,0,2,21
761283,444296,0000-00-00,Senate,"Senate Final Passage",19,0,0,2,21
761283,445079,0000-00-00,Assembly,"Assembly Final Passage",41,0,0,1,42
761285,432353,0000-00-00,Senate,"Senate Final Passage",21,0,0,0,21
761285,450239,0000-00-00,Assembly,"Assembly Final Passage",42,0,0,0,42
761299,432315,0000-00-00,Senate,"Senate Final Passage",21,0,0,0,21
761299,450126,0000-00-00,Assembly,"Assembly Final Passage",38,3,0,1,42
761301,432041,0000-00-00,Senate,"Senate Final Passage",11,10,0,0,21
761308,432943,0000-00-00,Senate,"Senate Final Passage",11,10,0,0,21
761308,450128,0000-00-00,Assembly,"Assembly Final Passage",41,0,0,1,42
761310,448894,0000-00-00,Assembly,"Assembly Final Passage",41,0,0,1,42
761310,450135,0000-00-00,Senate,"Senate Final Passage",20,0,0,1,21
761312,445411,0000-00-00,Senate,"Senate Final Passage",11,9,0,1,21
761312,450242,0000-00-00,Senate,"Senate Final Passage",11,9,0,1,21
761458,435978,0000-00-00,Senate,"Senate Final Passage",20,0,1,0,21
761458,448974,0000-00-00,Assembly,"Assembly Final Passage",40,1,0,1,42
761460,447195,0000-00-00,Senate,"Senate Final Passage",18,3,0,0,21
761460,454927,0000-00-00,Assembly,"Assembly Final Passage",30,10,0,2,42
761460,458129,0000-00-00,Assembly,"Assembly Final Passage",30,10,0,2,42
761463,429036,0000-00-00,Senate,"Senate Final Passage",21,0,0,0,21
761465,430442,0000-00-00,Senate,"Senate Final Passage",21,0,0,0,21
761465,444950,0000-00-00,Assembly,"Assembly Final Passage",41,0,0,1,42
761477,453039,0000-00-00,Senate,"Senate Final Passage",18,0,0,3,21
761477,455474,0000-00-00,Assembly,"Assembly Final Passage",39,1,0,2,42
761479,432561,0000-00-00,Senate,"Senate Final Passage",13,8,0,0,21
761479,450189,0000-00-00,Assembly,"Assembly Final Passage",22,20,0,0,42
761482,447144,0000-00-00,Senate,"Senate Final Passage",21,0,0,0,21
761482,453266,0000-00-00,Assembly,"Assembly Final Passage",33,9,0,0,42
761484,435501,0000-00-00,Senate,"Senate Final Passage",21,0,0,0,21
761484,442409,0000-00-00,Assembly,"Assembly Final Passage",32,10,0,0,42
761489,454553,0000-00-00,Senate,"Senate Final Passage",19,0,0,2,21
761489,455541,0000-00-00,Assembly,"Assembly Final Passage",40,0,0,2,42
761493,450162,0000-00-00,Senate,"Senate Final Passage",11,9,0,1,21
761496,435030,0000-00-00,Senate,"Senate Final Passage",19,0,0,2,21
761496,444956,0000-00-00,Assembly,"Assembly Final Passage",41,0,0,1,42
761501,429625,0000-00-00,Senate,"Senate Final Passage",21,0,0,0,21
761501,448848,0000-00-00,Assembly,"Assembly Final Passage",28,13,0,1,42
761503,435649,0000-00-00,Senate,"Senate Final Passage",21,0,0,0,21
761503,450123,0000-00-00,Assembly,"Assembly Final Passage",42,0,0,0,42
761505,430515,0000-00-00,Senate,"Senate Final Passage",21,0,0,0,21
761505,443226,0000-00-00,Assembly,"Assembly Final Passage",42,0,0,0,42
761508,435551,0000-00-00,Senate,"Senate Final Passage",21,0,0,0,21
761508,450252,0000-00-00,Assembly,"Assembly Final Passage",32,10,0,0,42
761510,445015,0000-00-00,Senate,"Senate Final Passage",20,0,0,1,21
761510,450050,0000-00-00,Assembly,"Assembly Final Passage",42,0,0,0,42
761513,432529,0000-00-00,Senate,"Senate Final Passage",21,0,0,0,21
761513,450031,0000-00-00,Assembly,"Assembly Final Passage",34,8,0,0,42
761515,430359,0000-00-00,Senate,"Senate Final Passage",21,0,0,0,21
761515,450097,0000-00-00,Assembly,"Assembly Final Passage",42,0,0,0,42
761520,447290,0000-00-00,Senate,"Senate Final Passage",19,0,0,2,21
761520,453340,0000-00-00,Assembly,"Assembly Final Passage",41,0,0,1,42
761522,428309,0000-00-00,Senate,"Senate Final Passage",21,0,0,0,21
761522,450235,0000-00-00,Assembly,"Assembly Final Passage",22,20,0,0,42
761525,444940,0000-00-00,Senate,"Senate Final Passage",20,0,0,1,21
761525,444941,0000-00-00,Senate,"Senate Final Passage",20,0,0,1,21
761525,450156,0000-00-00,Assembly,"Assembly Final Passage",42,0,0,0,42
761527,435047,0000-00-00,Senate,"Senate Final Passage",19,0,0,2,21
761527,450237,0000-00-00,Assembly,"Assembly Final Passage",42,0,0,0,42
761536,447680,0000-00-00,Senate,"Senate Final Passage",20,0,0,1,21
761536,455744,0000-00-00,Assembly,"Assembly Final Passage",37,0,0,5,42
761538,433317,0000-00-00,Assembly,"Assembly Final Passage",39,1,0,2,42
761538,449998,0000-00-00,Senate,"Senate Final Passage",20,0,0,1,21
761540,447140,0000-00-00,Senate,"Senate Final Passage",21,0,0,0,21
761540,453405,0000-00-00,Assembly,"Assembly Final Passage",42,0,0,0,42
761541,442728,0000-00-00,Senate,"Senate Final Passage",18,1,0,2,21
761541,445871,0000-00-00,Assembly,"Assembly Final Passage",36,6,0,0,42
761543,435867,0000-00-00,Assembly,"Assembly Final Passage",42,0,0,0,42
761543,447314,0000-00-00,Senate,"Senate Final Passage",21,0,0,0,21
761545,446558,0000-00-00,Assembly,"Assembly Final Passage",40,1,0,1,42
761545,449469,0000-00-00,Senate,"Senate Final Passage",20,0,0,1,21
761550,443493,0000-00-00,Senate,"Senate Final Passage",20,0,0,1,21
761550,450177,0000-00-00,Assembly,"Assembly Final Passage",42,0,0,0,42
761555,450469,0000-00-00,Senate,"Senate Final Passage",20,0,0,1,21
761555,454663,0000-00-00,Assembly,"Assembly Final Passage",28,13,0,1,42
761557,449986,0000-00-00,Assembly,"Assembly Final Passage",42,0,0,0,42
761557,454440,0000-00-00,Senate,"Senate Final Passage",19,0,0,2,21
761559,433685,0000-00-00,Assembly,"Assembly Final Passage",40,0,0,2,42
761559,447867,0000-00-00,Senate,"Senate Final Passage",21,0,0,0,21
761564,454963,0000-00-00,Assembly,"Assembly Final Passage",27,13,0,2,42
761564,455548,0000-00-00,Senate,"Senate Final Passage",21,0,0,0,21
761568,434977,0000-00-00,Assembly,"Assembly Final Passage",24,18,0,0,42
761570,435498,0000-00-00,Assembly,"Assembly Final Passage",42,0,0,0,42
761570,449511,0000-00-00,Senate,"Senate Final Passage",20,0,0,1,21
761571,453323,0000-00-00,Assembly,"Assembly Final Passage",35,7,0,0,42
761571,454677,0000-00-00,Senate,"Senate Final Passage",19,0,0,2,21
761573,434760,0000-00-00,Senate,"Senate Final Passage",19,0,0,2,21
761573,450098,0000-00-00,Assembly,"Assembly Final Passage",31,11,0,0,42
761573,453908,0000-00-00,Senate,"Senate Final Passage",19,0,0,2,21
761573,453909,0000-00-00,Assembly,"Assembly Final Passage",31,11,0,0,42
761579,453617,0000-00-00,Assembly,"Assembly Final Passage",42,0,0,0,42
761579,454697,0000-00-00,Senate,"Senate Final Passage",19,0,0,2,21
761580,453673,0000-00-00,Assembly,"Assembly Final Passage",42,0,0,0,42
761580,454679,0000-00-00,Senate,"Senate Final Passage",19,0,0,2,21
761582,441899,0000-00-00,Senate,"Senate Final Passage",17,2,0,2,21
761582,453332,0000-00-00,Assembly,"Assembly Final Passage",28,14,0,0,42
761584,446597,0000-00-00,Assembly,"Assembly Final Passage",39,2,0,1,42
761584,450157,0000-00-00,Senate,"Senate Final Passage",20,0,0,1,21
761588,449981,0000-00-00,Assembly,"Assembly Final Passage",42,0,0,0,42
761588,452648,0000-00-00,Senate,"Senate Final Passage",18,0,0,3,21
761591,449547,0000-00-00,Senate,"Senate Final Passage",20,0,0,1,21
761591,453318,0000-00-00,Assembly,"Assembly Final Passage",30,12,0,0,42
761595,427626,0000-00-00,Senate,"Senate Final Passage",20,0,0,1,21
761595,439646,0000-00-00,Assembly,"Assembly Final Passage",38,1,0,3,42
761597,453037,0000-00-00,Senate,"Senate Final Passage",18,1,0,2,21
761597,455692,0000-00-00,Assembly,"Assembly Final Passage",31,9,0,2,42
761600,450596,0000-00-00,Senate,"Senate Final Passage",19,0,0,2,21
761600,455180,0000-00-00,Assembly,"Assembly Final Passage",40,0,0,2,42
761602,448452,0000-00-00,Senate,"Senate Final Passage",20,0,0,1,21
761602,454678,0000-00-00,Assembly,"Assembly Final Passage",30,11,0,1,42
761604,429201,0000-00-00,Senate,"Senate Final Passage",21,0,0,0,21
761605,435811,0000-00-00,Assembly,"Assembly Final Passage",25,17,0,0,42
761605,448304,0000-00-00,Senate,"Senate Final Passage",14,7,0,0,21
761608,448915,0000-00-00,Assembly,"Assembly Final Passage",30,11,0,1,42
761608,454287,0000-00-00,Senate,"Senate Final Passage",19,0,0,2,21
761609,435133,0000-00-00,Assembly,"Assembly Final Passage",25,17,0,0,42
761609,441000,0000-00-00,Assembly,"Assembly Final Passage",25,17,0,0,42
761609,449505,0000-00-00,Senate,"Senate Final Passage",11,9,0,1,21
761611,454947,0000-00-00,Senate,"Senate Final Passage",18,1,0,2,21
761611,455518,0000-00-00,Assembly,"Assembly Final Passage",29,8,0,5,42
761615,454474,0000-00-00,Senate,"Senate Final Passage",19,0,0,2,21
761615,455594,0000-00-00,Assembly,"Assembly Final Passage",34,6,0,2,42
761617,454631,0000-00-00,Assembly,"Assembly Final Passage",32,9,0,1,42
761617,455134,0000-00-00,Senate,"Senate Final Passage",17,4,0,0,21
761619,435862,0000-00-00,Senate,"Senate Final Passage",21,0,0,0,21
761619,450270,0000-00-00,Assembly,"Assembly Final Passage",27,15,0,0,42
761621,453053,0000-00-00,Senate,"Senate Final Passage",18,0,0,3,21
761621,455514,0000-00-00,Assembly,"Assembly Final Passage",39,0,0,3,42
761624,435673,0000-00-00,Senate,"Senate Final Passage",21,0,0,0,21
761626,451106,0000-00-00,Senate,"Senate Final Passage",19,0,0,2,21
761626,454690,0000-00-00,Assembly,"Assembly Final Passage",28,13,0,1,42
761628,455054,0000-00-00,Assembly,"Assembly Final Passage",34,6,0,2,42
761628,455631,0000-00-00,Senate,"Senate Final Passage",19,0,0,2,21
761628,455632,0000-00-00,Senate,"Senate Final Passage",20,0,0,1,21
761629,453599,0000-00-00,Assembly,"Assembly Final Passage",41,1,0,0,42
761629,454576,0000-00-00,Senate,"Senate Final Passage",19,0,0,2,21
761631,433762,0000-00-00,Assembly,"Assembly Final Passage",40,0,0,2,42
761631,449797,0000-00-00,Senate,"Senate Final Passage",21,0,0,0,21
761635,445086,0000-00-00,Assembly,"Assembly Final Passage",41,0,0,1,42
761635,448350,0000-00-00,Senate,"Senate Final Passage",20,0,0,1,21
761638,453020,0000-00-00,Senate,"Senate Final Passage",18,0,0,3,21
761638,455721,0000-00-00,Assembly,"Assembly Final Passage",39,1,0,2,42
761640,450036,0000-00-00,Assembly,"Assembly Final Passage",25,17,0,0,42
761640,454614,0000-00-00,Senate,"Senate Final Passage",11,8,0,2,21
761641,433865,0000-00-00,Assembly,"Assembly Final Passage",40,0,0,2,42
761641,444299,0000-00-00,Senate,"Senate Final Passage",20,0,0,1,21
761643,455000,0000-00-00,Assembly,"Assembly Final Passage",30,10,0,2,42
761643,455156,0000-00-00,Senate,"Senate Final Passage",20,1,0,0,21
761644,451077,0000-00-00,Senate,"Senate Final Passage",11,8,0,2,21
761644,454565,0000-00-00,Assembly,"Assembly Final Passage",40,1,0,1,42
761649,433893,0000-00-00,Assembly,"Assembly Final Passage",39,1,0,2,42
761649,447327,0000-00-00,Senate,"Senate Final Passage",19,2,0,0,21
761652,453292,0000-00-00,Assembly,"Assembly Final Passage",28,14,0,0,42
761652,454820,0000-00-00,Senate,"Senate Final Passage",19,0,0,2,21
761654,454693,0000-00-00,Assembly,"Assembly Final Passage",31,10,0,1,42
761654,455102,0000-00-00,Senate,"Senate Final Passage",21,0,0,0,21
761655,455044,0000-00-00,Assembly,"Assembly Final Passage",32,6,2,2,42
761655,455618,0000-00-00,Senate,"Senate Final Passage",20,0,0,1,21
761657,455001,0000-00-00,Assembly,"Assembly Final Passage",40,0,0,2,42
761657,455165,0000-00-00,Senate,"Senate Final Passage",21,0,0,0,21
761658,453533,0000-00-00,Assembly,"Assembly Final Passage",25,17,0,0,42
761658,454691,0000-00-00,Senate,"Senate Final Passage",19,0,0,2,21
761658,459663,0000-00-00,Assembly,"Assembly Final Passage",25,17,0,0,42
761658,459664,0000-00-00,Senate,"Senate Final Passage",19,0,0,2,21
761660,453249,0000-00-00,Assembly,"Assembly Final Passage",26,16,0,0,42
761660,454559,0000-00-00,Assembly,"Assembly Final Passage",28,13,0,1,42
761660,454859,0000-00-00,Senate,"Senate Final Passage",17,2,0,2,21
761663,453550,0000-00-00,Assembly,"Assembly Final Passage",31,11,0,0,42
761663,454554,0000-00-00,Senate,"Senate Final Passage",19,0,0,2,21
777106,444974,0000-00-00,Senate,"Senate Final Passage",20,0,0,1,21
777106,453605,0000-00-00,Assembly,"Assembly Final Passage",41,1,0,0,42
781719,454332,0000-00-00,Assembly,"Assembly Final Passage",26,16,0,0,42
781763,452878,0000-00-00,Senate,"Senate Final Passage",18,0,0,3,21
781763,455183,0000-00-00,Assembly,"Assembly Final Passage",36,4,0,2,42
782719,454650,0000-00-00,Assembly,"Assembly Final Passage",39,2,0,1,42
782719,454991,0000-00-00,Senate,"Senate Final Passage",19,0,0,2,21
783001,454972,0000-00-00,Assembly,"Assembly Final Passage",32,8,0,2,42
783001,455606,0000-00-00,Senate,"Senate Final Passage",20,0,0,1,21
783010,454973,0000-00-00,Senate,"Senate Final Passage",19,0,0,2,21
783010,456226,0000-00-00,Assembly,"Assembly Final Passage",40,0,0,2,42
783028,454980,0000-00-00,Assembly,"Assembly Final Passage",40,0,0,2,42
783028,455239,0000-00-00,Senate,"Senate Final Passage",20,0,0,1,21
783037,454976,0000-00-00,Assembly,"Assembly Final Passage",32,8,0,2,42
783037,455772,0000-00-00,Senate,"Senate Final Passage",19,1,0,1,21
783046,454977,0000-00-00,Assembly,"Assembly Final Passage",38,2,0,2,42
783092,454971,0000-00-00,Senate,"Senate Final Passage",17,2,0,2,21
783092,455599,0000-00-00,Assembly,"Assembly Final Passage",32,8,0,2,42
783092,459640,0000-00-00,Senate,"Senate Final Passage",20,0,0,1,21
783092,459641,0000-00-00,Assembly,"Assembly Final Passage",35,5,0,2,42
783104,454969,0000-00-00,Senate,"Senate Final Passage",19,0,0,2,21
783104,455547,0000-00-00,Assembly,"Assembly Final Passage",39,0,0,3,42
783117,455185,0000-00-00,Senate,"Senate Final Passage",19,2,0,0,21
783117,455792,0000-00-00,Assembly,"Assembly Final Passage",34,6,0,2,42
783201,455478,0000-00-00,Assembly,"Assembly Final Passage",40,0,0,2,42
783201,455479,0000-00-00,Senate,"Senate Final Passage",20,0,0,1,21
783206,455154,0000-00-00,Assembly,"Assembly Final Passage",22,18,0,2,42
783206,455754,0000-00-00,Senate,"Senate Final Passage",14,6,0,1,21
783215,455490,0000-00-00,Assembly,"Assembly Final Passage",40,0,0,2,42
783215,455491,0000-00-00,Senate,"Senate Final Passage",20,0,0,1,21
783220,455483,0000-00-00,Assembly,"Assembly Final Passage",34,6,0,2,42
783220,455484,0000-00-00,Senate,"Senate Final Passage",20,0,0,1,21
783320,455575,0000-00-00,Assembly,"Assembly Final Passage",40,0,0,2,42
783320,455576,0000-00-00,Senate,"Senate Final Passage",20,0,0,1,21
