bill_id,document_id,document_type,document_size,document_mime,document_desc,url,state_link
1383072,2220951,text,233032,application/pdf,Introduced,https://legiscan.com/NV/text/AB1/id/2220951,https://www.leg.state.nv.us/Session/81st2021/Bills/AB/AB1.pdf
1383078,2220950,text,253366,application/pdf,Introduced,https://legiscan.com/NV/text/AB2/id/2220950,https://www.leg.state.nv.us/Session/81st2021/Bills/AB/AB2.pdf
1383079,2220952,text,215960,application/pdf,Introduced,https://legiscan.com/NV/text/AB3/id/2220952,https://www.leg.state.nv.us/Session/81st2021/Bills/AB/AB3.pdf
1383117,2221001,text,447417,application/pdf,Introduced,https://legiscan.com/NV/text/AB4/id/2221001,https://www.leg.state.nv.us/Session/81st2021/Bills/AB/AB4.pdf
1383106,2220873,text,227250,application/pdf,Introduced,https://legiscan.com/NV/text/AB5/id/2220873,https://www.leg.state.nv.us/Session/81st2021/Bills/AB/AB5.pdf
1383135,2221005,text,213010,application/pdf,Introduced,https://legiscan.com/NV/text/AB6/id/2221005,https://www.leg.state.nv.us/Session/81st2021/Bills/AB/AB6.pdf
1383137,2221009,text,421793,application/pdf,Introduced,https://legiscan.com/NV/text/AB7/id/2221009,https://www.leg.state.nv.us/Session/81st2021/Bills/AB/AB7.pdf
1383138,2221011,text,371245,application/pdf,Introduced,https://legiscan.com/NV/text/AB8/id/2221011,https://www.leg.state.nv.us/Session/81st2021/Bills/AB/AB8.pdf
1383146,2221012,text,234970,application/pdf,Introduced,https://legiscan.com/NV/text/AB9/id/2221012,https://www.leg.state.nv.us/Session/81st2021/Bills/AB/AB9.pdf
1383157,2221017,text,228980,application/pdf,Introduced,https://legiscan.com/NV/text/AB10/id/2221017,https://www.leg.state.nv.us/Session/81st2021/Bills/AB/AB10.pdf
1383169,2221025,text,266410,application/pdf,Introduced,https://legiscan.com/NV/text/AB11/id/2221025,https://www.leg.state.nv.us/Session/81st2021/Bills/AB/AB11.pdf
1383144,2221016,text,218839,application/pdf,Introduced,https://legiscan.com/NV/text/AB12/id/2221016,https://www.leg.state.nv.us/Session/81st2021/Bills/AB/AB12.pdf
1383136,2221004,text,215244,application/pdf,Introduced,https://legiscan.com/NV/text/AB13/id/2221004,https://www.leg.state.nv.us/Session/81st2021/Bills/AB/AB13.pdf
1383156,2221019,text,242185,application/pdf,Introduced,https://legiscan.com/NV/text/AB14/id/2221019,https://www.leg.state.nv.us/Session/81st2021/Bills/AB/AB14.pdf
1383179,2221023,text,226370,application/pdf,Introduced,https://legiscan.com/NV/text/AB15/id/2221023,https://www.leg.state.nv.us/Session/81st2021/Bills/AB/AB15.pdf
1383172,2221024,text,231735,application/pdf,Introduced,https://legiscan.com/NV/text/AB16/id/2221024,https://www.leg.state.nv.us/Session/81st2021/Bills/AB/AB16.pdf
1383160,2221029,text,259844,application/pdf,Introduced,https://legiscan.com/NV/text/AB17/id/2221029,https://www.leg.state.nv.us/Session/81st2021/Bills/AB/AB17.pdf
1383175,2221033,text,254309,application/pdf,Introduced,https://legiscan.com/NV/text/AB18/id/2221033,https://www.leg.state.nv.us/Session/81st2021/Bills/AB/AB18.pdf
1383176,2221032,text,261078,application/pdf,Introduced,https://legiscan.com/NV/text/AB19/id/2221032,https://www.leg.state.nv.us/Session/81st2021/Bills/AB/AB19.pdf
1383162,2221028,text,273761,application/pdf,Introduced,https://legiscan.com/NV/text/AB20/id/2221028,https://www.leg.state.nv.us/Session/81st2021/Bills/AB/AB20.pdf
1383142,2221018,text,271924,application/pdf,Introduced,https://legiscan.com/NV/text/AB21/id/2221018,https://www.leg.state.nv.us/Session/81st2021/Bills/AB/AB21.pdf
1383141,2221014,text,304191,application/pdf,Introduced,https://legiscan.com/NV/text/AB22/id/2221014,https://www.leg.state.nv.us/Session/81st2021/Bills/AB/AB22.pdf
1383177,2221030,text,237561,application/pdf,Introduced,https://legiscan.com/NV/text/AB23/id/2221030,https://www.leg.state.nv.us/Session/81st2021/Bills/AB/AB23.pdf
1383168,2221026,text,234116,application/pdf,Introduced,https://legiscan.com/NV/text/AB24/id/2221026,https://www.leg.state.nv.us/Session/81st2021/Bills/AB/AB24.pdf
1383147,2221021,text,311719,application/pdf,Introduced,https://legiscan.com/NV/text/AB25/id/2221021,https://www.leg.state.nv.us/Session/81st2021/Bills/AB/AB25.pdf
1383173,2221031,text,219079,application/pdf,Introduced,https://legiscan.com/NV/text/AB26/id/2221031,https://www.leg.state.nv.us/Session/81st2021/Bills/AB/AB26.pdf
1383134,2221010,text,224725,application/pdf,Introduced,https://legiscan.com/NV/text/AB27/id/2221010,https://www.leg.state.nv.us/Session/81st2021/Bills/AB/AB27.pdf
1383126,2221003,text,251226,application/pdf,Introduced,https://legiscan.com/NV/text/AB28/id/2221003,https://www.leg.state.nv.us/Session/81st2021/Bills/AB/AB28.pdf
1383166,2221027,text,371351,application/pdf,Introduced,https://legiscan.com/NV/text/AB29/id/2221027,https://www.leg.state.nv.us/Session/81st2021/Bills/AB/AB29.pdf
1383154,2221022,text,225119,application/pdf,Introduced,https://legiscan.com/NV/text/AB30/id/2221022,https://www.leg.state.nv.us/Session/81st2021/Bills/AB/AB30.pdf
1383131,2221008,text,424760,application/pdf,Introduced,https://legiscan.com/NV/text/AB31/id/2221008,https://www.leg.state.nv.us/Session/81st2021/Bills/AB/AB31.pdf
1383132,2221007,text,229354,application/pdf,Introduced,https://legiscan.com/NV/text/AB32/id/2221007,https://www.leg.state.nv.us/Session/81st2021/Bills/AB/AB32.pdf
1383193,2221060,text,290132,application/pdf,Introduced,https://legiscan.com/NV/text/AB33/id/2221060,https://www.leg.state.nv.us/Session/81st2021/Bills/AB/AB33.pdf
1383216,2220869,text,417827,application/pdf,Introduced,https://legiscan.com/NV/text/AB34/id/2220869,https://www.leg.state.nv.us/Session/81st2021/Bills/AB/AB34.pdf
1383151,2221015,text,411379,application/pdf,Introduced,https://legiscan.com/NV/text/AB35/id/2221015,https://www.leg.state.nv.us/Session/81st2021/Bills/AB/AB35.pdf
1383217,2221191,text,277488,application/pdf,Introduced,https://legiscan.com/NV/text/AB36/id/2221191,https://www.leg.state.nv.us/Session/81st2021/Bills/AB/AB36.pdf
1383148,2221013,text,417724,application/pdf,Introduced,https://legiscan.com/NV/text/AB37/id/2221013,https://www.leg.state.nv.us/Session/81st2021/Bills/AB/AB37.pdf
1383125,2221006,text,356837,application/pdf,Introduced,https://legiscan.com/NV/text/AB38/id/2221006,https://www.leg.state.nv.us/Session/81st2021/Bills/AB/AB38.pdf
1383170,2221034,text,306073,application/pdf,Introduced,https://legiscan.com/NV/text/AB39/id/2221034,https://www.leg.state.nv.us/Session/81st2021/Bills/AB/AB39.pdf
1383207,2221071,text,354952,application/pdf,Introduced,https://legiscan.com/NV/text/AB40/id/2221071,https://www.leg.state.nv.us/Session/81st2021/Bills/AB/AB40.pdf
1383201,2221063,text,253505,application/pdf,Introduced,https://legiscan.com/NV/text/AB41/id/2221063,https://www.leg.state.nv.us/Session/81st2021/Bills/AB/AB41.pdf
1383186,2221047,text,335726,application/pdf,Introduced,https://legiscan.com/NV/text/AB42/id/2221047,https://www.leg.state.nv.us/Session/81st2021/Bills/AB/AB42.pdf
1383220,2221176,text,334204,application/pdf,Introduced,https://legiscan.com/NV/text/AB43/id/2221176,https://www.leg.state.nv.us/Session/81st2021/Bills/AB/AB43.pdf
1383211,2221184,text,332673,application/pdf,Introduced,https://legiscan.com/NV/text/AB44/id/2221184,https://www.leg.state.nv.us/Session/81st2021/Bills/AB/AB44.pdf
1383181,2221051,text,830691,application/pdf,Introduced,https://legiscan.com/NV/text/AB45/id/2221051,https://www.leg.state.nv.us/Session/81st2021/Bills/AB/AB45.pdf
1383197,2221066,text,432287,application/pdf,Introduced,https://legiscan.com/NV/text/AB46/id/2221066,https://www.leg.state.nv.us/Session/81st2021/Bills/AB/AB46.pdf
1383202,2221086,text,449473,application/pdf,Introduced,https://legiscan.com/NV/text/AB47/id/2221086,https://www.leg.state.nv.us/Session/81st2021/Bills/AB/AB47.pdf
1383194,2221059,text,221206,application/pdf,Introduced,https://legiscan.com/NV/text/AB48/id/2221059,https://www.leg.state.nv.us/Session/81st2021/Bills/AB/AB48.pdf
1383209,2221183,text,228494,application/pdf,Introduced,https://legiscan.com/NV/text/AB49/id/2221183,https://www.leg.state.nv.us/Session/81st2021/Bills/AB/AB49.pdf
1383221,2221194,text,249963,application/pdf,Introduced,https://legiscan.com/NV/text/AB50/id/2221194,https://www.leg.state.nv.us/Session/81st2021/Bills/AB/AB50.pdf
1383203,2221177,text,346094,application/pdf,Introduced,https://legiscan.com/NV/text/AB51/id/2221177,https://www.leg.state.nv.us/Session/81st2021/Bills/AB/AB51.pdf
1383200,2221069,text,344348,application/pdf,Introduced,https://legiscan.com/NV/text/AB52/id/2221069,https://www.leg.state.nv.us/Session/81st2021/Bills/AB/AB52.pdf
1383183,2221040,text,215317,application/pdf,Introduced,https://legiscan.com/NV/text/AB53/id/2221040,https://www.leg.state.nv.us/Session/81st2021/Bills/AB/AB53.pdf
1383184,2221056,text,228996,application/pdf,Introduced,https://legiscan.com/NV/text/AB54/id/2221056,https://www.leg.state.nv.us/Session/81st2021/Bills/AB/AB54.pdf
1383222,2221195,text,408848,application/pdf,Introduced,https://legiscan.com/NV/text/AB55/id/2221195,https://www.leg.state.nv.us/Session/81st2021/Bills/AB/AB55.pdf
1383198,2221062,text,234056,application/pdf,Introduced,https://legiscan.com/NV/text/AB56/id/2221062,https://www.leg.state.nv.us/Session/81st2021/Bills/AB/AB56.pdf
1383199,2221068,text,232017,application/pdf,Introduced,https://legiscan.com/NV/text/AB57/id/2221068,https://www.leg.state.nv.us/Session/81st2021/Bills/AB/AB57.pdf
1383205,2221185,text,356988,application/pdf,Introduced,https://legiscan.com/NV/text/AB58/id/2221185,https://www.leg.state.nv.us/Session/81st2021/Bills/AB/AB58.pdf
1383223,2220795,text,381189,application/pdf,Introduced,https://legiscan.com/NV/text/AB59/id/2220795,https://www.leg.state.nv.us/Session/81st2021/Bills/AB/AB59.pdf
1383219,2221188,text,308230,application/pdf,Introduced,https://legiscan.com/NV/text/AB60/id/2221188,https://www.leg.state.nv.us/Session/81st2021/Bills/AB/AB60.pdf
1383206,2221179,text,507644,application/pdf,Introduced,https://legiscan.com/NV/text/AB61/id/2221179,https://www.leg.state.nv.us/Session/81st2021/Bills/AB/AB61.pdf
1383208,2221180,text,230213,application/pdf,Introduced,https://legiscan.com/NV/text/AB62/id/2221180,https://www.leg.state.nv.us/Session/81st2021/Bills/AB/AB62.pdf
1383218,2221189,text,308538,application/pdf,Introduced,https://legiscan.com/NV/text/AB63/id/2221189,https://www.leg.state.nv.us/Session/81st2021/Bills/AB/AB63.pdf
1383196,2221070,text,370747,application/pdf,Introduced,https://legiscan.com/NV/text/AB64/id/2221070,https://www.leg.state.nv.us/Session/81st2021/Bills/AB/AB64.pdf
1383212,2221182,text,688177,application/pdf,Introduced,https://legiscan.com/NV/text/AB65/id/2221182,https://www.leg.state.nv.us/Session/81st2021/Bills/AB/AB65.pdf
1383210,2221190,text,458101,application/pdf,Introduced,https://legiscan.com/NV/text/AB66/id/2221190,https://www.leg.state.nv.us/Session/81st2021/Bills/AB/AB66.pdf
1383192,2221057,text,512989,application/pdf,Introduced,https://legiscan.com/NV/text/AB67/id/2221057,https://www.leg.state.nv.us/Session/81st2021/Bills/AB/AB67.pdf
1383213,2221187,text,255251,application/pdf,Introduced,https://legiscan.com/NV/text/AB68/id/2221187,https://www.leg.state.nv.us/Session/81st2021/Bills/AB/AB68.pdf
1383187,2221049,text,258715,application/pdf,Introduced,https://legiscan.com/NV/text/AB69/id/2221049,https://www.leg.state.nv.us/Session/81st2021/Bills/AB/AB69.pdf
1383204,2221137,text,219320,application/pdf,Introduced,https://legiscan.com/NV/text/AB70/id/2221137,https://www.leg.state.nv.us/Session/81st2021/Bills/AB/AB70.pdf
1383182,2221045,text,329754,application/pdf,Introduced,https://legiscan.com/NV/text/AB71/id/2221045,https://www.leg.state.nv.us/Session/81st2021/Bills/AB/AB71.pdf
1383214,2221193,text,228231,application/pdf,Introduced,https://legiscan.com/NV/text/AB72/id/2221193,https://www.leg.state.nv.us/Session/81st2021/Bills/AB/AB72.pdf
1383191,2221058,text,264608,application/pdf,Introduced,https://legiscan.com/NV/text/AB73/id/2221058,https://www.leg.state.nv.us/Session/81st2021/Bills/AB/AB73.pdf
1383190,2221053,text,221390,application/pdf,Introduced,https://legiscan.com/NV/text/AB74/id/2221053,https://www.leg.state.nv.us/Session/81st2021/Bills/AB/AB74.pdf
1383195,2221181,text,342006,application/pdf,Introduced,https://legiscan.com/NV/text/AB75/id/2221181,https://www.leg.state.nv.us/Session/81st2021/Bills/AB/AB75.pdf
1383188,2221046,text,221460,application/pdf,Introduced,https://legiscan.com/NV/text/AB76/id/2221046,https://www.leg.state.nv.us/Session/81st2021/Bills/AB/AB76.pdf
1383189,2221055,text,277720,application/pdf,Introduced,https://legiscan.com/NV/text/AB77/id/2221055,https://www.leg.state.nv.us/Session/81st2021/Bills/AB/AB77.pdf
1426609,2262737,text,221255,application/pdf,Introduced,https://legiscan.com/NV/text/AB78/id/2262737,https://www.leg.state.nv.us/Session/81st2021/Bills/AB/AB78.pdf
1426483,2262602,text,327592,application/pdf,Introduced,https://legiscan.com/NV/text/AB79/id/2262602,https://www.leg.state.nv.us/Session/81st2021/Bills/AB/AB79.pdf
1426629,2262757,text,331271,application/pdf,Introduced,https://legiscan.com/NV/text/AB80/id/2262757,https://www.leg.state.nv.us/Session/81st2021/Bills/AB/AB80.pdf
1426400,2262522,text,215478,application/pdf,Introduced,https://legiscan.com/NV/text/AB81/id/2262522,https://www.leg.state.nv.us/Session/81st2021/Bills/AB/AB81.pdf
1426649,2262777,text,228538,application/pdf,Introduced,https://legiscan.com/NV/text/AB82/id/2262777,https://www.leg.state.nv.us/Session/81st2021/Bills/AB/AB82.pdf
1426547,2262671,text,233931,application/pdf,Introduced,https://legiscan.com/NV/text/AB83/id/2262671,https://www.leg.state.nv.us/Session/81st2021/Bills/AB/AB83.pdf
1426526,2262647,text,214010,application/pdf,Introduced,https://legiscan.com/NV/text/AB84/id/2262647,https://www.leg.state.nv.us/Session/81st2021/Bills/AB/AB84.pdf
1426504,2262625,text,216644,application/pdf,Introduced,https://legiscan.com/NV/text/AB85/id/2262625,https://www.leg.state.nv.us/Session/81st2021/Bills/AB/AB85.pdf
1426360,2265438,text,308875,application/pdf,Introduced,https://legiscan.com/NV/text/AB86/id/2265438,https://www.leg.state.nv.us/Session/81st2021/Bills/AB/AB86.pdf
1434056,2271995,text,245034,application/pdf,Introduced,https://legiscan.com/NV/text/AB87/id/2271995,https://www.leg.state.nv.us/Session/81st2021/Bills/AB/AB87.pdf
1433859,2271997,text,228359,application/pdf,Introduced,https://legiscan.com/NV/text/AB88/id/2271997,https://www.leg.state.nv.us/Session/81st2021/Bills/AB/AB88.pdf
1433670,2271992,text,329224,application/pdf,Introduced,https://legiscan.com/NV/text/AB89/id/2271992,https://www.leg.state.nv.us/Session/81st2021/Bills/AB/AB89.pdf
1437377,2274996,text,355951,application/pdf,Introduced,https://legiscan.com/NV/text/AB90/id/2274996,https://www.leg.state.nv.us/Session/81st2021/Bills/AB/AB90.pdf
1437139,2274759,text,225901,application/pdf,Introduced,https://legiscan.com/NV/text/AB91/id/2274759,https://www.leg.state.nv.us/Session/81st2021/Bills/AB/AB91.pdf
1437065,2274689,text,300060,application/pdf,Introduced,https://legiscan.com/NV/text/AB92/id/2274689,https://www.leg.state.nv.us/Session/81st2021/Bills/AB/AB92.pdf
1437537,2275155,text,259385,application/pdf,Introduced,https://legiscan.com/NV/text/AB93/id/2275155,https://www.leg.state.nv.us/Session/81st2021/Bills/AB/AB93.pdf
1437693,2275301,text,334290,application/pdf,Introduced,https://legiscan.com/NV/text/AB94/id/2275301,https://www.leg.state.nv.us/Session/81st2021/Bills/AB/AB94.pdf
1437614,2275227,text,229637,application/pdf,Introduced,https://legiscan.com/NV/text/AB95/id/2275227,https://www.leg.state.nv.us/Session/81st2021/Bills/AB/AB95.pdf
1436992,2274616,text,349800,application/pdf,Introduced,https://legiscan.com/NV/text/AB96/id/2274616,https://www.leg.state.nv.us/Session/81st2021/Bills/AB/AB96.pdf
1440863,2280150,text,371238,application/pdf,Introduced,https://legiscan.com/NV/text/AB97/id/2280150,https://www.leg.state.nv.us/Session/81st2021/Bills/AB/AB97.pdf
1440692,2280145,text,364794,application/pdf,Introduced,https://legiscan.com/NV/text/AB98/id/2280145,https://www.leg.state.nv.us/Session/81st2021/Bills/AB/AB98.pdf
1440607,2280137,text,223788,application/pdf,Introduced,https://legiscan.com/NV/text/AB99/id/2280137,https://www.leg.state.nv.us/Session/81st2021/Bills/AB/AB99.pdf
1440186,2280109,text,258859,application/pdf,Introduced,https://legiscan.com/NV/text/AB100/id/2280109,https://www.leg.state.nv.us/Session/81st2021/Bills/AB/AB100.pdf
1440265,2280111,text,302100,application/pdf,Introduced,https://legiscan.com/NV/text/AB101/id/2280111,https://www.leg.state.nv.us/Session/81st2021/Bills/AB/AB101.pdf
1440522,2280124,text,238192,application/pdf,Introduced,https://legiscan.com/NV/text/AB102/id/2280124,https://www.leg.state.nv.us/Session/81st2021/Bills/AB/AB102.pdf
1440437,2280132,text,219744,application/pdf,Introduced,https://legiscan.com/NV/text/AB103/id/2280132,https://www.leg.state.nv.us/Session/81st2021/Bills/AB/AB103.pdf
1440351,2280122,text,324879,application/pdf,Introduced,https://legiscan.com/NV/text/AB104/id/2280122,https://www.leg.state.nv.us/Session/81st2021/Bills/AB/AB104.pdf
1442661,2283853,text,218984,application/pdf,Introduced,https://legiscan.com/NV/text/AB105/id/2283853,https://www.leg.state.nv.us/Session/81st2021/Bills/AB/AB105.pdf
1442366,2280991,text,132190,application/pdf,Introduced,https://legiscan.com/NV/text/AB106/id/2280991,https://www.leg.state.nv.us/Session/81st2021/Bills/AB/AB106.pdf
1442366,2289725,text,126105,application/pdf,Enrolled,https://legiscan.com/NV/text/AB106/id/2289725,https://www.leg.state.nv.us/Session/81st2021/Bills/AB/AB106_EN.pdf
1444944,2287306,text,226021,application/pdf,Introduced,https://legiscan.com/NV/text/AB107/id/2287306,https://www.leg.state.nv.us/Session/81st2021/Bills/AB/AB107.pdf
1445598,2287307,text,465214,application/pdf,Introduced,https://legiscan.com/NV/text/AB108/id/2287307,https://www.leg.state.nv.us/Session/81st2021/Bills/AB/AB108.pdf
1445431,2285118,text,251352,application/pdf,Introduced,https://legiscan.com/NV/text/AB109/id/2285118,https://www.leg.state.nv.us/Session/81st2021/Bills/AB/AB109.pdf
1445104,2287289,text,230431,application/pdf,Introduced,https://legiscan.com/NV/text/AB110/id/2287289,https://www.leg.state.nv.us/Session/81st2021/Bills/AB/AB110.pdf
1448240,2291009,text,218296,application/pdf,Introduced,https://legiscan.com/NV/text/AB111/id/2291009,https://www.leg.state.nv.us/Session/81st2021/Bills/AB/AB111.pdf
1448131,2290970,text,240339,application/pdf,Introduced,https://legiscan.com/NV/text/AB112/id/2290970,https://www.leg.state.nv.us/Session/81st2021/Bills/AB/AB112.pdf
1449436,2289601,text,233590,application/pdf,Introduced,https://legiscan.com/NV/text/AB113/id/2289601,https://www.leg.state.nv.us/Session/81st2021/Bills/AB/AB113.pdf
1448457,2291071,text,216529,application/pdf,Introduced,https://legiscan.com/NV/text/AB114/id/2291071,https://www.leg.state.nv.us/Session/81st2021/Bills/AB/AB114.pdf
1448022,2290961,text,260103,application/pdf,Introduced,https://legiscan.com/NV/text/AB115/id/2290961,https://www.leg.state.nv.us/Session/81st2021/Bills/AB/AB115.pdf
1448348,2290294,text,668574,application/pdf,Introduced,https://legiscan.com/NV/text/AB116/id/2290294,https://www.leg.state.nv.us/Session/81st2021/Bills/AB/AB116.pdf
1448567,2290980,text,217032,application/pdf,Introduced,https://legiscan.com/NV/text/AB117/id/2290980,https://www.leg.state.nv.us/Session/81st2021/Bills/AB/AB117.pdf
1449109,2291012,text,343660,application/pdf,Introduced,https://legiscan.com/NV/text/AB118/id/2291012,https://www.leg.state.nv.us/Session/81st2021/Bills/AB/AB118.pdf
1449326,2291010,text,224646,application/pdf,Introduced,https://legiscan.com/NV/text/AB119/id/2291010,https://www.leg.state.nv.us/Session/81st2021/Bills/AB/AB119.pdf
1432283,2268989,text,349308,application/pdf,Introduced,https://legiscan.com/NV/text/AB444A/id/2268989,https://www.leg.state.nv.us/Session/81st2021/Bills/AB/AB444_80.pdf
1432608,2270082,text,402592,application/pdf,Introduced,https://legiscan.com/NV/text/AR1/id/2270082,https://www.leg.state.nv.us/Session/81st2021/Bills/AR/AR1.pdf
1432608,2272041,text,412210,application/pdf,Enrolled,https://legiscan.com/NV/text/AR1/id/2272041,https://www.leg.state.nv.us/Session/81st2021/Bills/AR/AR1_EN.pdf
1432528,2270084,text,135116,application/pdf,Introduced,https://legiscan.com/NV/text/AR2/id/2270084,https://www.leg.state.nv.us/Session/81st2021/Bills/AR/AR2.pdf
1432528,2271610,text,124256,application/pdf,Enrolled,https://legiscan.com/NV/text/AR2/id/2271610,https://www.leg.state.nv.us/Session/81st2021/Bills/AR/AR2_EN.pdf
1432365,2270081,text,128973,application/pdf,Introduced,https://legiscan.com/NV/text/AR3/id/2270081,https://www.leg.state.nv.us/Session/81st2021/Bills/AR/AR3.pdf
1432365,2271587,text,118794,application/pdf,Enrolled,https://legiscan.com/NV/text/AR3/id/2271587,https://www.leg.state.nv.us/Session/81st2021/Bills/AR/AR3_EN.pdf
1432449,2270087,text,362211,application/pdf,Introduced,https://legiscan.com/NV/text/ACR1/id/2270087,https://www.leg.state.nv.us/Session/81st2021/Bills/ACR/ACR1.pdf
1432449,2272042,text,357274,application/pdf,Enrolled,https://legiscan.com/NV/text/ACR1/id/2272042,https://www.leg.state.nv.us/Session/81st2021/Bills/ACR/ACR1_EN.pdf
1428286,2264506,text,213316,application/pdf,Introduced,https://legiscan.com/NV/text/AJR1/id/2264506,https://www.leg.state.nv.us/Session/81st2021/Bills/AJR/AJR1.pdf
1445268,2284974,text,133276,application/pdf,Introduced,https://legiscan.com/NV/text/AJR2/id/2284974,https://www.leg.state.nv.us/Session/81st2021/Bills/AJR/AJR2.pdf
1432126,2268843,text,316598,application/pdf,Introduced,https://legiscan.com/NV/text/AJR10A/id/2268843,https://www.leg.state.nv.us/Session/81st2021/Bills/AJR/AJR10_80.pdf
1382886,2219283,text,127095,application/pdf,Introduced,https://legiscan.com/NV/text/SB1/id/2219283,https://www.leg.state.nv.us/Session/81st2021/Bills/SB/SB1.pdf
1382886,2274021,text,119502,application/pdf,Enrolled,https://legiscan.com/NV/text/SB1/id/2274021,https://www.leg.state.nv.us/Session/81st2021/Bills/SB/SB1_EN.pdf
1383051,2219319,text,297416,application/pdf,Introduced,https://legiscan.com/NV/text/SB2/id/2219319,https://www.leg.state.nv.us/Session/81st2021/Bills/SB/SB2.pdf
1383064,2219317,text,242371,application/pdf,Introduced,https://legiscan.com/NV/text/SB3/id/2219317,https://www.leg.state.nv.us/Session/81st2021/Bills/SB/SB3.pdf
1383065,2219324,text,214731,application/pdf,Introduced,https://legiscan.com/NV/text/SB4/id/2219324,https://www.leg.state.nv.us/Session/81st2021/Bills/SB/SB4.pdf
1383056,2219320,text,432035,application/pdf,Introduced,https://legiscan.com/NV/text/SB5/id/2219320,https://www.leg.state.nv.us/Session/81st2021/Bills/SB/SB5.pdf
1383046,2219296,text,445538,application/pdf,Introduced,https://legiscan.com/NV/text/SB6/id/2219296,https://www.leg.state.nv.us/Session/81st2021/Bills/SB/SB6.pdf
1383044,2219196,text,237248,application/pdf,Introduced,https://legiscan.com/NV/text/SB7/id/2219196,https://www.leg.state.nv.us/Session/81st2021/Bills/SB/SB7.pdf
1383054,2219297,text,329199,application/pdf,Introduced,https://legiscan.com/NV/text/SB8/id/2219297,https://www.leg.state.nv.us/Session/81st2021/Bills/SB/SB8.pdf
1383035,2219294,text,364433,application/pdf,Introduced,https://legiscan.com/NV/text/SB9/id/2219294,https://www.leg.state.nv.us/Session/81st2021/Bills/SB/SB9.pdf
1383039,2219298,text,260250,application/pdf,Introduced,https://legiscan.com/NV/text/SB10/id/2219298,https://www.leg.state.nv.us/Session/81st2021/Bills/SB/SB10.pdf
1383060,2219321,text,388804,application/pdf,Introduced,https://legiscan.com/NV/text/SB11/id/2219321,https://www.leg.state.nv.us/Session/81st2021/Bills/SB/SB11.pdf
1383075,2219337,text,327601,application/pdf,Introduced,https://legiscan.com/NV/text/SB12/id/2219337,https://www.leg.state.nv.us/Session/81st2021/Bills/SB/SB12.pdf
1383086,2219350,text,220122,application/pdf,Introduced,https://legiscan.com/NV/text/SB13/id/2219350,https://www.leg.state.nv.us/Session/81st2021/Bills/SB/SB13.pdf
1383069,2219336,text,238456,application/pdf,Introduced,https://legiscan.com/NV/text/SB14/id/2219336,https://www.leg.state.nv.us/Session/81st2021/Bills/SB/SB14.pdf
1383091,2219358,text,218900,application/pdf,Introduced,https://legiscan.com/NV/text/SB15/id/2219358,https://www.leg.state.nv.us/Session/81st2021/Bills/SB/SB15.pdf
1383083,2219353,text,216344,application/pdf,Introduced,https://legiscan.com/NV/text/SB16/id/2219353,https://www.leg.state.nv.us/Session/81st2021/Bills/SB/SB16.pdf
1383102,2219370,text,244013,application/pdf,Introduced,https://legiscan.com/NV/text/SB17/id/2219370,https://www.leg.state.nv.us/Session/81st2021/Bills/SB/SB17.pdf
1383108,2219366,text,242443,application/pdf,Introduced,https://legiscan.com/NV/text/SB18/id/2219366,https://www.leg.state.nv.us/Session/81st2021/Bills/SB/SB18.pdf
1383107,2219363,text,338129,application/pdf,Introduced,https://legiscan.com/NV/text/SB19/id/2219363,https://www.leg.state.nv.us/Session/81st2021/Bills/SB/SB19.pdf
1383076,2219347,text,314623,application/pdf,Introduced,https://legiscan.com/NV/text/SB20/id/2219347,https://www.leg.state.nv.us/Session/81st2021/Bills/SB/SB20.pdf
1383113,2219378,text,268689,application/pdf,Introduced,https://legiscan.com/NV/text/SB21/id/2219378,https://www.leg.state.nv.us/Session/81st2021/Bills/SB/SB21.pdf
1383082,2219359,text,342932,application/pdf,Introduced,https://legiscan.com/NV/text/SB22/id/2219359,https://www.leg.state.nv.us/Session/81st2021/Bills/SB/SB22.pdf
1383088,2219355,text,217842,application/pdf,Introduced,https://legiscan.com/NV/text/SB23/id/2219355,https://www.leg.state.nv.us/Session/81st2021/Bills/SB/SB23.pdf
1383119,2219377,text,263976,application/pdf,Introduced,https://legiscan.com/NV/text/SB24/id/2219377,https://www.leg.state.nv.us/Session/81st2021/Bills/SB/SB24.pdf
1383121,2219382,text,227800,application/pdf,Introduced,https://legiscan.com/NV/text/SB25/id/2219382,https://www.leg.state.nv.us/Session/81st2021/Bills/SB/SB25.pdf
1383103,2219365,text,221453,application/pdf,Introduced,https://legiscan.com/NV/text/SB26/id/2219365,https://www.leg.state.nv.us/Session/81st2021/Bills/SB/SB26.pdf
1383110,2219360,text,476183,application/pdf,Introduced,https://legiscan.com/NV/text/SB27/id/2219360,https://www.leg.state.nv.us/Session/81st2021/Bills/SB/SB27.pdf
1383115,2219367,text,320737,application/pdf,Introduced,https://legiscan.com/NV/text/SB28/id/2219367,https://www.leg.state.nv.us/Session/81st2021/Bills/SB/SB28.pdf
1383105,2219361,text,324048,application/pdf,Introduced,https://legiscan.com/NV/text/SB29/id/2219361,https://www.leg.state.nv.us/Session/81st2021/Bills/SB/SB29.pdf
1383111,2219379,text,240754,application/pdf,Introduced,https://legiscan.com/NV/text/SB30/id/2219379,https://www.leg.state.nv.us/Session/81st2021/Bills/SB/SB30.pdf
1383122,2219376,text,368070,application/pdf,Introduced,https://legiscan.com/NV/text/SB31/id/2219376,https://www.leg.state.nv.us/Session/81st2021/Bills/SB/SB31.pdf
1383114,2219372,text,376654,application/pdf,Introduced,https://legiscan.com/NV/text/SB32/id/2219372,https://www.leg.state.nv.us/Session/81st2021/Bills/SB/SB32.pdf
1383116,2219374,text,410502,application/pdf,Introduced,https://legiscan.com/NV/text/SB33/id/2219374,https://www.leg.state.nv.us/Session/81st2021/Bills/SB/SB33.pdf
1383070,2219339,text,360887,application/pdf,Introduced,https://legiscan.com/NV/text/SB34/id/2219339,https://www.leg.state.nv.us/Session/81st2021/Bills/SB/SB34.pdf
1383081,2219346,text,232514,application/pdf,Introduced,https://legiscan.com/NV/text/SB35/id/2219346,https://www.leg.state.nv.us/Session/81st2021/Bills/SB/SB35.pdf
1383101,2219357,text,233314,application/pdf,Introduced,https://legiscan.com/NV/text/SB36/id/2219357,https://www.leg.state.nv.us/Session/81st2021/Bills/SB/SB36.pdf
1383120,2219371,text,231613,application/pdf,Introduced,https://legiscan.com/NV/text/SB37/id/2219371,https://www.leg.state.nv.us/Session/81st2021/Bills/SB/SB37.pdf
1383084,2219354,text,351017,application/pdf,Introduced,https://legiscan.com/NV/text/SB38/id/2219354,https://www.leg.state.nv.us/Session/81st2021/Bills/SB/SB38.pdf
1383074,2219557,text,358388,application/pdf,Introduced,https://legiscan.com/NV/text/SB39/id/2219557,https://www.leg.state.nv.us/Session/81st2021/Bills/SB/SB39.pdf
1383097,2219587,text,400037,application/pdf,Introduced,https://legiscan.com/NV/text/SB40/id/2219587,https://www.leg.state.nv.us/Session/81st2021/Bills/SB/SB40.pdf
1383096,2219581,text,305071,application/pdf,Introduced,https://legiscan.com/NV/text/SB41/id/2219581,https://www.leg.state.nv.us/Session/81st2021/Bills/SB/SB41.pdf
1383098,2219578,text,374947,application/pdf,Introduced,https://legiscan.com/NV/text/SB42/id/2219578,https://www.leg.state.nv.us/Session/81st2021/Bills/SB/SB42.pdf
1383073,2219560,text,218373,application/pdf,Introduced,https://legiscan.com/NV/text/SB43/id/2219560,https://www.leg.state.nv.us/Session/81st2021/Bills/SB/SB43.pdf
1383095,2219585,text,426640,application/pdf,Introduced,https://legiscan.com/NV/text/SB44/id/2219585,https://www.leg.state.nv.us/Session/81st2021/Bills/SB/SB44.pdf
1383112,2219588,text,288287,application/pdf,Introduced,https://legiscan.com/NV/text/SB45/id/2219588,https://www.leg.state.nv.us/Session/81st2021/Bills/SB/SB45.pdf
1383089,2219582,text,256449,application/pdf,Introduced,https://legiscan.com/NV/text/SB46/id/2219582,https://www.leg.state.nv.us/Session/81st2021/Bills/SB/SB46.pdf
1383087,2219576,text,246953,application/pdf,Introduced,https://legiscan.com/NV/text/SB47/id/2219576,https://www.leg.state.nv.us/Session/81st2021/Bills/SB/SB47.pdf
1383077,2219566,text,249480,application/pdf,Introduced,https://legiscan.com/NV/text/SB48/id/2219566,https://www.leg.state.nv.us/Session/81st2021/Bills/SB/SB48.pdf
1383092,2219574,text,354446,application/pdf,Introduced,https://legiscan.com/NV/text/SB49/id/2219574,https://www.leg.state.nv.us/Session/81st2021/Bills/SB/SB49.pdf
1383099,2219580,text,309345,application/pdf,Introduced,https://legiscan.com/NV/text/SB50/id/2219580,https://www.leg.state.nv.us/Session/81st2021/Bills/SB/SB50.pdf
1383093,2219584,text,241518,application/pdf,Introduced,https://legiscan.com/NV/text/SB51/id/2219584,https://www.leg.state.nv.us/Session/81st2021/Bills/SB/SB51.pdf
1383090,2219583,text,230962,application/pdf,Introduced,https://legiscan.com/NV/text/SB52/id/2219583,https://www.leg.state.nv.us/Session/81st2021/Bills/SB/SB52.pdf
1383100,2219589,text,241311,application/pdf,Introduced,https://legiscan.com/NV/text/SB53/id/2219589,https://www.leg.state.nv.us/Session/81st2021/Bills/SB/SB53.pdf
1383118,2219590,text,223455,application/pdf,Introduced,https://legiscan.com/NV/text/SB54/id/2219590,https://www.leg.state.nv.us/Session/81st2021/Bills/SB/SB54.pdf
1383178,2219620,text,243198,application/pdf,Introduced,https://legiscan.com/NV/text/SB55/id/2219620,https://www.leg.state.nv.us/Session/81st2021/Bills/SB/SB55.pdf
1383130,2219596,text,388526,application/pdf,Introduced,https://legiscan.com/NV/text/SB56/id/2219596,https://www.leg.state.nv.us/Session/81st2021/Bills/SB/SB56.pdf
1383155,2219599,text,264109,application/pdf,Introduced,https://legiscan.com/NV/text/SB57/id/2219599,https://www.leg.state.nv.us/Session/81st2021/Bills/SB/SB57.pdf
1383163,2219616,text,232633,application/pdf,Introduced,https://legiscan.com/NV/text/SB58/id/2219616,https://www.leg.state.nv.us/Session/81st2021/Bills/SB/SB58.pdf
1383139,2219602,text,312950,application/pdf,Introduced,https://legiscan.com/NV/text/SB59/id/2219602,https://www.leg.state.nv.us/Session/81st2021/Bills/SB/SB59.pdf
1383159,2219608,text,472249,application/pdf,Introduced,https://legiscan.com/NV/text/SB60/id/2219608,https://www.leg.state.nv.us/Session/81st2021/Bills/SB/SB60.pdf
1383150,2219604,text,437208,application/pdf,Introduced,https://legiscan.com/NV/text/SB61/id/2219604,https://www.leg.state.nv.us/Session/81st2021/Bills/SB/SB61.pdf
1383174,2219621,text,374146,application/pdf,Introduced,https://legiscan.com/NV/text/SB62/id/2219621,https://www.leg.state.nv.us/Session/81st2021/Bills/SB/SB62.pdf
1383127,2219593,text,246427,application/pdf,Introduced,https://legiscan.com/NV/text/SB63/id/2219593,https://www.leg.state.nv.us/Session/81st2021/Bills/SB/SB63.pdf
1383158,2219612,text,272325,application/pdf,Introduced,https://legiscan.com/NV/text/SB64/id/2219612,https://www.leg.state.nv.us/Session/81st2021/Bills/SB/SB64.pdf
1383164,2219618,text,257545,application/pdf,Introduced,https://legiscan.com/NV/text/SB65/id/2219618,https://www.leg.state.nv.us/Session/81st2021/Bills/SB/SB65.pdf
1383129,2219595,text,327405,application/pdf,Introduced,https://legiscan.com/NV/text/SB66/id/2219595,https://www.leg.state.nv.us/Session/81st2021/Bills/SB/SB66.pdf
1383149,2219607,text,395553,application/pdf,Introduced,https://legiscan.com/NV/text/SB67/id/2219607,https://www.leg.state.nv.us/Session/81st2021/Bills/SB/SB67.pdf
1383128,2219592,text,263790,application/pdf,Introduced,https://legiscan.com/NV/text/SB68/id/2219592,https://www.leg.state.nv.us/Session/81st2021/Bills/SB/SB68.pdf
1383167,2219606,text,509936,application/pdf,Introduced,https://legiscan.com/NV/text/SB69/id/2219606,https://www.leg.state.nv.us/Session/81st2021/Bills/SB/SB69.pdf
1383153,2219609,text,712373,application/pdf,Introduced,https://legiscan.com/NV/text/SB70/id/2219609,https://www.leg.state.nv.us/Session/81st2021/Bills/SB/SB70.pdf
1383165,2219614,text,400157,application/pdf,Introduced,https://legiscan.com/NV/text/SB71/id/2219614,https://www.leg.state.nv.us/Session/81st2021/Bills/SB/SB71.pdf
1383145,2219600,text,354039,application/pdf,Introduced,https://legiscan.com/NV/text/SB72/id/2219600,https://www.leg.state.nv.us/Session/81st2021/Bills/SB/SB72.pdf
1383140,2219598,text,257110,application/pdf,Introduced,https://legiscan.com/NV/text/SB73/id/2219598,https://www.leg.state.nv.us/Session/81st2021/Bills/SB/SB73.pdf
1383185,2219624,text,265540,application/pdf,Introduced,https://legiscan.com/NV/text/SB74/id/2219624,https://www.leg.state.nv.us/Session/81st2021/Bills/SB/SB74.pdf
1383215,2219640,text,459497,application/pdf,Introduced,https://legiscan.com/NV/text/SB75/id/2219640,https://www.leg.state.nv.us/Session/81st2021/Bills/SB/SB75.pdf
1383811,2219522,text,664036,application/pdf,Introduced,https://legiscan.com/NV/text/SB76/id/2219522,https://www.leg.state.nv.us/Session/81st2021/Bills/SB/SB76.pdf
1426441,2262562,text,248073,application/pdf,Introduced,https://legiscan.com/NV/text/SB77/id/2262562,https://www.leg.state.nv.us/Session/81st2021/Bills/SB/SB77.pdf
1426567,2262691,text,230809,application/pdf,Introduced,https://legiscan.com/NV/text/SB78/id/2262691,https://www.leg.state.nv.us/Session/81st2021/Bills/SB/SB78.pdf
1426380,2262503,text,518017,application/pdf,Introduced,https://legiscan.com/NV/text/SB79/id/2262503,https://www.leg.state.nv.us/Session/81st2021/Bills/SB/SB79.pdf
1426421,2262543,text,315743,application/pdf,Introduced,https://legiscan.com/NV/text/SB80/id/2262543,https://www.leg.state.nv.us/Session/81st2021/Bills/SB/SB80.pdf
1426462,2262581,text,217393,application/pdf,Introduced,https://legiscan.com/NV/text/SB81/id/2262581,https://www.leg.state.nv.us/Session/81st2021/Bills/SB/SB81.pdf
1428610,2267133,text,225239,application/pdf,Introduced,https://legiscan.com/NV/text/SB82/id/2267133,https://www.leg.state.nv.us/Session/81st2021/Bills/SB/SB82.pdf
1428446,2267134,text,287598,application/pdf,Introduced,https://legiscan.com/NV/text/SB83/id/2267134,https://www.leg.state.nv.us/Session/81st2021/Bills/SB/SB83.pdf
1428778,2264984,text,217534,application/pdf,Introduced,https://legiscan.com/NV/text/SB84/id/2264984,https://www.leg.state.nv.us/Session/81st2021/Bills/SB/SB84.pdf
1435422,2274072,text,604983,application/pdf,Introduced,https://legiscan.com/NV/text/SB85/id/2274072,https://www.leg.state.nv.us/Session/81st2021/Bills/SB/SB85.pdf
1436081,2274113,text,225962,application/pdf,Introduced,https://legiscan.com/NV/text/SB86/id/2274113,https://www.leg.state.nv.us/Session/81st2021/Bills/SB/SB86.pdf
1435699,2274091,text,224656,application/pdf,Introduced,https://legiscan.com/NV/text/SB87/id/2274091,https://www.leg.state.nv.us/Session/81st2021/Bills/SB/SB87.pdf
1435972,2274112,text,330185,application/pdf,Introduced,https://legiscan.com/NV/text/SB88/id/2274112,https://www.leg.state.nv.us/Session/81st2021/Bills/SB/SB88.pdf
1435861,2274109,text,225039,application/pdf,Introduced,https://legiscan.com/NV/text/SB89/id/2274109,https://www.leg.state.nv.us/Session/81st2021/Bills/SB/SB89.pdf
1435585,2274084,text,313723,application/pdf,Introduced,https://legiscan.com/NV/text/SB90/id/2274084,https://www.leg.state.nv.us/Session/81st2021/Bills/SB/SB90.pdf
1436131,2274111,text,235711,application/pdf,Introduced,https://legiscan.com/NV/text/SB91/id/2274111,https://www.leg.state.nv.us/Session/81st2021/Bills/SB/SB91.pdf
1435807,2274105,text,219510,application/pdf,Introduced,https://legiscan.com/NV/text/SB92/id/2274105,https://www.leg.state.nv.us/Session/81st2021/Bills/SB/SB92.pdf
1435476,2274064,text,319522,application/pdf,Introduced,https://legiscan.com/NV/text/SB93/id/2274064,https://www.leg.state.nv.us/Session/81st2021/Bills/SB/SB93.pdf
1435642,2274103,text,363289,application/pdf,Introduced,https://legiscan.com/NV/text/SB94/id/2274103,https://www.leg.state.nv.us/Session/81st2021/Bills/SB/SB94.pdf
1435750,2274099,text,581688,application/pdf,Introduced,https://legiscan.com/NV/text/SB95/id/2274099,https://www.leg.state.nv.us/Session/81st2021/Bills/SB/SB95.pdf
1435914,2274110,text,217123,application/pdf,Introduced,https://legiscan.com/NV/text/SB96/id/2274110,https://www.leg.state.nv.us/Session/81st2021/Bills/SB/SB96.pdf
1435532,2274097,text,216342,application/pdf,Introduced,https://legiscan.com/NV/text/SB97/id/2274097,https://www.leg.state.nv.us/Session/81st2021/Bills/SB/SB97.pdf
1436026,2273789,text,253291,application/pdf,Introduced,https://legiscan.com/NV/text/SB98/id/2273789,https://www.leg.state.nv.us/Session/81st2021/Bills/SB/SB98.pdf
1437295,2274913,text,337558,application/pdf,Introduced,https://legiscan.com/NV/text/SB99/id/2274913,https://www.leg.state.nv.us/Session/81st2021/Bills/SB/SB99.pdf
1437215,2276534,text,444143,application/pdf,Introduced,https://legiscan.com/NV/text/SB100/id/2276534,https://www.leg.state.nv.us/Session/81st2021/Bills/SB/SB100.pdf
1437771,2276426,text,470530,application/pdf,Introduced,https://legiscan.com/NV/text/SB101/id/2276426,https://www.leg.state.nv.us/Session/81st2021/Bills/SB/SB101.pdf
1440779,2279055,text,235701,application/pdf,Introduced,https://legiscan.com/NV/text/SB102/id/2279055,https://www.leg.state.nv.us/Session/81st2021/Bills/SB/SB102.pdf
1442778,2283208,text,225511,application/pdf,Introduced,https://legiscan.com/NV/text/SB103/id/2283208,https://www.leg.state.nv.us/Session/81st2021/Bills/SB/SB103.pdf
1442833,2283908,text,223160,application/pdf,Introduced,https://legiscan.com/NV/text/SB104/id/2283908,https://www.leg.state.nv.us/Session/81st2021/Bills/SB/SB104.pdf
1442422,2283894,text,523694,application/pdf,Introduced,https://legiscan.com/NV/text/SB105/id/2283894,https://www.leg.state.nv.us/Session/81st2021/Bills/SB/SB105.pdf
1442891,2283929,text,360070,application/pdf,Introduced,https://legiscan.com/NV/text/SB106/id/2283929,https://www.leg.state.nv.us/Session/81st2021/Bills/SB/SB106.pdf
1442308,2283916,text,232448,application/pdf,Introduced,https://legiscan.com/NV/text/SB107/id/2283916,https://www.leg.state.nv.us/Session/81st2021/Bills/SB/SB107.pdf
1442599,2283883,text,318437,application/pdf,Introduced,https://legiscan.com/NV/text/SB108/id/2283883,https://www.leg.state.nv.us/Session/81st2021/Bills/SB/SB108.pdf
1442717,2283903,text,328910,application/pdf,Introduced,https://legiscan.com/NV/text/SB109/id/2283903,https://www.leg.state.nv.us/Session/81st2021/Bills/SB/SB109.pdf
1442253,2283923,text,344346,application/pdf,Introduced,https://legiscan.com/NV/text/SB110/id/2283923,https://www.leg.state.nv.us/Session/81st2021/Bills/SB/SB110.pdf
1442539,2283858,text,248663,application/pdf,Introduced,https://legiscan.com/NV/text/SB111/id/2283858,https://www.leg.state.nv.us/Session/81st2021/Bills/SB/SB111.pdf
1442484,2283909,text,300386,application/pdf,Introduced,https://legiscan.com/NV/text/SB112/id/2283909,https://www.leg.state.nv.us/Session/81st2021/Bills/SB/SB112.pdf
1448784,2290248,text,311226,application/pdf,Introduced,https://legiscan.com/NV/text/SB113/id/2290248,https://www.leg.state.nv.us/Session/81st2021/Bills/SB/SB113.pdf
1447913,2290942,text,342649,application/pdf,Introduced,https://legiscan.com/NV/text/SB114/id/2290942,https://www.leg.state.nv.us/Session/81st2021/Bills/SB/SB114.pdf
1448894,2290983,text,246907,application/pdf,Introduced,https://legiscan.com/NV/text/SB115/id/2290983,https://www.leg.state.nv.us/Session/81st2021/Bills/SB/SB115.pdf
1449218,2291006,text,334034,application/pdf,Introduced,https://legiscan.com/NV/text/SB116/id/2291006,https://www.leg.state.nv.us/Session/81st2021/Bills/SB/SB116.pdf
1449001,2290253,text,230897,application/pdf,Introduced,https://legiscan.com/NV/text/SB117/id/2290253,https://www.leg.state.nv.us/Session/81st2021/Bills/SB/SB117.pdf
1449537,2290256,text,309979,application/pdf,Introduced,https://legiscan.com/NV/text/SB118/id/2290256,https://www.leg.state.nv.us/Session/81st2021/Bills/SB/SB118.pdf
1448677,2290250,text,441780,application/pdf,Introduced,https://legiscan.com/NV/text/SB119/id/2290250,https://www.leg.state.nv.us/Session/81st2021/Bills/SB/SB119.pdf
1432899,2270357,text,391912,application/pdf,Introduced,https://legiscan.com/NV/text/SR1/id/2270357,https://www.leg.state.nv.us/Session/81st2021/Bills/SR/SR1.pdf
1432899,2271892,text,390082,application/pdf,Enrolled,https://legiscan.com/NV/text/SR1/id/2271892,https://www.leg.state.nv.us/Session/81st2021/Bills/SR/SR1_EN.pdf
1433024,2269816,text,129099,application/pdf,Introduced,https://legiscan.com/NV/text/SR2/id/2269816,https://www.leg.state.nv.us/Session/81st2021/Bills/SR/SR2.pdf
1433024,2271652,text,116718,application/pdf,Enrolled,https://legiscan.com/NV/text/SR2/id/2271652,https://www.leg.state.nv.us/Session/81st2021/Bills/SR/SR2_EN.pdf
1432777,2269566,text,131659,application/pdf,Introduced,https://legiscan.com/NV/text/SR3/id/2269566,https://www.leg.state.nv.us/Session/81st2021/Bills/SR/SR3.pdf
1432777,2271888,text,120836,application/pdf,Enrolled,https://legiscan.com/NV/text/SR3/id/2271888,https://www.leg.state.nv.us/Session/81st2021/Bills/SR/SR3_EN.pdf
1426589,2262717,text,132372,application/pdf,Introduced,https://legiscan.com/NV/text/SCR1/id/2262717,https://www.leg.state.nv.us/Session/81st2021/Bills/SCR/SCR1.pdf
1383071,2219340,text,217827,application/pdf,Introduced,https://legiscan.com/NV/text/SJR1/id/2219340,https://www.leg.state.nv.us/Session/81st2021/Bills/SJR/SJR1.pdf
1437454,2276485,text,234248,application/pdf,Introduced,https://legiscan.com/NV/text/SJR2/id/2276485,https://www.leg.state.nv.us/Session/81st2021/Bills/SJR/SJR2.pdf
1430172,2266482,text,219959,application/pdf,Introduced,https://legiscan.com/NV/text/SJR8A/id/2266482,https://www.leg.state.nv.us/Session/81st2021/Bills/SJR/SJR8_80.pdf
