bill_id,date,chamber,sequence,action
1382886,2020-11-16,Senate,1,"Prefiled. To printer."
1382886,2020-12-14,Senate,2,"From printer."
1382886,2021-02-01,Senate,3,"Declared an emergency measure under the Constitution."
1382886,2021-02-01,Senate,4,"Read third time. Passed. Title approved. (Yeas: 19, Nays: None, Excused: 1, Vacant: 1.) To Assembly."
1382886,2021-02-01,Assembly,5,"In Assembly."
1382886,2021-02-02,Assembly,6,"Read first time."
1382886,2021-02-02,Assembly,7,"Declared an emergency measure under the Constitution."
1382886,2021-02-02,Assembly,8,"Read third time. Passed. Title approved. (Yeas: 41, Nays: None, Vacant: 1.) To Senate."
1382886,2021-02-03,Senate,9,"In Senate. To enrollment."
1382886,2021-02-04,Senate,10,"Enrolled and delivered to Governor."
1383035,2020-11-18,Senate,1,"Prefiled. Referred to Committee on Judiciary. To printer."
1383035,2020-12-14,Senate,2,"From printer."
1383035,2021-02-01,Senate,3,"Read first time. To committee."
1383039,2020-11-18,Senate,1,"Prefiled. Referred to Committee on Revenue and Economic Development. To printer."
1383039,2020-12-14,Senate,2,"From printer."
1383039,2021-02-01,Senate,3,"Read first time. To committee."
1383044,2020-11-18,Senate,1,"Prefiled. Referred to Committee on Judiciary. To printer."
1383044,2020-12-14,Senate,2,"From printer."
1383044,2021-02-01,Senate,3,"Read first time. To committee."
1383046,2020-11-18,Senate,1,"Prefiled. Referred to Committee on Judiciary. To printer."
1383046,2020-12-14,Senate,2,"From printer."
1383046,2021-02-01,Senate,3,"Read first time. To committee."
1383051,2020-11-18,Senate,1,"Prefiled. Referred to Committee on Education. To printer."
1383051,2020-12-14,Senate,2,"From printer."
1383051,2021-02-01,Senate,3,"Read first time. To committee."
1383054,2020-11-18,Senate,1,"Prefiled. Referred to Committee on Judiciary. To printer."
1383054,2020-12-14,Senate,2,"From printer."
1383054,2021-02-01,Senate,3,"Read first time. To committee."
1383056,2020-11-18,Senate,1,"Prefiled. Referred to Committee on Health and Human Services. To printer."
1383056,2020-12-14,Senate,2,"From printer."
1383056,2021-02-01,Senate,3,"Read first time. To committee."
1383060,2020-11-18,Senate,1,"Prefiled. Referred to Committee on Revenue and Economic Development. To printer."
1383060,2020-12-14,Senate,2,"From printer."
1383060,2021-02-01,Senate,3,"Read first time. To committee."
1383064,2020-11-18,Senate,1,"Prefiled. Referred to Committee on Finance. To printer."
1383064,2020-12-14,Senate,2,"From printer."
1383064,2021-02-01,Senate,3,"Read first time. To committee."
1383065,2020-11-18,Senate,1,"Prefiled. Referred to Committee on Government Affairs. To printer."
1383065,2020-12-14,Senate,2,"From printer."
1383065,2021-02-01,Senate,3,"Read first time. To committee."
1383069,2020-11-18,Senate,1,"Prefiled. Referred to Committee on Government Affairs. To printer."
1383069,2020-12-14,Senate,2,"From printer."
1383069,2021-02-01,Senate,3,"Read first time. To committee."
1383070,2020-11-18,Senate,1,"Prefiled. Referred to Committee on Natural Resources. To printer."
1383070,2020-12-14,Senate,2,"From printer."
1383070,2021-02-01,Senate,3,"Read first time. To committee."
1383071,2020-11-18,Senate,1,"Prefiled. Referred to Committee on Judiciary. To printer."
1383071,2020-12-14,Senate,2,"From printer."
1383071,2021-02-01,Senate,3,"Resolution read. Referred to Committee on Judiciary. To committee."
1383072,2020-11-18,Assembly,1,"Prefiled. Referred to Committee on Legislative Operations and Elections. To printer."
1383072,2020-12-22,Assembly,2,"From printer."
1383072,2021-02-01,Assembly,3,"Read first time."
1383072,2021-02-04,Assembly,4,"To committee."
1383073,2020-11-18,Senate,1,"Prefiled. Referred to Committee on Natural Resources. To printer."
1383073,2020-12-15,Senate,2,"From printer."
1383073,2021-02-01,Senate,3,"Read first time. To committee."
1383074,2020-11-18,Senate,1,"Prefiled. Referred to Committee on Government Affairs. To printer."
1383074,2020-12-15,Senate,2,"From printer."
1383074,2021-02-01,Senate,3,"Read first time. To committee."
1383075,2020-11-18,Senate,1,"Prefiled. Referred to Committee on Government Affairs. To printer."
1383075,2020-12-14,Senate,2,"From printer."
1383075,2021-02-01,Senate,3,"Read first time. To committee."
1383076,2020-11-18,Senate,1,"Prefiled. Referred to Committee on Judiciary. To printer."
1383076,2020-12-14,Senate,2,"From printer."
1383076,2021-02-01,Senate,3,"Read first time. To committee."
1383077,2020-11-18,Senate,1,"Prefiled. Referred to Committee on Growth and Infrastructure. To printer."
1383077,2020-12-15,Senate,2,"From printer."
1383077,2021-02-01,Senate,3,"Read first time. To committee."
1383078,2020-11-18,Assembly,1,"Read first time. Referred to Committee on Government Affairs. To printer."
1383078,2020-12-22,Assembly,2,"From printer."
1383078,2021-02-01,Assembly,3,"Read first time."
1383078,2021-02-04,Assembly,4,"To committee."
1383079,2020-11-18,Assembly,1,"Prefiled. Referred to Committee on Government Affairs. To printer."
1383079,2020-12-22,Assembly,2,"From printer."
1383079,2021-02-01,Assembly,3,"Read first time."
1383079,2021-02-04,Assembly,4,"To committee."
1383081,2020-11-18,Senate,1,"Prefiled. Referred to Committee on Commerce and Labor. To printer."
1383081,2020-12-14,Senate,2,"From printer."
1383081,2021-02-01,Senate,3,"Read first time. To committee."
1383082,2020-11-18,Senate,1,"Prefiled. Referred to Committee on Judiciary. To printer."
1383082,2020-12-14,Senate,2,"From printer."
1383082,2021-02-01,Senate,3,"Read first time. To committee."
1383083,2020-11-18,Senate,1,"Prefiled. Referred to Committee on Government Affairs. To printer."
1383083,2020-12-14,Senate,2,"From printer."
1383083,2021-02-01,Senate,3,"Read first time. To committee."
1383084,2020-11-18,Senate,1,"Prefiled. Referred to Committee on Government Affairs. To printer."
1383084,2020-12-14,Senate,2,"From printer."
1383084,2021-02-01,Senate,3,"Read first time. To committee."
1383086,2020-11-18,Senate,1,"Prefiled. Referred to Committee on Government Affairs. To printer."
1383086,2020-12-14,Senate,2,"From printer."
1383086,2021-02-01,Senate,3,"Read first time. To committee."
1383087,2020-11-18,Senate,1,"Prefiled. Referred to Committee on Government Affairs. To printer."
1383087,2020-12-15,Senate,2,"From printer."
1383087,2021-02-01,Senate,3,"Read first time. To committee."
1383088,2020-11-18,Senate,1,"Prefiled. Referred to Committee on Natural Resources. To printer."
1383088,2020-12-14,Senate,2,"From printer."
1383088,2021-02-01,Senate,3,"Read first time. To committee."
1383089,2020-11-18,Senate,1,"Prefiled. Referred to Committee on Government Affairs. To printer."
1383089,2020-12-15,Senate,2,"From printer."
1383089,2021-02-01,Senate,3,"Read first time. To committee."
1383090,2020-11-18,Senate,1,"Prefiled. Referred to Committee on Natural Resources. To printer."
1383090,2020-12-15,Senate,2,"From printer."
1383090,2021-02-01,Senate,3,"Read first time. To committee."
1383091,2020-11-18,Senate,1,"Prefiled. Referred to Committee on Government Affairs. To printer."
1383091,2020-12-14,Senate,2,"From printer."
1383091,2021-02-01,Senate,3,"Read first time. To committee."
1383092,2020-11-18,Senate,1,"Prefiled. Referred to Committee on Health and Human Services. To printer."
1383092,2020-12-15,Senate,2,"From printer."
1383092,2021-02-01,Senate,3,"Read first time. To committee."
1383093,2020-11-18,Senate,1,"Prefiled. Referred to Committee on Legislative Operations and Elections. To printer."
1383093,2020-12-15,Senate,2,"From printer."
1383093,2021-02-01,Senate,3,"Read first time. To committee."
1383095,2020-11-18,Senate,1,"Prefiled. Referred to Committee on Commerce and Labor. To printer."
1383095,2020-12-15,Senate,2,"From printer."
1383095,2021-02-01,Senate,3,"Read first time. To committee."
1383096,2020-11-18,Senate,1,"Prefiled. Referred to Committee on Judiciary. To printer."
1383096,2020-12-15,Senate,2,"From printer."
1383096,2021-02-01,Senate,3,"Read first time. To committee."
1383097,2020-11-18,Senate,1,"Prefiled. Referred to Committee on Health and Human Services. To printer."
1383097,2020-12-15,Senate,2,"From printer."
1383097,2021-02-01,Senate,3,"Read first time. To committee."
1383098,2020-11-18,Senate,1,"Prefiled. Referred to Committee on Judiciary. To printer."
1383098,2020-12-15,Senate,2,"From printer."
1383098,2021-02-01,Senate,3,"Read first time. To committee."
1383099,2020-11-18,Senate,1,"Prefiled. Referred to Committee on Judiciary. To printer."
1383099,2020-12-15,Senate,2,"From printer."
1383099,2021-02-01,Senate,3,"Read first time. To committee."
1383100,2020-11-18,Senate,1,"Prefiled. Referred to Committee on Natural Resources. To printer."
1383100,2020-12-15,Senate,2,"From printer."
1383100,2021-02-01,Senate,3,"Read first time. To committee."
1383101,2020-11-18,Senate,1,"Prefiled. Referred to Committee on Education. To printer."
1383101,2020-12-14,Senate,2,"From printer."
1383101,2021-02-01,Senate,3,"Read first time. To committee."
1383102,2020-11-18,Senate,1,"Prefiled. Referred to Committee on Growth and Infrastructure. To printer."
1383102,2020-12-14,Senate,2,"From printer."
1383102,2021-02-01,Senate,3,"Read first time. To committee."
1383103,2020-11-18,Senate,1,"Prefiled. Referred to Committee on Commerce and Labor. To printer."
1383103,2020-12-14,Senate,2,"From printer."
1383103,2021-02-01,Senate,3,"Read first time. To committee."
1383105,2020-11-18,Senate,1,"Prefiled. Referred to Committee on Growth and Infrastructure. To printer."
1383105,2020-12-14,Senate,2,"From printer."
1383105,2021-02-01,Senate,3,"Read first time. To committee."
1383106,2020-11-18,Assembly,1,"Prefiled. Referred to Committee on Natural Resources. To printer."
1383106,2020-12-22,Assembly,2,"From printer."
1383106,2021-02-01,Assembly,3,"Read first time."
1383106,2021-02-04,Assembly,4,"To committee."
1383107,2020-11-18,Senate,1,"Prefiled. Referred to Committee on Judiciary. To printer."
1383107,2020-12-14,Senate,2,"From printer."
1383107,2021-02-01,Senate,3,"Read first time. To committee."
1383108,2020-11-18,Senate,1,"Prefiled. Referred to Committee on Growth and Infrastructure. To printer."
1383108,2020-12-14,Senate,2,"From printer."
1383108,2021-02-01,Senate,3,"Read first time. To committee."
1383110,2020-11-18,Senate,1,"Prefiled. Referred to Committee on Education. To printer."
1383110,2020-12-14,Senate,2,"From printer."
1383110,2021-02-01,Senate,3,"Read first time. To committee."
1383111,2020-11-18,Senate,1,"Prefiled. Referred to Committee on Judiciary. To printer."
1383111,2020-12-14,Senate,2,"From printer."
1383111,2021-02-01,Senate,3,"Read first time. To committee."
1383112,2020-11-18,Senate,1,"Prefiled. Referred to Committee on Government Affairs. To printer."
1383112,2020-12-15,Senate,2,"From printer."
1383112,2021-02-01,Senate,3,"Read first time. To committee."
1383113,2020-11-18,Senate,1,"Prefiled. Referred to Committee on Judiciary. To printer."
1383113,2020-12-14,Senate,2,"From printer."
1383113,2021-02-01,Senate,3,"Read first time. To committee."
1383114,2020-11-18,Senate,1,"Prefiled. Referred to Committee on Judiciary. To printer."
1383114,2020-12-14,Senate,2,"From printer."
1383114,2021-02-01,Senate,3,"Read first time. To committee."
1383115,2020-11-18,Senate,1,"Prefiled. Referred to Committee on Government Affairs. To printer."
1383115,2020-12-14,Senate,2,"From printer."
1383115,2021-02-01,Senate,3,"Read first time. To committee."
1383116,2020-11-18,Senate,1,"Prefiled. Referred to Committee on Natural Resources. To printer."
1383116,2020-12-14,Senate,2,"From printer."
1383116,2021-02-01,Senate,3,"Read first time. To committee."
1383117,2020-11-18,Assembly,1,"Prefiled. Referred to Committee on Commerce and Labor. To printer."
1383117,2020-12-22,Assembly,2,"From printer."
1383117,2021-02-01,Assembly,3,"Read first time."
1383117,2021-02-04,Assembly,4,"To committee."
1383118,2020-11-18,Senate,1,"Prefiled. Referred to Committee on Natural Resources. To printer."
1383118,2020-12-15,Senate,2,"From printer."
1383118,2021-02-01,Senate,3,"Read first time. To committee."
1383119,2020-11-18,Senate,1,"Prefiled. Referred to Committee on Revenue and Economic Development. To printer."
1383119,2020-12-14,Senate,2,"From printer."
1383119,2021-02-01,Senate,3,"Read first time. To committee."
1383120,2020-11-18,Senate,1,"Prefiled. Referred to Committee on Government Affairs. To printer."
1383120,2020-12-14,Senate,2,"From printer."
1383120,2021-02-01,Senate,3,"Read first time. To committee."
1383121,2020-11-18,Senate,1,"Prefiled. Referred to Committee on Revenue and Economic Development. To printer."
1383121,2020-12-14,Senate,2,"From printer."
1383121,2021-02-01,Senate,3,"Read first time. To committee."
1383122,2020-11-18,Senate,1,"Prefiled. Referred to Committee on Judiciary. To printer."
1383122,2020-12-14,Senate,2,"From printer."
1383122,2021-02-01,Senate,3,"Read first time. To committee."
1383125,2020-11-18,Assembly,1,"Prefiled. Referred to Committee on Education. To printer."
1383125,2020-12-22,Assembly,2,"From printer."
1383125,2021-02-01,Assembly,3,"Read first time."
1383125,2021-02-04,Assembly,4,"To committee."
1383126,2020-11-18,Assembly,1,"Prefiled. Referred to Committee on Government Affairs. To printer."
1383126,2020-12-22,Assembly,2,"From printer."
1383126,2021-02-01,Assembly,3,"Read first time."
1383126,2021-02-04,Assembly,4,"To committee."
1383127,2020-11-18,Senate,1,"Prefiled. Referred to Committee on Natural Resources. To printer."
1383127,2020-12-15,Senate,2,"From printer."
1383127,2021-02-01,Senate,3,"Read first time. To committee."
1383128,2020-11-18,Senate,1,"Prefiled. Referred to Committee on Government Affairs. To printer."
1383128,2020-12-15,Senate,2,"From printer."
1383128,2021-02-01,Senate,3,"Read first time. To committee."
1383129,2020-11-18,Senate,1,"Prefiled. Referred to Committee on Education. To printer."
1383129,2020-12-15,Senate,2,"From printer."
1383129,2021-02-01,Senate,3,"Read first time. To committee."
1383130,2020-11-18,Senate,1,"Prefiled. Referred to Committee on Commerce and Labor. To printer."
1383130,2020-12-15,Senate,2,"From printer."
1383130,2021-02-01,Senate,3,"Read first time. To committee."
1383131,2020-11-18,Assembly,1,"Prefiled. Referred to Committee on Natural Resources. To printer."
1383131,2020-12-22,Assembly,2,"From printer."
1383131,2021-02-01,Assembly,3,"Read first time."
1383131,2021-02-04,Assembly,4,"To committee."
1383132,2020-11-18,Assembly,1,"Prefiled. Referred to Committee on Judiciary. To printer."
1383132,2020-12-22,Assembly,2,"From printer."
1383132,2021-02-01,Assembly,3,"Read first time."
1383132,2021-02-04,Assembly,4,"To committee."
1383134,2020-11-18,Assembly,1,"Prefiled. Referred to Committee on Judiciary. To printer."
1383134,2020-12-22,Assembly,2,"From printer."
1383134,2021-02-01,Assembly,3,"Read first time."
1383134,2021-02-04,Assembly,4,"To committee."
1383135,2020-11-18,Assembly,1,"Prefiled. Referred to Committee on Natural Resources. To printer."
1383135,2020-12-22,Assembly,2,"From printer."
1383135,2021-02-01,Assembly,3,"Read first time."
1383135,2021-02-04,Assembly,4,"To committee."
1383136,2020-11-18,Assembly,1,"Prefiled. Referred to Committee on Revenue. To printer."
1383136,2020-12-22,Assembly,2,"From printer."
1383136,2021-02-01,Assembly,3,"Read first time."
1383136,2021-02-04,Assembly,4,"To committee."
1383137,2020-11-18,Assembly,1,"Prefiled. Referred to Committee on Judiciary. To printer."
1383137,2020-12-22,Assembly,2,"From printer."
1383137,2021-02-01,Assembly,3,"Read first time."
1383137,2021-02-04,Assembly,4,"To committee."
1383138,2020-11-18,Assembly,1,"Prefiled. Referred to Committee on Judiciary. To printer."
1383138,2020-12-22,Assembly,2,"From printer."
1383138,2021-02-01,Assembly,3,"Read first time."
1383138,2021-02-04,Assembly,4,"To committee."
1383139,2020-11-18,Senate,1,"Prefiled. Referred to Committee on Growth and Infrastructure. To printer."
1383139,2020-12-15,Senate,2,"From printer."
1383139,2021-02-01,Senate,3,"Read first time. To committee."
1383140,2020-11-18,Senate,1,"Prefiled. Referred to Committee on Revenue and Economic Development. To printer."
1383140,2020-12-15,Senate,2,"From printer."
1383140,2021-02-01,Senate,3,"Read first time. To committee."
1383141,2020-11-18,Assembly,1,"Prefiled. Referred to Committee on Government Affairs. To printer."
1383141,2020-12-22,Assembly,2,"From printer."
1383141,2021-02-01,Assembly,3,"Read first time."
1383141,2021-02-04,Assembly,4,"To committee."
1383142,2020-11-18,Assembly,1,"Prefiled. Referred to Committee on Government Affairs. To printer."
1383142,2020-12-22,Assembly,2,"From printer."
1383142,2021-02-01,Assembly,3,"Read first time."
1383142,2021-02-04,Assembly,4,"To committee."
1383144,2020-11-18,Assembly,1,"Prefiled. Referred to Committee on Growth and Infrastructure. To printer."
1383144,2020-12-22,Assembly,2,"From printer."
1383144,2021-02-01,Assembly,3,"Read first time."
1383144,2021-02-04,Assembly,4,"To committee."
1383145,2020-11-18,Senate,1,"Prefiled. Referred to Committee on Judiciary. To printer."
1383145,2020-12-15,Senate,2,"From printer."
1383145,2021-02-01,Senate,3,"Read first time. To committee."
1383146,2020-11-18,Assembly,1,"Prefiled. Referred to Committee on Revenue. To printer."
1383146,2020-12-22,Assembly,2,"From printer."
1383146,2021-02-01,Assembly,3,"Read first time."
1383146,2021-02-04,Assembly,4,"To committee."
1383147,2020-11-18,Assembly,1,"Prefiled. Referred to Committee on Judiciary. To printer."
1383147,2020-12-22,Assembly,2,"From printer."
1383147,2021-02-01,Assembly,3,"Read first time."
1383147,2021-02-04,Assembly,4,"To committee."
1383148,2020-11-18,Assembly,1,"Prefiled. Referred to Committee on Judiciary. To printer."
1383148,2020-12-22,Assembly,2,"From printer."
1383148,2021-02-01,Assembly,3,"Read first time."
1383148,2021-02-04,Assembly,4,"To committee."
1383149,2020-11-18,Senate,1,"Prefiled. Referred to Committee on Government Affairs. To printer."
1383149,2020-12-15,Senate,2,"From printer."
1383149,2021-02-01,Senate,3,"Read first time. To committee."
1383150,2020-11-18,Senate,1,"Prefiled. Referred to Committee on Health and Human Services. To printer."
1383150,2020-12-15,Senate,2,"From printer."
1383150,2021-02-01,Senate,3,"Read first time. To committee."
1383151,2020-11-18,Assembly,1,"Prefiled. Referred to Committee on Health and Human Services. To printer."
1383151,2020-12-22,Assembly,2,"From printer."
1383151,2021-02-01,Assembly,3,"Read first time."
1383151,2021-02-04,Assembly,4,"To committee."
1383153,2020-11-18,Senate,1,"Prefiled. Referred to Committee on Health and Human Services. To printer."
1383153,2020-12-15,Senate,2,"From printer."
1383153,2021-02-01,Senate,3,"Read first time. To committee."
1383154,2020-11-18,Assembly,1,"Prefiled. Referred to Committee on Judiciary. To printer."
1383154,2020-12-22,Assembly,2,"From printer."
1383154,2021-02-01,Assembly,3,"Read first time."
1383154,2021-02-04,Assembly,4,"To committee."
1383155,2020-11-18,Senate,1,"Prefiled. Referred to Committee on Government Affairs. To printer."
1383155,2020-12-15,Senate,2,"From printer."
1383155,2021-02-01,Senate,3,"Read first time. To committee."
1383156,2020-11-18,Assembly,1,"Prefiled. Referred to Committee on Government Affairs. To printer."
1383156,2020-12-22,Assembly,2,"From printer."
1383156,2021-02-01,Assembly,3,"Read first time."
1383156,2021-02-04,Assembly,4,"To committee."
1383157,2020-11-18,Assembly,1,"Prefiled. Referred to Committee on Judiciary. To printer."
1383157,2020-12-22,Assembly,2,"From printer."
1383157,2021-02-01,Assembly,3,"Read first time."
1383157,2021-02-04,Assembly,4,"To committee."
1383158,2020-11-18,Senate,1,"Prefiled. Referred to Committee on Revenue and Economic Development. To printer."
1383158,2020-12-15,Senate,2,"From printer."
1383158,2021-02-01,Senate,3,"Read first time. To committee."
1383159,2020-11-18,Senate,1,"Prefiled. Referred to Committee on Growth and Infrastructure. To printer."
1383159,2020-12-15,Senate,2,"From printer."
1383159,2021-02-01,Senate,3,"Read first time. To committee."
1383160,2020-11-18,Assembly,1,"Prefiled. Referred to Committee on Judiciary. To printer."
1383160,2020-12-22,Assembly,2,"From printer."
1383160,2021-02-01,Assembly,3,"Read first time."
1383160,2021-02-04,Assembly,4,"To committee."
1383162,2020-11-18,Assembly,1,"Prefiled. Referred to Committee on Revenue. To printer."
1383162,2020-12-22,Assembly,2,"From printer."
1383162,2021-02-01,Assembly,3,"Read first time."
1383162,2021-02-04,Assembly,4,"To committee."
1383163,2020-11-18,Senate,1,"Prefiled. Referred to Committee on Growth and Infrastructure. To printer."
1383163,2020-12-15,Senate,2,"From printer."
1383163,2021-02-01,Senate,3,"Read first time. To committee."
1383164,2020-11-18,Senate,1,"Prefiled. Referred to Committee on Natural Resources. To printer."
1383164,2020-12-15,Senate,2,"From printer."
1383164,2021-02-01,Senate,3,"Read first time. To committee."
1383165,2020-11-18,Senate,1,"Prefiled. Referred to Committee on Judiciary. To printer."
1383165,2020-12-15,Senate,2,"From printer."
1383165,2021-02-01,Senate,3,"Read first time. To committee."
1383166,2020-11-18,Assembly,1,"Prefiled. Referred to Committee on Revenue. To printer."
1383166,2020-12-22,Assembly,2,"From printer."
1383166,2021-02-01,Assembly,3,"Read first time."
1383166,2021-02-04,Assembly,4,"To committee."
1383166,2021-02-11,Assembly,5,"Notice of eligibility for exemption."
1383167,2020-11-18,Senate,1,"Prefiled. Referred to Committee on Health and Human Services. To printer."
1383167,2020-12-15,Senate,2,"From printer."
1383167,2021-02-01,Senate,3,"Read first time. To committee."
1383168,2020-11-18,Assembly,1,"Prefiled. Referred to Committee on Judiciary. To printer."
1383168,2020-12-22,Assembly,2,"From printer."
1383168,2021-02-01,Assembly,3,"Read first time."
1383168,2021-02-04,Assembly,4,"To committee."
1383169,2020-11-18,Assembly,1,"Prefiled. Referred to Committee on Judiciary. To printer."
1383169,2020-12-22,Assembly,2,"From printer."
1383169,2021-02-01,Assembly,3,"Read first time."
1383169,2021-02-04,Assembly,4,"To committee."
1383170,2020-11-18,Assembly,1,"Prefiled. Referred to Committee on Government Affairs. To printer."
1383170,2020-12-22,Assembly,2,"From printer."
1383170,2021-02-01,Assembly,3,"Read first time."
1383170,2021-02-04,Assembly,4,"To committee."
1383172,2020-11-18,Assembly,1,"Prefiled. Referred to Committee on Health and Human Services. To printer."
1383172,2020-12-22,Assembly,2,"From printer."
1383172,2021-02-01,Assembly,3,"Read first time."
1383172,2021-02-04,Assembly,4,"To committee."
1383173,2020-11-18,Assembly,1,"Prefiled. Referred to Committee on Health and Human Services. To printer."
1383173,2020-12-22,Assembly,2,"From printer."
1383173,2021-02-01,Assembly,3,"Read first time."
1383173,2021-02-04,Assembly,4,"To committee."
1383174,2020-11-18,Senate,1,"Prefiled. Referred to Committee on Judiciary. To printer."
1383174,2020-12-15,Senate,2,"From printer."
1383174,2021-02-01,Senate,3,"Read first time. To committee."
1383175,2020-11-18,Assembly,1,"Prefiled. Referred to Committee on Commerce and Labor. To printer."
1383175,2020-12-22,Assembly,2,"From printer."
1383175,2021-02-01,Assembly,3,"Read first time."
1383175,2021-02-04,Assembly,4,"To committee."
1383176,2020-11-18,Assembly,1,"Prefiled. Referred to Committee on Education. To printer."
1383176,2020-12-22,Assembly,2,"From printer."
1383176,2021-02-01,Assembly,3,"Read first time."
1383176,2021-02-04,Assembly,4,"To committee."
1383177,2020-11-18,Assembly,1,"Prefiled. Referred to Committee on Judiciary. To printer."
1383177,2020-12-22,Assembly,2,"From printer."
1383177,2021-02-01,Assembly,3,"Read first time."
1383177,2021-02-04,Assembly,4,"To committee."
1383178,2020-11-18,Senate,1,"Prefiled. Referred to Committee on Commerce and Labor. To printer."
1383178,2020-12-15,Senate,2,"From printer."
1383178,2021-02-01,Senate,3,"Read first time. To committee."
1383179,2020-11-18,Assembly,1,"Prefiled. Referred to Committee on Natural Resources. To printer."
1383179,2020-12-22,Assembly,2,"From printer."
1383179,2021-02-01,Assembly,3,"Read first time."
1383179,2021-02-04,Assembly,4,"To committee."
1383181,2020-11-18,Assembly,1,"Prefiled. Referred to Committee on Commerce and Labor. To printer."
1383181,2020-12-22,Assembly,2,"From printer."
1383181,2021-02-01,Assembly,3,"Read first time."
1383181,2021-02-01,Assembly,4,"Notice of eligibility for exemption."
1383181,2021-02-04,Assembly,5,"To committee."
1383182,2020-11-18,Assembly,1,"Prefiled. Referred to Committee on Natural Resources. To printer."
1383182,2020-12-22,Assembly,2,"From printer."
1383182,2021-02-01,Assembly,3,"Read first time."
1383182,2021-02-04,Assembly,4,"To committee."
1383183,2020-11-18,Assembly,1,"Prefiled. Referred to Committee on Growth and Infrastructure. To printer."
1383183,2020-12-22,Assembly,2,"From printer."
1383183,2021-02-01,Assembly,3,"Read first time."
1383183,2021-02-04,Assembly,4,"To committee."
1383184,2020-11-18,Assembly,1,"Prefiled. Referred to Committee on Growth and Infrastructure. To printer."
1383184,2020-12-22,Assembly,2,"From printer."
1383184,2021-02-01,Assembly,3,"Read first time."
1383184,2021-02-04,Assembly,4,"To committee."
1383185,2020-11-18,Senate,1,"Prefiled. Referred to Committee on Revenue and Economic Development. To printer."
1383185,2020-12-15,Senate,2,"From printer."
1383185,2021-02-01,Senate,3,"Read first time. To committee."
1383186,2020-11-18,Assembly,1,"Prefiled. Referred to Committee on Judiciary. To printer."
1383186,2020-12-22,Assembly,2,"From printer."
1383186,2021-02-01,Assembly,3,"Read first time."
1383186,2021-02-04,Assembly,4,"To committee."
1383187,2020-11-18,Assembly,1,"Prefiled. Referred to Committee on Revenue. To printer."
1383187,2020-12-22,Assembly,2,"From printer."
1383187,2021-02-01,Assembly,3,"Read first time."
1383187,2021-02-04,Assembly,4,"To committee."
1383188,2020-11-18,Assembly,1,"Prefiled. Referred to Committee on Government Affairs. To printer."
1383188,2020-12-22,Assembly,2,"From printer."
1383188,2021-02-01,Assembly,3,"Read first time."
1383188,2021-02-04,Assembly,4,"To committee."
1383189,2020-11-18,Assembly,1,"Prefiled. Referred to Committee on Government Affairs. To printer."
1383189,2020-12-22,Assembly,2,"From printer."
1383189,2021-02-01,Assembly,3,"Read first time."
1383189,2021-02-04,Assembly,4,"To committee."
1383190,2020-11-18,Assembly,1,"Prefiled. Referred to Committee on Natural Resources. To printer."
1383190,2020-12-22,Assembly,2,"From printer."
1383190,2021-02-01,Assembly,3,"Read first time."
1383190,2021-02-04,Assembly,4,"To committee."
1383191,2020-11-18,Assembly,1,"Prefiled. Referred to Committee on Commerce and Labor. To printer."
1383191,2020-12-22,Assembly,2,"From printer."
1383191,2021-02-01,Assembly,3,"Read first time."
1383191,2021-02-04,Assembly,4,"To committee."
1383192,2020-11-18,Assembly,1,"Prefiled. Referred to Committee on Education. To printer."
1383192,2020-12-22,Assembly,2,"From printer."
1383192,2021-02-01,Assembly,3,"Read first time."
1383192,2021-02-04,Assembly,4,"To committee."
1383193,2020-11-18,Assembly,1,"Prefiled. Referred to Committee on Judiciary. To printer."
1383193,2020-12-22,Assembly,2,"From printer."
1383193,2021-02-01,Assembly,3,"Read first time."
1383193,2021-02-04,Assembly,4,"To committee."
1383194,2020-11-18,Assembly,1,"Prefiled. Referred to Committee on Government Affairs. To printer."
1383194,2020-12-22,Assembly,2,"From printer."
1383194,2021-02-01,Assembly,3,"Read first time."
1383194,2021-02-04,Assembly,4,"To committee."
1383195,2020-11-18,Assembly,1,"Prefiled. Referred to Committee on Natural Resources. To printer."
1383195,2020-12-22,Assembly,2,"From printer."
1383195,2021-02-01,Assembly,3,"Read first time."
1383195,2021-02-04,Assembly,4,"To committee."
1383196,2020-11-18,Assembly,1,"Prefiled. Referred to Committee on Judiciary. To printer."
1383196,2020-12-22,Assembly,2,"From printer."
1383196,2021-02-01,Assembly,3,"Read first time."
1383196,2021-02-04,Assembly,4,"To committee."
1383197,2020-11-18,Assembly,1,"Prefiled. Referred to Committee on Revenue. To printer."
1383197,2020-12-22,Assembly,2,"From printer."
1383197,2021-02-01,Assembly,3,"Read first time."
1383197,2021-02-04,Assembly,4,"To committee."
1383198,2020-11-18,Assembly,1,"Prefiled. Referred to Committee on Education. To printer."
1383198,2020-12-22,Assembly,2,"From printer."
1383198,2021-02-01,Assembly,3,"Read first time."
1383198,2021-02-04,Assembly,4,"To committee."
1383199,2020-11-18,Assembly,1,"Prefiled. Referred to Committee on Education. To printer."
1383199,2020-12-22,Assembly,2,"From printer."
1383199,2021-02-01,Assembly,3,"Read first time."
1383199,2021-02-04,Assembly,4,"To committee."
1383200,2020-11-18,Assembly,1,"Prefiled. Referred to Committee on Government Affairs. To printer."
1383200,2020-12-22,Assembly,2,"From printer."
1383200,2021-02-01,Assembly,3,"Read first time."
1383200,2021-02-04,Assembly,4,"To committee."
1383201,2020-11-18,Assembly,1,"Prefiled. Referred to Committee on Growth and Infrastructure. To printer."
1383201,2020-12-22,Assembly,2,"From printer."
1383201,2021-02-01,Assembly,3,"Read first time."
1383201,2021-02-04,Assembly,4,"To committee."
1383202,2020-11-18,Assembly,1,"Prefiled. Referred to Committee on Commerce and Labor. To printer."
1383202,2020-12-22,Assembly,2,"From printer."
1383202,2021-02-01,Assembly,3,"Read first time."
1383202,2021-02-04,Assembly,4,"To committee."
1383203,2020-11-18,Assembly,1,"Prefiled. Referred to Committee on Commerce and Labor. To printer."
1383203,2020-12-22,Assembly,2,"From printer."
1383203,2021-02-01,Assembly,3,"Read first time."
1383203,2021-02-04,Assembly,4,"To committee."
1383204,2020-11-18,Assembly,1,"Prefiled. Referred to Committee on Government Affairs. To printer."
1383204,2020-12-22,Assembly,2,"From printer."
1383204,2021-02-01,Assembly,3,"Read first time."
1383204,2021-02-04,Assembly,4,"To committee."
1383205,2020-11-18,Assembly,1,"Prefiled. Referred to Committee on Judiciary. To printer."
1383205,2020-12-22,Assembly,2,"From printer."
1383205,2021-02-01,Assembly,3,"Read first time."
1383205,2021-02-04,Assembly,4,"To committee."
1383206,2020-11-18,Assembly,1,"Prefiled. Referred to Committee on Commerce and Labor. To printer."
1383206,2020-12-22,Assembly,2,"From printer."
1383206,2021-02-01,Assembly,3,"Read first time."
1383206,2021-02-04,Assembly,4,"To committee."
1383207,2020-11-18,Assembly,1,"Prefiled. Referred to Committee on Natural Resources. To printer."
1383207,2020-12-22,Assembly,2,"From printer."
1383207,2021-02-01,Assembly,3,"Read first time."
1383207,2021-02-04,Assembly,4,"To committee."
1383208,2020-11-18,Assembly,1,"Prefiled. Referred to Committee on Health and Human Services. To printer."
1383208,2020-12-22,Assembly,2,"From printer."
1383208,2021-02-01,Assembly,3,"Read first time."
1383208,2021-02-04,Assembly,4,"To committee."
1383209,2020-11-18,Assembly,1,"Prefiled. Referred to Committee on Commerce and Labor. To printer."
1383209,2020-12-22,Assembly,2,"From printer."
1383209,2021-02-01,Assembly,3,"Read first time."
1383209,2021-02-04,Assembly,4,"To committee."
1383210,2020-11-18,Assembly,1,"Prefiled. Referred to Committee on Revenue. To printer."
1383210,2020-12-22,Assembly,2,"From printer."
1383210,2021-02-01,Assembly,3,"Read first time."
1383210,2021-02-04,Assembly,4,"To committee."
1383211,2020-11-18,Assembly,1,"Prefiled. Referred to Committee on Health and Human Services. To printer."
1383211,2020-12-22,Assembly,2,"From printer."
1383211,2021-02-01,Assembly,3,"Read first time."
1383211,2021-02-04,Assembly,4,"To committee."
1383212,2020-11-18,Assembly,1,"Prefiled. Referred to Committee on Legislative Operations and Elections. To printer."
1383212,2020-12-22,Assembly,2,"From printer."
1383212,2021-02-01,Assembly,3,"Read first time."
1383212,2021-02-04,Assembly,4,"To committee."
1383213,2020-11-18,Assembly,1,"Prefiled. Referred to Committee on Education. To printer."
1383213,2020-12-22,Assembly,2,"From printer."
1383213,2021-02-01,Assembly,3,"Read first time."
1383213,2021-02-04,Assembly,4,"To committee."
1383214,2020-11-18,Assembly,1,"Prefiled. Referred to Committee on Natural Resources. To printer."
1383214,2020-12-22,Assembly,2,"From printer."
1383214,2021-02-01,Assembly,3,"Read first time."
1383214,2021-02-04,Assembly,4,"To committee."
1383215,2020-11-18,Senate,1,"Prefiled. Referred to Committee on Commerce and Labor. To printer."
1383215,2020-12-15,Senate,2,"From printer."
1383215,2021-02-01,Senate,3,"Read first time. To committee."
1383216,2020-11-18,Assembly,1,"Read first time. Referred to Natural Resources. To printer."
1383216,2020-12-22,Assembly,2,"From printer."
1383216,2021-02-01,Assembly,3,"Read first time."
1383216,2021-02-04,Assembly,4,"To committee."
1383217,2020-11-18,Assembly,1,"Prefiled. Referred to Committee on Judiciary. To printer."
1383217,2020-12-22,Assembly,2,"From printer."
1383217,2021-02-01,Assembly,3,"Read first time."
1383217,2021-02-04,Assembly,4,"To committee."
1383218,2020-11-18,Assembly,1,"Prefiled. Referred to Committee on Government Affairs. To printer."
1383218,2020-12-22,Assembly,2,"From printer."
1383218,2021-02-01,Assembly,3,"Read first time."
1383218,2021-02-04,Assembly,4,"To committee."
1383219,2020-11-18,Assembly,1,"Prefiled. Referred to Committee on Judiciary. To printer."
1383219,2020-12-22,Assembly,2,"From printer."
1383219,2021-02-01,Assembly,3,"Read first time."
1383219,2021-02-04,Assembly,4,"To committee."
1383220,2020-11-18,Assembly,1,"Prefiled. Referred to Committee on Judiciary. To printer."
1383220,2020-12-22,Assembly,2,"From printer."
1383220,2021-02-01,Assembly,3,"Read first time."
1383220,2021-02-04,Assembly,4,"To committee."
1383220,2021-02-07,Assembly,5,"Notice of eligibility for exemption."
1383221,2020-11-18,Assembly,1,"Prefiled. Referred to Committee on Commerce and Labor. To printer."
1383221,2020-12-22,Assembly,2,"From printer."
1383221,2021-02-01,Assembly,3,"Read first time."
1383221,2021-02-04,Assembly,4,"To committee."
1383222,2020-11-18,Assembly,1,"Prefiled. Referred to Committee on Government Affairs. To printer."
1383222,2020-12-22,Assembly,2,"From printer."
1383222,2021-02-01,Assembly,3,"Read first time."
1383222,2021-02-04,Assembly,4,"To committee."
1383223,2020-11-18,Assembly,1,"Prefiled. Referred to Committee on Judiciary. To printer."
1383223,2020-12-22,Assembly,2,"From printer."
1383223,2021-02-01,Assembly,3,"Read first time."
1383223,2021-02-04,Assembly,4,"To committee."
1383811,2020-11-18,Senate,1,"Prefiled. Referred to Committee on Education. To printer."
1383811,2020-12-15,Senate,2,"From printer."
1383811,2021-02-01,Senate,3,"Read first time. To committee."
1426360,2021-01-26,Assembly,1,"Prefiled. Referred to Committee on Government Affairs. To printer."
1426360,2021-01-29,Assembly,2,"From printer."
1426360,2021-02-01,Assembly,3,"Read first time."
1426360,2021-02-04,Assembly,4,"To committee."
1426380,2021-01-26,Senate,1,"Prefiled. Referred to Committee on Government Affairs. To printer."
1426380,2021-01-28,Senate,2,"From printer."
1426380,2021-02-01,Senate,3,"Read first time. To committee."
1426400,2021-01-26,Assembly,1,"Prefiled. Referred to Committee on Commerce and Labor. To printer."
1426400,2021-01-29,Assembly,2,"From printer."
1426400,2021-02-01,Assembly,3,"Read first time."
1426400,2021-02-04,Assembly,4,"To committee."
1426421,2021-01-26,Senate,1,"Prefiled. Referred to Committee on Judiciary. To printer."
1426421,2021-01-28,Senate,2,"From printer."
1426421,2021-02-01,Senate,3,"Read first time. To committee."
1426441,2021-01-26,Senate,1,"Prefiled. Referred to Committee on Government Affairs. To printer."
1426441,2021-01-28,Senate,2,"From printer."
1426441,2021-02-01,Senate,3,"Read first time. To committee."
1426462,2021-01-26,Senate,1,"Prefiled. Referred to Committee on Legislative Operations and Elections. To printer."
1426462,2021-01-28,Senate,2,"From printer."
1426462,2021-02-01,Senate,3,"Read first time. To committee."
1426483,2021-01-26,Assembly,1,"Prefiled. Referred to Committee on Growth and Infrastructure. To printer."
1426483,2021-01-29,Assembly,2,"From printer."
1426483,2021-02-01,Assembly,3,"Read first time."
1426483,2021-02-04,Assembly,4,"To committee."
1426504,2021-01-26,Assembly,1,"Prefiled. Referred to Committee on Natural Resources. To printer."
1426504,2021-01-29,Assembly,2,"From printer."
1426504,2021-02-01,Assembly,3,"Read first time."
1426504,2021-02-04,Assembly,4,"To committee."
1426526,2021-01-26,Assembly,1,"Prefiled. Referred to Committee on Natural Resources. To printer."
1426526,2021-01-29,Assembly,2,"From printer."
1426526,2021-02-01,Assembly,3,"Read first time."
1426526,2021-02-04,Assembly,4,"To committee."
1426547,2021-01-26,Assembly,1,"Prefiled. Referred to Committee on Government Affairs. To printer."
1426547,2021-01-29,Assembly,2,"From printer."
1426547,2021-02-01,Assembly,3,"Read first time."
1426547,2021-02-04,Assembly,4,"To committee."
1426567,2021-01-26,Senate,1,"Prefiled. Referred to Committee on Natural Resources. To printer."
1426567,2021-01-28,Senate,2,"From printer."
1426567,2021-02-01,Senate,3,"Read first time. To committee."
1426589,2021-01-26,Senate,1,"Prefiled. Referred to Committee on Health and Human Services. To printer."
1426589,2021-01-28,Senate,2,"From printer."
1426589,2021-02-01,Senate,3,"Resolution read. Referred to Committee on Health and Human Services. To committee."
1426609,2021-01-26,Assembly,1,"Prefiled. Referred to Committee on Judiciary. To printer."
1426609,2021-01-29,Assembly,2,"From printer."
1426609,2021-02-01,Assembly,3,"Read first time."
1426609,2021-02-04,Assembly,4,"To committee."
1426629,2021-01-26,Assembly,1,"Prefiled. Referred to Committee on Judiciary. To printer."
1426629,2021-01-29,Assembly,2,"From printer."
1426629,2021-02-01,Assembly,3,"Read first time."
1426629,2021-02-04,Assembly,4,"To committee."
1426649,2021-01-26,Assembly,1,"Prefiled. Referred to Committee on Education. To printer."
1426649,2021-01-29,Assembly,2,"From printer."
1426649,2021-02-01,Assembly,3,"Read first time."
1426649,2021-02-04,Assembly,4,"To committee."
1428286,2021-01-28,Assembly,1,"Prefiled. Referred to Committee on Health and Human Services. To printer."
1428286,2021-02-01,Assembly,2,"From printer."
1428286,2021-02-01,Assembly,3,"Read first time."
1428286,2021-02-04,Assembly,4,"To committee."
1428446,2021-01-28,Senate,1,"Read first time. Referred to Committee on Education. To printer."
1428446,2021-02-01,Senate,2,"From printer."
1428446,2021-02-01,Senate,3,"Read first time. To committee."
1428446,2021-02-09,Senate,4,"From committee: Amend, and do pass as amended."
1428446,2021-02-11,Senate,5,"Read second time. Amended. (Amend. No. 1.) To printer."
1428446,2021-02-12,Senate,6,"From printer. To engrossment. Engrossed. First reprint."
1428610,2021-01-28,Senate,1,"Read first time. Referred to Committee on Legislative Operations and Elections. To printer."
1428610,2021-02-01,Senate,2,"From printer."
1428610,2021-02-01,Senate,3,"Read first time. To committee."
1428778,2021-01-28,Senate,1,"Prefiled. Referred to Committee on Legislative Operations and Elections. To printer."
1428778,2021-02-01,Senate,2,"From printer."
1428778,2021-02-01,Senate,3,"Read first time. To committee."
1429892,2021-01-26,Senate,1,"Returned from Secretary of State."
1429892,2021-02-01,Senate,2,"Read first time. Referred to Committee on Revenue and Economic Development. To printer."
1429892,2021-02-01,Senate,3,"From printer. To committee."
1430172,2021-01-26,Senate,1,"Received from Secretary of State."
1430172,2021-02-01,Senate,2,"Read first time. Referred to Committee on Legislative Operations and Elections. To printer."
1430172,2021-02-01,Senate,3,"From printer. To committee."
1432126,2021-02-01,Assembly,1,"Returned from Secretary of State."
1432126,2021-02-01,Assembly,2,"Read first time. Referred to Committee on Commerce and Labor. To printer."
1432126,2021-02-01,Assembly,3,"From printer."
1432126,2021-02-04,Assembly,4,"To committee."
1432201,2021-02-01,Assembly,1,"Returned from Secretary of State."
1432201,2021-02-01,Assembly,2,"Read first time. Referred to Committee on Revenue. To printer."
1432201,2021-02-01,Assembly,3,"From printer."
1432201,2021-02-04,Assembly,4,"To committee."
1432283,2021-02-01,Assembly,1,"Returned from Secretary of State."
1432283,2021-02-01,Assembly,2,"Bill read with Governor's veto message."
1432283,2021-02-01,Assembly,3,"Placed on Chief Clerk's desk."
1432365,2021-02-01,Assembly,1,"Resolution read and adopted. To printer."
1432365,2021-02-02,Assembly,2,"From printer. To enrollment."
1432365,2021-02-04,Assembly,3,"Enrolled and delivered to Secretary of State."
1432365,2021-02-04,Assembly,4,"File No. 7."
1432449,2021-02-01,Assembly,1,"Resolution read and adopted. To Senate."
1432449,2021-02-01,Senate,2,"In Senate."
1432449,2021-02-01,Senate,3,"Resolution read and adopted. To Assembly."
1432449,2021-02-02,Assembly,4,"In Assembly. To printer."
1432449,2021-02-02,Assembly,5,"From printer. To enrollment."
1432449,2021-02-04,Assembly,6,"Enrolled and delivered to Secretary of State."
1432449,2021-02-04,Assembly,7,"File No. 4."
1432528,2021-02-01,Assembly,1,"Resolution read and adopted. To printer."
1432528,2021-02-02,Assembly,2,"From printer. To enrollment."
1432528,2021-02-04,Assembly,3,"Enrolled and delivered to Secretary of State."
1432528,2021-02-04,Assembly,4,"File No. 6."
1432608,2021-02-01,Assembly,1,"Resolution read and adopted. To printer."
1432608,2021-02-02,Assembly,2,"From printer. To enrollment."
1432608,2021-02-04,Assembly,3,"Enrolled and delivered to Secretary of State."
1432608,2021-02-04,Assembly,4,"File No. 5."
1432692,2021-02-01,Assembly,1,"Returned from Secretary of State."
1432692,2021-02-01,Assembly,2,"Read first time. Referred to Committee on Revenue. To printer."
1432692,2021-02-01,Assembly,3,"From printer."
1432692,2021-02-04,Assembly,4,"To committee."
1432777,2021-02-01,Senate,1,"Resolution read and adopted. To printer."
1432777,2021-02-02,Senate,2,"From printer."
1432777,2021-02-03,Senate,3,"To enrollment."
1432777,2021-02-03,Senate,4,"Enrolled and delivered to Secretary of State."
1432777,2021-02-03,Senate,5,"File No. 3."
1432899,2021-02-01,Senate,1,"Resolution read and adopted. To printer."
1432899,2021-02-02,Senate,2,"From printer."
1432899,2021-02-03,Senate,3,"To enrollment."
1432899,2021-02-03,Senate,4,"Enrolled and delivered to Secretary of State."
1432899,2021-02-03,Senate,5,"File No. 1."
1433024,2021-02-01,Senate,1,"Resolution read and adopted. To printer."
1433024,2021-02-02,Senate,2,"From printer."
1433024,2021-02-03,Senate,3,"To enrollment."
1433024,2021-02-03,Senate,4,"Enrolled and delivered to Secretary of State."
1433024,2021-02-03,Senate,5,"File No. 2."
1433670,2021-02-02,Assembly,1,"Read first time. Referred to Committee on Natural Resources. To printer."
1433670,2021-02-03,Assembly,2,"From printer."
1433670,2021-02-04,Assembly,3,"To committee."
1433859,2021-02-02,Assembly,1,"Read first time. Referred to Committee on Education. To printer."
1433859,2021-02-03,Assembly,2,"From printer."
1433859,2021-02-04,Assembly,3,"To committee."
1434056,2021-02-02,Assembly,1,"Read first time. Referred to Committee on Government Affairs. To printer."
1434056,2021-02-03,Assembly,2,"From printer."
1434056,2021-02-04,Assembly,3,"To committee."
1435422,2021-02-03,Senate,1,"Read first time. Referred to Committee on Legislative Operations and Elections. To printer."
1435422,2021-02-04,Senate,2,"From printer. To committee."
1435476,2021-02-03,Senate,1,"Read first time. Referred to Committee on Health and Human Services. To printer."
1435476,2021-02-04,Senate,2,"From printer. To committee."
1435532,2021-02-03,Senate,1,"Read first time. Referred to Committee on Government Affairs. To printer."
1435532,2021-02-04,Senate,2,"From printer. To committee."
1435585,2021-02-03,Senate,1,"Read first time. Referred to Committee on Commerce and Labor. To printer."
1435585,2021-02-04,Senate,2,"From printer. To committee."
1435642,2021-02-03,Senate,1,"Read first time. Referred to Committee on Judiciary. To printer."
1435642,2021-02-04,Senate,2,"From printer. To committee."
1435699,2021-02-03,Senate,1,"Read first time. Referred to Committee on Government Affairs. To printer."
1435699,2021-02-04,Senate,2,"From printer. To committee."
1435750,2021-02-03,Senate,1,"Read first time. Referred to Committee on Judiciary. To printer."
1435750,2021-02-04,Senate,2,"From printer. To committee."
1435807,2021-02-03,Senate,1,"Read first time. Referred to Committee on Education. To printer."
1435807,2021-02-04,Senate,2,"From printer. To committee."
1435861,2021-02-03,Senate,1,"Read first time. Referred to Committee on Judiciary. To printer."
1435861,2021-02-04,Senate,2,"From printer. To committee."
1435914,2021-02-03,Senate,1,"Read first time. Referred to Committee on Health and Human Services. To printer."
1435914,2021-02-04,Senate,2,"From printer. To committee."
1435972,2021-02-03,Senate,1,"Read first time. Referred to Committee on Government Affairs. To printer."
1435972,2021-02-04,Senate,2,"From printer. To committee."
1436026,2021-02-03,Senate,1,"Read first time. Referred to Committee on Natural Resources. To printer."
1436026,2021-02-04,Senate,2,"From printer. To committee."
1436081,2021-02-03,Senate,1,"Read first time. Referred to Committee on Health and Human Services. To printer."
1436081,2021-02-04,Senate,2,"From printer. To committee."
1436131,2021-02-03,Senate,1,"Read first time. Referred to Committee on Education. To printer."
1436131,2021-02-04,Senate,2,"From printer. To committee."
1436992,2021-02-04,Assembly,1,"Read first time. Referred to Committee on Health and Human Services. To printer."
1436992,2021-02-05,Assembly,2,"From printer. To committee."
1437065,2021-02-04,Assembly,1,"Read first time. Referred to Committee on Judiciary. To printer."
1437065,2021-02-05,Assembly,2,"From printer. To committee."
1437139,2021-02-04,Assembly,1,"Read first time. Referred to Committee on Commerce and Labor. To printer."
1437139,2021-02-05,Assembly,2,"From printer. To committee."
1437215,2021-02-04,Senate,1,"Read first time. Referred to Committee on Commerce and Labor. To printer."
1437215,2021-02-05,Senate,2,"From printer. To committee."
1437295,2021-02-04,Senate,1,"Read first time. Referred to Committee on Legislative Operations and Elections. To printer."
1437295,2021-02-05,Senate,2,"From printer. To committee."
1437377,2021-02-04,Assembly,1,"Read first time. Referred to Committee on Government Affairs. To printer."
1437377,2021-02-05,Assembly,2,"From printer. To committee."
1437454,2021-02-04,Senate,1,"Resolution read. Referred to Committee on Judiciary. To printer."
1437454,2021-02-05,Senate,2,"From printer. To committee."
1437537,2021-02-04,Assembly,1,"Read first time. Referred to Committee on Government Affairs. To printer."
1437537,2021-02-05,Assembly,2,"From printer. To committee."
1437614,2021-02-04,Assembly,1,"Read first time. Referred to Committee on Legislative Operations and Elections. To printer."
1437614,2021-02-05,Assembly,2,"From printer. To committee."
1437693,2021-02-04,Assembly,1,"Read first time. Referred to Committee on Commerce and Labor. To printer."
1437693,2021-02-05,Assembly,2,"From printer. To committee."
1437771,2021-02-04,Senate,1,"Read first time. Referred to Committee on Legislative Operations and Elections. To printer."
1437771,2021-02-05,Senate,2,"From printer. To committee."
1440186,2021-02-08,Assembly,1,"Read first time. Referred to Committee on Government Affairs. To printer."
1440186,2021-02-09,Assembly,2,"From printer. To committee."
1440265,2021-02-08,Assembly,1,"Read first time. Referred to Committee on Commerce and Labor. To printer."
1440265,2021-02-09,Assembly,2,"From printer. To committee."
1440351,2021-02-08,Assembly,1,"Read first time. Referred to Committee on Judiciary. To printer."
1440351,2021-02-09,Assembly,2,"From printer. To committee."
1440437,2021-02-08,Assembly,1,"Read first time. Referred to Committee on Natural Resources. To printer."
1440437,2021-02-09,Assembly,2,"From printer. To committee."
1440522,2021-02-08,Assembly,1,"Read first time. Referred to Committee on Natural Resources. To printer."
1440522,2021-02-09,Assembly,2,"From printer. To committee."
1440522,2021-02-11,Assembly,3,"Notice of eligibility for exemption."
1440607,2021-02-08,Assembly,1,"Read first time. Referred to Committee on Government Affairs. To printer."
1440607,2021-02-09,Assembly,2,"From printer. To committee."
1440692,2021-02-08,Assembly,1,"Read first time. Referred to Committee on Legislative Operations and Elections. To printer."
1440692,2021-02-09,Assembly,2,"From printer. To committee."
1440779,2021-02-08,Senate,1,"Read first time. Referred to Committee on Education. To printer."
1440779,2021-02-09,Senate,2,"From printer. To committee."
1440863,2021-02-08,Assembly,1,"Read first time. Referred to Committee on Natural Resources. To printer."
1440863,2021-02-09,Assembly,2,"From printer. To committee."
1442253,2021-02-09,Senate,1,"Read first time. Referred to Committee on Government Affairs. To printer."
1442253,2021-02-10,Senate,2,"From printer. To committee."
1442308,2021-02-09,Senate,1,"Read first time. Referred to Committee on Judiciary. To printer."
1442308,2021-02-10,Senate,2,"From printer. To committee."
1442366,2021-02-09,Assembly,1,"Read first time. Referred to Committee on Ways and Means. To printer."
1442366,2021-02-09,Assembly,2,"From printer. To committee."
1442366,2021-02-10,Assembly,3,"From committee: Do pass."
1442366,2021-02-10,Assembly,4,"Declared an emergency measure under the Constitution."
1442366,2021-02-10,Assembly,5,"Read third time. Passed. Title approved. (Yeas: 41, Nays: None, Excused: 1.) To Senate."
1442366,2021-02-11,Senate,6,"In Senate."
1442366,2021-02-11,Senate,7,"Read first time. Referred to Committee on Finance. To committee."
1442366,2021-02-11,Senate,8,"From committee: Do pass. Declared an emergency measure under the Constitution."
1442366,2021-02-11,Senate,9,"Read third time. Passed. Title approved. (Yeas: 21, Nays: None.) To Assembly."
1442366,2021-02-11,Assembly,10,"In Assembly. To enrollment."
1442366,2021-02-11,Assembly,11,"Enrolled and delivered to Governor."
1442422,2021-02-09,Senate,1,"Read first time. Referred to Committee on Health and Human Services. To printer."
1442422,2021-02-10,Senate,2,"From printer. To committee."
1442484,2021-02-09,Senate,1,"Read first time. Referred to Committee on Commerce and Labor. To printer."
1442484,2021-02-10,Senate,2,"From printer. To committee."
1442539,2021-02-09,Senate,1,"Read first time. Referred to Committee on Education. To printer."
1442539,2021-02-10,Senate,2,"From printer. To committee."
1442599,2021-02-09,Senate,1,"Read first time. Referred to Committee on Judiciary. To printer."
1442599,2021-02-10,Senate,2,"From printer. To committee."
1442661,2021-02-09,Assembly,1,"Read first time. Referred to Committee on Education. To printer."
1442661,2021-02-10,Assembly,2,"From printer. To committee."
1442717,2021-02-09,Senate,1,"Read first time. Referred to Committee on Government Affairs. To printer."
1442717,2021-02-10,Senate,2,"From printer. To committee."
1442778,2021-02-09,Senate,1,"Read first time. Referred to Committee on Commerce and Labor. To printer."
1442778,2021-02-10,Senate,2,"From printer. To committee."
1442833,2021-02-09,Senate,1,"Read first time. Referred to Committee on Growth and Infrastructure. To printer."
1442833,2021-02-10,Senate,2,"From printer. To committee."
1442891,2021-02-09,Senate,1,"Read first time. Referred to Committee on Judiciary. To printer."
1442891,2021-02-10,Senate,2,"From printer. To committee."
1444944,2021-02-10,Assembly,1,"Read first time. Referred to Committee on Judiciary. To printer."
1444944,2021-02-11,Assembly,2,"From printer. To committee."
1445104,2021-02-10,Assembly,1,"Read first time. Referred to Committee on Legislative Operations and Elections. To printer."
1445104,2021-02-11,Assembly,2,"From printer. To committee."
1445268,2021-02-10,Assembly,1,"Read first time. Referred to Committee on Natural Resources. To printer."
1445268,2021-02-11,Assembly,2,"From printer. To committee."
1445431,2021-02-10,Assembly,1,"Read first time. Referred to Committee on Education. To printer."
1445431,2021-02-11,Assembly,2,"From printer. To committee."
1445598,2021-02-10,Assembly,1,"Read first time. Referred to Committee on Government Affairs. To printer."
1445598,2021-02-11,Assembly,2,"From printer. To committee."
1447913,2021-02-11,Senate,1,"Read first time. Referred to Committee on Natural Resources. To printer."
1447913,2021-02-12,Senate,2,"From printer. To committee."
1448022,2021-02-11,Assembly,1,"Read first time. Referred to Committee on Judiciary. To printer."
1448022,2021-02-12,Assembly,2,"From printer. To committee."
1448131,2021-02-11,Assembly,1,"Read first time. Referred to Committee on Judiciary. To printer."
1448131,2021-02-12,Assembly,2,"From printer. To committee."
1448240,2021-02-11,Assembly,1,"Read first time. Referred to Committee on Government Affairs. To printer."
1448240,2021-02-12,Assembly,2,"From printer. To committee."
1448348,2021-02-11,Assembly,1,"Read first time. Referred to Committee on Judiciary. To printer."
1448348,2021-02-12,Assembly,2,"From printer. To committee."
1448457,2021-02-11,Assembly,1,"Read first time. Referred to Committee on Growth and Infrastructure. To printer."
1448457,2021-02-12,Assembly,2,"From printer. To committee."
1448567,2021-02-11,Assembly,1,"Read first time. Referred to Committee on Natural Resources. To printer."
1448567,2021-02-12,Assembly,2,"From printer. To committee."
1448677,2021-02-11,Senate,1,"Read first time. Referred to Committee on Judiciary. To printer."
1448677,2021-02-12,Senate,2,"From printer. To committee."
1448784,2021-02-11,Senate,1,"Read first time. Referred to Committee on Judiciary. To printer."
1448784,2021-02-12,Senate,2,"From printer. To committee."
1448894,2021-02-11,Senate,1,"Read first time. Referred to Committee on Government Affairs. To printer."
1448894,2021-02-12,Senate,2,"From printer. To committee."
1449001,2021-02-11,Senate,1,"Read first time. Referred to Committee on Revenue and Economic Development. To printer."
1449001,2021-02-12,Senate,2,"From printer. To committee."
1449109,2021-02-11,Assembly,1,"Read first time. Referred to Committee on Growth and Infrastructure. To printer."
1449109,2021-02-12,Assembly,2,"From printer. To committee."
1449218,2021-02-11,Senate,1,"Read first time. Referred to Committee on Health and Human Services. To printer."
1449218,2021-02-12,Senate,2,"From printer. To committee."
1449326,2021-02-11,Assembly,1,"Read first time. Referred to Committee on Health and Human Services. To printer."
1449326,2021-02-12,Assembly,2,"From printer. To committee."
1449436,2021-02-11,Assembly,1,"Read first time. Referred to Committee on Judiciary. To printer."
1449436,2021-02-12,Assembly,2,"From printer. To committee."
1449537,2021-02-11,Senate,1,"Read first time. Referred to Committee on Education. To printer."
1449537,2021-02-12,Senate,2,"From printer. To committee."
