bill_id,roll_call_id,date,chamber,description,yea,nay,nv,absent,total
1382886,993706,2021-02-01,Senate,"Senate Final Passage",19,0,0,1,20
1382886,994463,2021-02-02,Assembly,"Assembly Final Passage",31,0,0,0,31
1383035,1035298,2021-03-23,Senate,"Senate Final Passage",21,0,0,0,21
1383072,1034356,2021-03-23,Assembly,"Assembly Final Passage",42,0,0,0,42
1383081,1034990,2021-03-23,Senate,"Senate Final Passage",21,0,0,0,21
1383083,1013451,2021-02-23,Senate,"Senate Final Passage",21,0,0,0,21
1383088,1011877,2021-02-22,Senate,"Senate Final Passage",21,0,0,0,21
1383089,1023271,2021-03-08,Senate,"Senate Final Passage",21,0,0,0,21
1383090,1011936,2021-02-22,Senate,"Senate Final Passage",21,0,0,0,21
1383091,1013332,2021-02-23,Senate,"Senate Final Passage",21,0,0,0,21
1383098,1037670,2021-03-25,Senate,"Senate Final Passage",21,0,0,0,21
1383100,1024440,2021-03-09,Senate,"Senate Final Passage",21,0,0,0,21
1383102,1011870,2021-02-22,Senate,"Senate Final Passage",21,0,0,0,21
1383105,1010842,2021-02-22,Senate,"Senate Final Passage",21,0,0,0,21
1383105,1035293,2021-03-23,Assembly,"Assembly Final Passage",42,0,0,0,42
1383115,1013406,2021-02-23,Senate,"Senate Final Passage",21,0,0,0,21
1383120,1023344,2021-03-08,Senate,"Senate Final Passage",21,0,0,0,21
1383121,1033367,2021-03-22,Senate,"Senate Final Passage",21,0,0,0,21
1383122,1030301,2021-03-17,Senate,"Senate Final Passage",21,0,0,0,21
1383134,1022437,2021-03-04,Assembly,"Assembly Final Passage",41,0,0,1,42
1383136,1027757,2021-03-12,Assembly,"Assembly Final Passage",42,0,0,0,42
1383141,1027544,2021-03-12,Assembly,"Assembly Final Passage",42,0,0,0,42
1383144,1032641,2021-03-19,Assembly,"Assembly Final Passage",40,0,0,2,42
1383146,1027616,2021-03-12,Assembly,"Assembly Final Passage",42,0,0,0,42
1383151,1024993,2021-03-09,Assembly,"Assembly Final Passage",39,3,0,0,42
1383163,1034363,2021-03-23,Senate,"Senate Final Passage",21,0,0,0,21
1383164,1037371,2021-03-25,Senate,"Senate Final Passage",21,0,0,0,21
1383168,1022358,2021-03-04,Assembly,"Assembly Final Passage",41,0,0,1,42
1383172,1024500,2021-03-09,Assembly,"Assembly Final Passage",42,0,0,0,42
1383173,1024420,2021-03-09,Assembly,"Assembly Final Passage",42,0,0,0,42
1383183,1032354,2021-03-19,Assembly,"Assembly Final Passage",40,0,0,2,42
1383189,1027778,2021-03-12,Assembly,"Assembly Final Passage",42,0,0,0,42
1383190,1024494,2021-03-09,Assembly,"Assembly Final Passage",42,0,0,0,42
1383194,1027647,2021-03-12,Assembly,"Assembly Final Passage",39,3,0,0,42
1383199,1034856,2021-03-23,Assembly,"Assembly Final Passage",26,16,0,0,42
1383201,1032378,2021-03-19,Assembly,"Assembly Final Passage",40,0,0,2,42
1383204,1027797,2021-03-12,Assembly,"Assembly Final Passage",42,0,0,0,42
1383208,1024576,2021-03-09,Assembly,"Assembly Final Passage",42,0,0,0,42
1383214,1028037,2021-03-15,Assembly,"Assembly Final Passage",42,0,0,0,42
1428446,1006024,2021-02-15,Senate,"Senate Final Passage",21,0,0,0,21
1428446,1029034,2021-03-16,Assembly,"Assembly Final Passage",38,2,0,2,42
1428610,1024455,2021-03-09,Senate,"Senate Final Passage",21,0,0,0,21
1430172,1034570,2021-03-23,Senate,"Senate Final Passage",18,3,0,0,21
1430172,1036581,2021-03-24,Assembly,"Assembly Final Passage",30,12,0,0,42
1435585,1030619,2021-03-17,Senate,"Senate Final Passage",21,0,0,0,21
1436026,1029385,2021-03-16,Senate,"Senate Final Passage",20,0,0,1,21
1437139,1023278,2021-03-08,Assembly,"Assembly Final Passage",42,0,0,0,42
1437614,1032567,2021-03-19,Assembly,"Assembly Final Passage",40,0,0,2,42
1440265,1030325,2021-03-17,Assembly,"Assembly Final Passage",40,0,0,2,42
1440437,1033379,2021-03-22,Assembly,"Assembly Final Passage",42,0,0,0,42
1442366,1003545,2021-02-10,Assembly,"Assembly Final Passage",41,0,0,1,42
1442366,1004273,2021-02-11,Senate,"Senate Final Passage",21,0,0,0,21
1442778,1033061,2021-03-22,Senate,"Senate Final Passage",18,3,0,0,21
1445104,1017100,2021-02-26,Assembly,"Assembly Final Passage",36,3,0,3,42
1445104,1029530,2021-03-16,Senate,"Senate Final Passage",14,6,0,1,21
1448131,1022411,2021-03-04,Assembly,"Assembly Final Passage",41,0,0,1,42
1451507,1032287,2021-03-19,Assembly,"Assembly Final Passage",24,16,0,2,42
1451577,1028152,2021-03-15,Assembly,"Assembly Final Passage",42,0,0,0,42
1452271,1022362,2021-03-04,Assembly,"Assembly Final Passage",41,0,0,1,42
1455520,1029062,2021-03-16,Assembly,"Assembly Final Passage",39,1,0,2,42
1455746,1035297,2021-03-23,Assembly,"Assembly Final Passage",42,0,0,0,42
1463816,1030867,2021-03-17,Assembly,"Assembly Final Passage",40,0,0,2,42
1476739,1037018,2021-03-25,Senate,"Senate Final Passage",21,0,0,0,21
