bill_id,roll_call_id,date,chamber,description,yea,nay,nv,absent,total
1382886,993706,2021-02-01,Senate,"Senate Final Passage",19,0,0,1,20
1382886,994463,2021-02-02,Assembly,"Assembly Final Passage",31,0,0,0,31
1383035,1035298,2021-03-23,Senate,"Senate Final Passage",21,0,0,0,21
1383035,1078947,2021-05-17,Assembly,"Assembly Final Passage",38,4,0,0,42
1383044,1052888,2021-04-14,Senate,"Senate Final Passage",21,0,0,0,21
1383044,1081078,2021-05-20,Assembly,"Assembly Final Passage",41,0,0,1,42
1383044,1081079,2021-05-20,Assembly,"Assembly Final Passage",39,0,0,3,42
1383046,1056477,2021-04-19,Senate,"Senate Final Passage",16,5,0,0,21
1383046,1081042,2021-05-20,Assembly,"Assembly Final Passage",29,11,0,2,42
1383051,1055994,2021-04-19,Senate,"Senate Final Passage",21,0,0,0,21
1383051,1080660,2021-05-19,Assembly,"Assembly Final Passage",35,7,0,0,42
1383054,1056249,2021-04-19,Senate,"Senate Final Passage",21,0,0,0,21
1383054,1078557,2021-05-17,Assembly,"Assembly Final Passage",42,0,0,0,42
1383056,1055377,2021-04-16,Senate,"Senate Final Passage",21,0,0,0,21
1383056,1088637,2021-05-31,Assembly,"Assembly Final Passage",40,2,0,0,42
1383065,1057549,2021-04-20,Senate,"Senate Final Passage",18,3,0,0,21
1383065,1082550,2021-05-21,Assembly,"Assembly Final Passage",34,7,0,1,42
1383069,1050456,2021-04-12,Senate,"Senate Final Passage",21,0,0,0,21
1383069,1080634,2021-05-19,Assembly,"Assembly Final Passage",42,0,0,0,42
1383070,1078620,2021-05-17,Senate,"Senate Final Passage",20,1,0,0,21
1383070,1088580,2021-05-31,Assembly,"Assembly Final Passage",36,6,0,0,42
1383072,1034356,2021-03-23,Assembly,"Assembly Final Passage",42,0,0,0,42
1383072,1065881,2021-04-29,Senate,"Senate Final Passage",21,0,0,0,21
1383073,1052116,2021-04-13,Senate,"Senate Final Passage",21,0,0,0,21
1383073,1081314,2021-05-20,Assembly,"Assembly Final Passage",39,2,1,0,42
1383075,1055211,2021-04-16,Senate,"Senate Final Passage",21,0,0,0,21
1383075,1080623,2021-05-19,Assembly,"Assembly Final Passage",42,0,0,0,42
1383078,1051685,2021-04-13,Assembly,"Assembly Final Passage",42,0,0,0,42
1383078,1078677,2021-05-17,Senate,"Senate Final Passage",21,0,0,0,21
1383079,1057094,2021-04-20,Assembly,"Assembly Final Passage",42,0,0,0,42
1383079,1080445,2021-05-19,Senate,"Senate Final Passage",21,0,0,0,21
1383081,1034990,2021-03-23,Senate,"Senate Final Passage",21,0,0,0,21
1383081,1073496,2021-05-05,Assembly,"Assembly Final Passage",42,0,0,0,42
1383082,1082735,2021-05-21,Senate,"Senate Final Passage",21,0,0,0,21
1383082,1088825,2021-05-31,Assembly,"Assembly Final Passage",42,0,0,0,42
1383083,1013451,2021-02-23,Senate,"Senate Final Passage",21,0,0,0,21
1383083,1080393,2021-05-19,Assembly,"Assembly Final Passage",35,7,0,0,42
1383084,1050385,2021-04-12,Senate,"Senate Final Passage",19,2,0,0,21
1383084,1081907,2021-05-20,Assembly,"Assembly Final Passage",26,15,1,0,42
1383087,1045343,2021-04-06,Senate,"Senate Final Passage",14,7,0,0,21
1383087,1081263,2021-05-20,Assembly,"Assembly Final Passage",26,14,0,2,42
1383088,1011877,2021-02-22,Senate,"Senate Final Passage",21,0,0,0,21
1383088,1075421,2021-05-10,Assembly,"Assembly Final Passage",42,0,0,0,42
1383089,1023271,2021-03-08,Senate,"Senate Final Passage",21,0,0,0,21
1383089,1081992,2021-05-20,Assembly,"Assembly Final Passage",33,8,1,0,42
1383090,1011936,2021-02-22,Senate,"Senate Final Passage",21,0,0,0,21
1383090,1075163,2021-05-10,Assembly,"Assembly Final Passage",28,14,0,0,42
1383091,1013332,2021-02-23,Senate,"Senate Final Passage",21,0,0,0,21
1383091,1080641,2021-05-19,Assembly,"Assembly Final Passage",42,0,0,0,42
1383092,1051333,2021-04-13,Senate,"Senate Final Passage",20,0,1,0,21
1383092,1082459,2021-05-21,Assembly,"Assembly Final Passage",41,0,0,1,42
1383093,1082719,2021-05-21,Senate,"Senate Final Passage",21,0,0,0,21
1383093,1088703,2021-05-31,Assembly,"Assembly Final Passage",36,6,0,0,42
1383095,1057934,2021-04-20,Senate,"Senate Final Passage",21,0,0,0,21
1383095,1082775,2021-05-21,Assembly,"Assembly Final Passage",34,7,0,1,42
1383096,1053183,2021-04-14,Senate,"Senate Final Passage",21,0,0,0,21
1383096,1078873,2021-05-17,Assembly,"Assembly Final Passage",42,0,0,0,42
1383097,1082793,2021-05-21,Senate,"Senate Final Passage",14,7,0,0,21
1383097,1088732,2021-05-31,Assembly,"Assembly Final Passage",26,16,0,0,42
1383098,1037670,2021-03-25,Senate,"Senate Final Passage",21,0,0,0,21
1383098,1078895,2021-05-17,Assembly,"Assembly Final Passage",42,0,0,0,42
1383099,1057056,2021-04-20,Senate,"Senate Final Passage",21,0,0,0,21
1383099,1081074,2021-05-20,Assembly,"Assembly Final Passage",40,0,0,2,42
1383100,1024440,2021-03-09,Senate,"Senate Final Passage",21,0,0,0,21
1383100,1075178,2021-05-10,Assembly,"Assembly Final Passage",30,12,0,0,42
1383101,1057368,2021-04-20,Senate,"Senate Final Passage",21,0,0,0,21
1383101,1080206,2021-05-19,Assembly,"Assembly Final Passage",42,0,0,0,42
1383102,1011870,2021-02-22,Senate,"Senate Final Passage",21,0,0,0,21
1383102,1075099,2021-05-10,Assembly,"Assembly Final Passage",42,0,0,0,42
1383105,1010842,2021-02-22,Senate,"Senate Final Passage",21,0,0,0,21
1383105,1035293,2021-03-23,Assembly,"Assembly Final Passage",42,0,0,0,42
1383107,1054498,2021-04-15,Senate,"Senate Final Passage",21,0,0,0,21
1383107,1078859,2021-05-17,Assembly,"Assembly Final Passage",33,9,0,0,42
1383108,1057819,2021-04-20,Senate,"Senate Final Passage",21,0,0,0,21
1383108,1080506,2021-05-19,Assembly,"Assembly Final Passage",29,13,0,0,42
1383110,1084573,2021-05-25,Senate,"Senate Final Passage",16,5,0,0,21
1383112,1051741,2021-04-13,Senate,"Senate Final Passage",21,0,0,0,21
1383112,1081003,2021-05-20,Assembly,"Assembly Final Passage",41,0,0,1,42
1383113,1056977,2021-04-20,Senate,"Senate Final Passage",21,0,0,0,21
1383113,1082193,2021-05-20,Assembly,"Assembly Final Passage",26,15,1,0,42
1383114,1050606,2021-04-12,Senate,"Senate Final Passage",21,0,0,0,21
1383114,1078954,2021-05-17,Assembly,"Assembly Final Passage",42,0,0,0,42
1383115,1013406,2021-02-23,Senate,"Senate Final Passage",21,0,0,0,21
1383115,1080193,2021-05-19,Assembly,"Assembly Final Passage",35,7,0,0,42
1383116,1053209,2021-04-14,Senate,"Senate Final Passage",21,0,0,0,21
1383116,1080486,2021-05-19,Assembly,"Assembly Final Passage",42,0,0,0,42
1383117,1053559,2021-04-14,Assembly,"Assembly Final Passage",42,0,0,0,42
1383117,1077985,2021-05-14,Senate,"Senate Final Passage",21,0,0,0,21
1383118,1053194,2021-04-14,Senate,"Senate Final Passage",12,9,0,0,21
1383118,1082323,2021-05-20,Assembly,"Assembly Final Passage",40,0,1,1,42
1383119,1078410,2021-05-17,Senate,"Senate Final Passage",21,0,0,0,21
1383119,1088789,2021-05-31,Assembly,"Assembly Final Passage",38,4,0,0,42
1383120,1023344,2021-03-08,Senate,"Senate Final Passage",21,0,0,0,21
1383120,1082099,2021-05-20,Assembly,"Assembly Final Passage",41,0,1,0,42
1383121,1033367,2021-03-22,Senate,"Senate Final Passage",21,0,0,0,21
1383121,1072845,2021-05-05,Assembly,"Assembly Final Passage",42,0,0,0,42
1383122,1030301,2021-03-17,Senate,"Senate Final Passage",21,0,0,0,21
1383122,1080252,2021-05-19,Assembly,"Assembly Final Passage",35,7,0,0,42
1383125,1057228,2021-04-20,Assembly,"Assembly Final Passage",42,0,0,0,42
1383125,1078514,2021-05-17,Senate,"Senate Final Passage",21,0,0,0,21
1383126,1051669,2021-04-13,Assembly,"Assembly Final Passage",40,2,0,0,42
1383126,1078553,2021-05-17,Senate,"Senate Final Passage",21,0,0,0,21
1383127,1057103,2021-04-20,Senate,"Senate Final Passage",21,0,0,0,21
1383127,1081631,2021-05-20,Assembly,"Assembly Final Passage",40,0,1,1,42
1383128,1050431,2021-04-12,Senate,"Senate Final Passage",18,3,0,0,21
1383128,1088791,2021-05-31,Assembly,"Assembly Final Passage",26,16,0,0,42
1383129,1054835,2021-04-15,Senate,"Senate Final Passage",21,0,0,0,21
1383129,1082274,2021-05-20,Assembly,"Assembly Final Passage",35,4,1,2,42
1383131,1053206,2021-04-14,Assembly,"Assembly Final Passage",42,0,0,0,42
1383131,1078110,2021-05-14,Senate,"Senate Final Passage",21,0,0,0,21
1383132,1051612,2021-04-13,Assembly,"Assembly Final Passage",42,0,0,0,42
1383132,1080670,2021-05-19,Senate,"Senate Final Passage",21,0,0,0,21
1383134,1022437,2021-03-04,Assembly,"Assembly Final Passage",41,0,0,1,42
1383134,1078263,2021-05-14,Senate,"Senate Final Passage",12,9,0,0,21
1383135,1053785,2021-04-14,Assembly,"Assembly Final Passage",42,0,0,0,42
1383135,1078270,2021-05-14,Senate,"Senate Final Passage",21,0,0,0,21
1383136,1027757,2021-03-12,Assembly,"Assembly Final Passage",42,0,0,0,42
1383136,1078712,2021-05-17,Senate,"Senate Final Passage",21,0,0,0,21
1383137,1057068,2021-04-20,Assembly,"Assembly Final Passage",30,12,0,0,42
1383137,1080681,2021-05-19,Senate,"Senate Final Passage",21,0,0,0,21
1383138,1054106,2021-04-15,Assembly,"Assembly Final Passage",42,0,0,0,42
1383138,1080706,2021-05-19,Senate,"Senate Final Passage",21,0,0,0,21
1383139,1056652,2021-04-19,Senate,"Senate Final Passage",16,5,0,0,21
1383139,1081977,2021-05-20,Assembly,"Assembly Final Passage",32,8,1,1,42
1383141,1027544,2021-03-12,Assembly,"Assembly Final Passage",42,0,0,0,42
1383141,1078652,2021-05-17,Senate,"Senate Final Passage",20,0,0,1,21
1383142,1051766,2021-04-13,Assembly,"Assembly Final Passage",41,1,0,0,42
1383142,1078908,2021-05-17,Senate,"Senate Final Passage",20,0,0,1,21
1383144,1032641,2021-03-19,Assembly,"Assembly Final Passage",40,0,0,2,42
1383144,1056129,2021-04-19,Senate,"Senate Final Passage",21,0,0,0,21
1383145,1053204,2021-04-14,Senate,"Senate Final Passage",20,1,0,0,21
1383145,1082310,2021-05-20,Assembly,"Assembly Final Passage",33,6,1,2,42
1383146,1027616,2021-03-12,Assembly,"Assembly Final Passage",42,0,0,0,42
1383146,1039174,2021-03-29,Senate,"Senate Final Passage",21,0,0,0,21
1383147,1051493,2021-04-13,Assembly,"Assembly Final Passage",42,0,0,0,42
1383147,1078422,2021-05-17,Senate,"Senate Final Passage",21,0,0,0,21
1383148,1080336,2021-05-19,Assembly,"Assembly Final Passage",32,10,0,0,42
1383148,1088822,2021-05-31,Senate,"Senate Final Passage",21,0,0,0,21
1383149,1057574,2021-04-20,Senate,"Senate Final Passage",20,1,0,0,21
1383149,1082667,2021-05-21,Assembly,"Assembly Final Passage",28,13,0,1,42
1383150,1055507,2021-04-16,Senate,"Senate Final Passage",13,8,0,0,21
1383150,1082286,2021-05-20,Assembly,"Assembly Final Passage",26,14,1,1,42
1383151,1024993,2021-03-09,Assembly,"Assembly Final Passage",39,3,0,0,42
1383151,1073879,2021-05-06,Senate,"Senate Final Passage",21,0,0,0,21
1383153,1080679,2021-05-19,Senate,"Senate Final Passage",20,1,0,0,21
1383153,1088556,2021-05-31,Assembly,"Assembly Final Passage",42,0,0,0,42
1383154,1054697,2021-04-15,Assembly,"Assembly Final Passage",42,0,0,0,42
1383154,1078122,2021-05-14,Senate,"Senate Final Passage",21,0,0,0,21
1383155,1058019,2021-04-20,Senate,"Senate Final Passage",12,9,0,0,21
1383156,1051294,2021-04-13,Assembly,"Assembly Final Passage",42,0,0,0,42
1383156,1078718,2021-05-17,Senate,"Senate Final Passage",21,0,0,0,21
1383159,1053005,2021-04-14,Senate,"Senate Final Passage",21,0,0,0,21
1383159,1081276,2021-05-20,Assembly,"Assembly Final Passage",40,0,0,2,42
1383160,1051378,2021-04-13,Assembly,"Assembly Final Passage",26,16,0,0,42
1383162,1055885,2021-04-19,Assembly,"Assembly Final Passage",31,11,0,0,42
1383162,1078891,2021-05-17,Senate,"Senate Final Passage",20,1,0,0,21
1383163,1034363,2021-03-23,Senate,"Senate Final Passage",21,0,0,0,21
1383163,1081228,2021-05-20,Assembly,"Assembly Final Passage",40,0,0,2,42
1383164,1037371,2021-03-25,Senate,"Senate Final Passage",21,0,0,0,21
1383164,1075423,2021-05-10,Assembly,"Assembly Final Passage",42,0,0,0,42
1383165,1054953,2021-04-15,Senate,"Senate Final Passage",21,0,0,0,21
1383165,1073774,2021-05-06,Assembly,"Assembly Final Passage",42,0,0,0,42
1383167,1082761,2021-05-21,Senate,"Senate Final Passage",21,0,0,0,21
1383167,1088624,2021-05-31,Assembly,"Assembly Final Passage",38,4,0,0,42
1383168,1022358,2021-03-04,Assembly,"Assembly Final Passage",41,0,0,1,42
1383168,1078674,2021-05-17,Senate,"Senate Final Passage",21,0,0,0,21
1383172,1024500,2021-03-09,Assembly,"Assembly Final Passage",42,0,0,0,42
1383172,1055117,2021-04-16,Senate,"Senate Final Passage",21,0,0,0,21
1383173,1024420,2021-03-09,Assembly,"Assembly Final Passage",42,0,0,0,42
1383173,1056197,2021-04-19,Senate,"Senate Final Passage",21,0,0,0,21
1383174,1058056,2021-04-20,Senate,"Senate Final Passage",18,3,0,0,21
1383174,1078840,2021-05-17,Assembly,"Assembly Final Passage",26,16,0,0,42
1383175,1053161,2021-04-14,Assembly,"Assembly Final Passage",42,0,0,0,42
1383175,1078246,2021-05-14,Senate,"Senate Final Passage",21,0,0,0,21
1383176,1053220,2021-04-14,Assembly,"Assembly Final Passage",28,14,0,0,42
1383176,1078669,2021-05-17,Senate,"Senate Final Passage",20,1,0,0,21
1383177,1052183,2021-04-13,Assembly,"Assembly Final Passage",42,0,0,0,42
1383177,1078530,2021-05-17,Senate,"Senate Final Passage",21,0,0,0,21
1383178,1078901,2021-05-17,Senate,"Senate Final Passage",17,4,0,0,21
1383178,1088415,2021-05-30,Assembly,"Assembly Final Passage",31,11,0,0,42
1383181,1057859,2021-04-20,Assembly,"Assembly Final Passage",36,6,0,0,42
1383181,1082542,2021-05-21,Senate,"Senate Final Passage",21,0,0,0,21
1383182,1054725,2021-04-15,Assembly,"Assembly Final Passage",26,16,0,0,42
1383182,1080717,2021-05-19,Senate,"Senate Final Passage",16,5,0,0,21
1383183,1032354,2021-03-19,Assembly,"Assembly Final Passage",40,0,0,2,42
1383183,1055801,2021-04-19,Senate,"Senate Final Passage",21,0,0,0,21
1383184,1055094,2021-04-16,Assembly,"Assembly Final Passage",36,4,0,2,42
1383184,1078001,2021-05-14,Senate,"Senate Final Passage",12,9,0,0,21
1383185,1045467,2021-04-06,Senate,"Senate Final Passage",21,0,0,0,21
1383185,1073254,2021-05-05,Assembly,"Assembly Final Passage",35,7,0,0,42
1383186,1056530,2021-04-19,Assembly,"Assembly Final Passage",32,10,0,0,42
1383186,1082350,2021-05-20,Senate,"Senate Final Passage",19,1,0,1,21
1383187,1054813,2021-04-15,Assembly,"Assembly Final Passage",38,4,0,0,42
1383187,1078919,2021-05-17,Senate,"Senate Final Passage",21,0,0,0,21
1383188,1051651,2021-04-13,Assembly,"Assembly Final Passage",42,0,0,0,42
1383188,1078657,2021-05-17,Senate,"Senate Final Passage",21,0,0,0,21
1383189,1027778,2021-03-12,Assembly,"Assembly Final Passage",42,0,0,0,42
1383189,1078651,2021-05-17,Senate,"Senate Final Passage",21,0,0,0,21
1383190,1024494,2021-03-09,Assembly,"Assembly Final Passage",42,0,0,0,42
1383190,1078054,2021-05-14,Senate,"Senate Final Passage",21,0,0,0,21
1383191,1057916,2021-04-20,Assembly,"Assembly Final Passage",42,0,0,0,42
1383191,1078927,2021-05-17,Senate,"Senate Final Passage",21,0,0,0,21
1383192,1055323,2021-04-16,Assembly,"Assembly Final Passage",40,0,0,2,42
1383192,1088257,2021-05-29,Senate,"Senate Final Passage",21,0,0,0,21
1383193,1054714,2021-04-15,Assembly,"Assembly Final Passage",42,0,0,0,42
1383193,1078187,2021-05-14,Senate,"Senate Final Passage",21,0,0,0,21
1383194,1027647,2021-03-12,Assembly,"Assembly Final Passage",39,3,0,0,42
1383194,1078476,2021-05-17,Senate,"Senate Final Passage",21,0,0,0,21
1383195,1051429,2021-04-13,Assembly,"Assembly Final Passage",42,0,0,0,42
1383195,1078021,2021-05-14,Senate,"Senate Final Passage",21,0,0,0,21
1383196,1052110,2021-04-13,Assembly,"Assembly Final Passage",42,0,0,0,42
1383196,1078250,2021-05-14,Senate,"Senate Final Passage",21,0,0,0,21
1383199,1034856,2021-03-23,Assembly,"Assembly Final Passage",26,16,0,0,42
1383199,1080695,2021-05-19,Senate,"Senate Final Passage",17,4,0,0,21
1383200,1054863,2021-04-15,Assembly,"Assembly Final Passage",42,0,0,0,42
1383200,1078659,2021-05-17,Senate,"Senate Final Passage",21,0,0,0,21
1383201,1032378,2021-03-19,Assembly,"Assembly Final Passage",40,0,0,2,42
1383201,1056335,2021-04-19,Senate,"Senate Final Passage",21,0,0,0,21
1383202,1057316,2021-04-20,Assembly,"Assembly Final Passage",27,15,0,0,42
1383202,1078504,2021-05-17,Senate,"Senate Final Passage",12,9,0,0,21
1383203,1054102,2021-04-15,Assembly,"Assembly Final Passage",42,0,0,0,42
1383203,1080607,2021-05-19,Senate,"Senate Final Passage",17,4,0,0,21
1383204,1027797,2021-03-12,Assembly,"Assembly Final Passage",42,0,0,0,42
1383204,1078916,2021-05-17,Senate,"Senate Final Passage",21,0,0,0,21
1383205,1056292,2021-04-19,Assembly,"Assembly Final Passage",42,0,0,0,42
1383205,1080618,2021-05-19,Senate,"Senate Final Passage",21,0,0,0,21
1383206,1078944,2021-05-17,Assembly,"Assembly Final Passage",26,16,0,0,42
1383206,1084138,2021-05-25,Senate,"Senate Final Passage",12,9,0,0,21
1383207,1086326,2021-05-26,Assembly,"Assembly Final Passage",42,0,0,0,42
1383207,1088256,2021-05-29,Senate,"Senate Final Passage",21,0,0,0,21
1383208,1024576,2021-03-09,Assembly,"Assembly Final Passage",42,0,0,0,42
1383208,1051323,2021-04-13,Senate,"Senate Final Passage",20,0,0,1,21
1383210,1057243,2021-04-20,Assembly,"Assembly Final Passage",42,0,0,0,42
1383210,1080585,2021-05-19,Senate,"Senate Final Passage",21,0,0,0,21
1383212,1088105,2021-05-29,Assembly,"Assembly Final Passage",31,9,0,2,42
1383212,1088929,2021-05-31,Senate,"Senate Final Passage",17,4,0,0,21
1383213,1054612,2021-04-15,Assembly,"Assembly Final Passage",42,0,0,0,42
1383213,1078551,2021-05-17,Senate,"Senate Final Passage",21,0,0,0,21
1383214,1028037,2021-03-15,Assembly,"Assembly Final Passage",42,0,0,0,42
1383214,1078069,2021-05-14,Senate,"Senate Final Passage",21,0,0,0,21
1383215,1056074,2021-04-19,Senate,"Senate Final Passage",12,9,0,0,21
1383215,1082747,2021-05-21,Assembly,"Assembly Final Passage",27,14,0,1,42
1383216,1053377,2021-04-14,Assembly,"Assembly Final Passage",29,13,0,0,42
1383216,1078257,2021-05-14,Senate,"Senate Final Passage",16,5,0,0,21
1383218,1051863,2021-04-13,Assembly,"Assembly Final Passage",42,0,0,0,42
1383218,1078892,2021-05-17,Senate,"Senate Final Passage",21,0,0,0,21
1383219,1051276,2021-04-13,Assembly,"Assembly Final Passage",42,0,0,0,42
1383219,1078275,2021-05-14,Senate,"Senate Final Passage",21,0,0,0,21
1383220,1054272,2021-04-15,Assembly,"Assembly Final Passage",36,6,0,0,42
1383220,1078076,2021-05-14,Senate,"Senate Final Passage",21,0,0,0,21
1383222,1057170,2021-04-20,Assembly,"Assembly Final Passage",42,0,0,0,42
1383222,1082695,2021-05-21,Senate,"Senate Final Passage",21,0,0,0,21
1383223,1057821,2021-04-20,Assembly,"Assembly Final Passage",34,8,0,0,42
1383223,1078413,2021-05-17,Senate,"Senate Final Passage",14,7,0,0,21
1383811,1082687,2021-05-21,Senate,"Senate Final Passage",21,0,0,0,21
1426360,1057556,2021-04-20,Assembly,"Assembly Final Passage",33,9,0,0,42
1426360,1080386,2021-05-19,Senate,"Senate Final Passage",21,0,0,0,21
1426441,1057265,2021-04-20,Senate,"Senate Final Passage",21,0,0,0,21
1426441,1082757,2021-05-21,Assembly,"Assembly Final Passage",27,14,0,1,42
1426504,1056966,2021-04-20,Assembly,"Assembly Final Passage",27,15,0,0,42
1426504,1080515,2021-05-19,Senate,"Senate Final Passage",20,1,0,0,21
1426526,1050412,2021-04-12,Assembly,"Assembly Final Passage",42,0,0,0,42
1426526,1080650,2021-05-19,Senate,"Senate Final Passage",21,0,0,0,21
1428286,1051633,2021-04-13,Assembly,"Assembly Final Passage",42,0,0,0,42
1428286,1078475,2021-05-17,Senate,"Senate Final Passage",21,0,0,0,21
1428446,1006024,2021-02-15,Senate,"Senate Final Passage",21,0,0,0,21
1428446,1029034,2021-03-16,Assembly,"Assembly Final Passage",38,2,0,2,42
1428610,1024455,2021-03-09,Senate,"Senate Final Passage",21,0,0,0,21
1428610,1081142,2021-05-20,Assembly,"Assembly Final Passage",39,0,0,3,42
1428778,1051781,2021-04-13,Senate,"Senate Final Passage",20,0,0,1,21
1428778,1082615,2021-05-21,Assembly,"Assembly Final Passage",41,0,0,1,42
1430172,1034570,2021-03-23,Senate,"Senate Final Passage",18,3,0,0,21
1430172,1036581,2021-03-24,Assembly,"Assembly Final Passage",30,12,0,0,42
1432126,1050427,2021-04-12,Assembly,"Assembly Final Passage",26,16,0,0,42
1432126,1078030,2021-05-14,Senate,"Senate Final Passage",13,8,0,0,21
1433670,1051785,2021-04-13,Assembly,"Assembly Final Passage",42,0,0,0,42
1433670,1082289,2021-05-20,Senate,"Senate Final Passage",20,0,0,1,21
1433859,1054476,2021-04-15,Assembly,"Assembly Final Passage",36,6,0,0,42
1433859,1082338,2021-05-20,Senate,"Senate Final Passage",12,8,0,1,21
1434056,1057525,2021-04-20,Assembly,"Assembly Final Passage",42,0,0,0,42
1434056,1081393,2021-05-20,Senate,"Senate Final Passage",16,4,0,1,21
1435476,1082678,2021-05-21,Senate,"Senate Final Passage",21,0,0,0,21
1435585,1030619,2021-03-17,Senate,"Senate Final Passage",21,0,0,0,21
1435642,1057970,2021-04-20,Senate,"Senate Final Passage",21,0,0,0,21
1435642,1082449,2021-05-21,Assembly,"Assembly Final Passage",41,0,0,1,42
1435750,1053994,2021-04-15,Senate,"Senate Final Passage",21,0,0,0,21
1435750,1082571,2021-05-21,Assembly,"Assembly Final Passage",38,3,0,1,42
1435914,1083887,2021-05-24,Senate,"Senate Final Passage",21,0,0,0,21
1435914,1088881,2021-05-31,Assembly,"Assembly Final Passage",42,0,0,0,42
1436026,1029385,2021-03-16,Senate,"Senate Final Passage",20,0,0,1,21
1436026,1082723,2021-05-21,Assembly,"Assembly Final Passage",41,0,0,1,42
1436992,1057144,2021-04-20,Assembly,"Assembly Final Passage",31,11,0,0,42
1436992,1078934,2021-05-17,Senate,"Senate Final Passage",21,0,0,0,21
1437139,1023278,2021-03-08,Assembly,"Assembly Final Passage",42,0,0,0,42
1437139,1081859,2021-05-20,Senate,"Senate Final Passage",20,0,0,1,21
1437215,1080479,2021-05-19,Senate,"Senate Final Passage",21,0,0,0,21
1437614,1032567,2021-03-19,Assembly,"Assembly Final Passage",40,0,0,2,42
1437614,1082348,2021-05-20,Senate,"Senate Final Passage",20,0,0,1,21
1440186,1051903,2021-04-13,Assembly,"Assembly Final Passage",42,0,0,0,42
1440186,1082337,2021-05-20,Senate,"Senate Final Passage",20,0,0,1,21
1440265,1030325,2021-03-17,Assembly,"Assembly Final Passage",40,0,0,2,42
1440265,1082353,2021-05-20,Senate,"Senate Final Passage",20,0,0,1,21
1440351,1054583,2021-04-15,Assembly,"Assembly Final Passage",42,0,0,0,42
1440351,1081389,2021-05-20,Senate,"Senate Final Passage",20,0,0,1,21
1440437,1033379,2021-03-22,Assembly,"Assembly Final Passage",42,0,0,0,42
1440437,1081246,2021-05-20,Senate,"Senate Final Passage",20,0,0,1,21
1440522,1057346,2021-04-20,Assembly,"Assembly Final Passage",42,0,0,0,42
1440522,1082351,2021-05-20,Senate,"Senate Final Passage",20,0,0,1,21
1440779,1057952,2021-04-20,Senate,"Senate Final Passage",21,0,0,0,21
1440779,1082592,2021-05-21,Assembly,"Assembly Final Passage",41,0,0,1,42
1440863,1057476,2021-04-20,Assembly,"Assembly Final Passage",26,16,0,0,42
1440863,1081230,2021-05-20,Senate,"Senate Final Passage",20,0,0,1,21
1442308,1055189,2021-04-16,Senate,"Senate Final Passage",16,5,0,0,21
1442308,1082447,2021-05-21,Assembly,"Assembly Final Passage",26,15,0,1,42
1442366,1003545,2021-02-10,Assembly,"Assembly Final Passage",41,0,0,1,42
1442366,1004273,2021-02-11,Senate,"Senate Final Passage",21,0,0,0,21
1442484,1057626,2021-04-20,Senate,"Senate Final Passage",21,0,0,0,21
1442484,1082786,2021-05-21,Assembly,"Assembly Final Passage",41,0,0,1,42
1442599,1054145,2021-04-15,Senate,"Senate Final Passage",20,1,0,0,21
1442599,1088933,2021-05-31,Assembly,"Assembly Final Passage",26,16,0,0,42
1442599,1088934,2021-05-31,Assembly,"Assembly Final Passage",34,8,0,0,42
1442661,1055333,2021-04-16,Assembly,"Assembly Final Passage",40,0,0,2,42
1442661,1082262,2021-05-20,Senate,"Senate Final Passage",20,0,0,1,21
1442717,1054069,2021-04-15,Senate,"Senate Final Passage",14,7,0,0,21
1442717,1082643,2021-05-21,Assembly,"Assembly Final Passage",26,15,0,1,42
1442778,1033061,2021-03-22,Senate,"Senate Final Passage",18,3,0,0,21
1442778,1082561,2021-05-21,Assembly,"Assembly Final Passage",32,9,0,1,42
1444944,1051602,2021-04-13,Assembly,"Assembly Final Passage",36,6,0,0,42
1444944,1081774,2021-05-20,Senate,"Senate Final Passage",20,0,0,1,21
1445104,1017100,2021-02-26,Assembly,"Assembly Final Passage",36,3,0,3,42
1445104,1029530,2021-03-16,Senate,"Senate Final Passage",14,6,0,1,21
1445268,1053293,2021-04-14,Assembly,"Assembly Final Passage",34,8,0,0,42
1445268,1078272,2021-05-14,Senate,"Senate Final Passage",21,0,0,0,21
1445431,1055124,2021-04-16,Assembly,"Assembly Final Passage",31,9,0,2,42
1445431,1082357,2021-05-20,Senate,"Senate Final Passage",12,8,0,1,21
1447913,1057829,2021-04-20,Senate,"Senate Final Passage",20,1,0,0,21
1447913,1082575,2021-05-21,Assembly,"Assembly Final Passage",41,0,0,1,42
1448022,1057383,2021-04-20,Assembly,"Assembly Final Passage",34,8,0,0,42
1448022,1081381,2021-05-20,Senate,"Senate Final Passage",14,6,0,1,21
1448131,1022411,2021-03-04,Assembly,"Assembly Final Passage",41,0,0,1,42
1448131,1082361,2021-05-20,Senate,"Senate Final Passage",20,0,0,1,21
1448240,1051605,2021-04-13,Assembly,"Assembly Final Passage",42,0,0,0,42
1448240,1082279,2021-05-20,Senate,"Senate Final Passage",12,8,0,1,21
1448348,1081290,2021-05-20,Assembly,"Assembly Final Passage",38,1,0,3,42
1448348,1088553,2021-05-31,Senate,"Senate Final Passage",20,1,0,0,21
1449109,1057953,2021-04-20,Assembly,"Assembly Final Passage",39,3,0,0,42
1449109,1078146,2021-05-14,Senate,"Senate Final Passage",14,7,0,0,21
1449326,1050705,2021-04-12,Assembly,"Assembly Final Passage",42,0,0,0,42
1449326,1078643,2021-05-17,Senate,"Senate Final Passage",21,0,0,0,21
1449436,1054861,2021-04-15,Assembly,"Assembly Final Passage",42,0,0,0,42
1449436,1081607,2021-05-20,Senate,"Senate Final Passage",20,0,0,1,21
1451490,1086429,2021-05-26,Assembly,"Assembly Final Passage",30,11,0,1,42
1451490,1088552,2021-05-31,Senate,"Senate Final Passage",15,6,0,0,21
1451499,1056442,2021-04-19,Assembly,"Assembly Final Passage",42,0,0,0,42
1451507,1032287,2021-03-19,Assembly,"Assembly Final Passage",24,16,0,2,42
1451507,1058255,2021-04-20,Assembly,"Assembly Final Passage",30,12,0,0,42
1451507,1078641,2021-05-17,Senate,"Senate Final Passage",21,0,0,0,21
1451527,1056315,2021-04-19,Assembly,"Assembly Final Passage",42,0,0,0,42
1451527,1082252,2021-05-20,Senate,"Senate Final Passage",20,0,0,1,21
1451539,1065347,2021-04-28,Assembly,"Assembly Final Passage",32,10,0,0,42
1451539,1085821,2021-05-26,Senate,"Senate Final Passage",21,0,0,0,21
1451549,1054378,2021-04-15,Assembly,"Assembly Final Passage",42,0,0,0,42
1451549,1081561,2021-05-20,Senate,"Senate Final Passage",20,0,0,1,21
1451555,1051331,2021-04-13,Assembly,"Assembly Final Passage",26,16,0,0,42
1451555,1073731,2021-05-06,Senate,"Senate Final Passage",21,0,0,0,21
1451562,1051818,2021-04-13,Senate,"Senate Final Passage",20,0,0,1,21
1451577,1028152,2021-03-15,Assembly,"Assembly Final Passage",42,0,0,0,42
1451577,1082278,2021-05-20,Senate,"Senate Final Passage",20,0,0,1,21
1451597,1057803,2021-04-20,Assembly,"Assembly Final Passage",40,2,0,0,42
1451597,1082694,2021-05-21,Senate,"Senate Final Passage",15,6,0,0,21
1451623,1056453,2021-04-19,Senate,"Senate Final Passage",14,7,0,0,21
1451623,1078637,2021-05-17,Assembly,"Assembly Final Passage",31,11,0,0,42
1452168,1055905,2021-04-19,Assembly,"Assembly Final Passage",26,16,0,0,42
1452168,1081326,2021-05-20,Senate,"Senate Final Passage",12,8,0,1,21
1452271,1022362,2021-03-04,Assembly,"Assembly Final Passage",41,0,0,1,42
1452271,1082254,2021-05-20,Senate,"Senate Final Passage",20,0,0,1,21
1452376,1056143,2021-04-19,Assembly,"Assembly Final Passage",42,0,0,0,42
1452376,1082789,2021-05-21,Senate,"Senate Final Passage",21,0,0,0,21
1454062,1045824,2021-04-06,Senate,"Senate Final Passage",21,0,0,0,21
1454062,1088588,2021-05-31,Assembly,"Assembly Final Passage",42,0,0,0,42
1454162,1057551,2021-04-20,Senate,"Senate Final Passage",21,0,0,0,21
1454162,1082628,2021-05-21,Assembly,"Assembly Final Passage",41,0,0,1,42
1454264,1056478,2021-04-19,Senate,"Senate Final Passage",21,0,0,0,21
1454264,1082584,2021-05-21,Assembly,"Assembly Final Passage",41,0,0,1,42
1455360,1080675,2021-05-19,Assembly,"Assembly Final Passage",42,0,0,0,42
1455360,1088518,2021-05-30,Senate,"Senate Final Passage",20,0,1,0,21
1455389,1052086,2021-04-13,Assembly,"Assembly Final Passage",36,6,0,0,42
1455389,1078900,2021-05-17,Senate,"Senate Final Passage",17,4,0,0,21
1455414,1057420,2021-04-20,Assembly,"Assembly Final Passage",42,0,0,0,42
1455414,1082157,2021-05-20,Senate,"Senate Final Passage",20,0,0,1,21
1455439,1057559,2021-04-20,Assembly,"Assembly Final Passage",26,16,0,0,42
1455439,1081368,2021-05-20,Senate,"Senate Final Passage",14,6,0,1,21
1455464,1057536,2021-04-20,Assembly,"Assembly Final Passage",39,3,0,0,42
1455464,1082347,2021-05-20,Senate,"Senate Final Passage",20,0,0,1,21
1455520,1029062,2021-03-16,Assembly,"Assembly Final Passage",39,1,0,2,42
1455520,1082332,2021-05-20,Senate,"Senate Final Passage",20,0,0,1,21
1455548,1086471,2021-05-26,Assembly,"Assembly Final Passage",40,2,0,0,42
1455548,1088718,2021-05-31,Senate,"Senate Final Passage",21,0,0,0,21
1455600,1064905,2021-04-28,Assembly,"Assembly Final Passage",30,12,0,0,42
1455629,1056135,2021-04-19,Assembly,"Assembly Final Passage",26,16,0,0,42
1455629,1081395,2021-05-20,Senate,"Senate Final Passage",13,7,0,1,21
1455685,1055278,2021-04-16,Assembly,"Assembly Final Passage",40,0,0,2,42
1455685,1078851,2021-05-17,Senate,"Senate Final Passage",21,0,0,0,21
1455746,1035297,2021-03-23,Assembly,"Assembly Final Passage",42,0,0,0,42
1455746,1071519,2021-05-04,Senate,"Senate Final Passage",21,0,0,0,21
1455855,1049724,2021-04-09,Assembly,"Assembly Final Passage",26,16,0,0,42
1455855,1082473,2021-05-21,Senate,"Senate Final Passage",12,9,0,0,21
1459619,1065892,2021-04-29,Assembly,"Assembly Final Passage",41,1,0,0,42
1459952,1057268,2021-04-20,Senate,"Senate Final Passage",19,2,0,0,21
1459952,1082727,2021-05-21,Assembly,"Assembly Final Passage",41,0,0,1,42
1460065,1054772,2021-04-15,Assembly,"Assembly Final Passage",33,9,0,0,42
1460120,1086473,2021-05-26,Assembly,"Assembly Final Passage",42,0,0,0,42
1460120,1088708,2021-05-31,Senate,"Senate Final Passage",21,0,0,0,21
1460179,1064687,2021-04-28,Assembly,"Assembly Final Passage",42,0,0,0,42
1460179,1082248,2021-05-20,Senate,"Senate Final Passage",20,0,0,1,21
1461252,1053768,2021-04-14,Senate,"Senate Final Passage",15,6,0,0,21
1461252,1082721,2021-05-21,Assembly,"Assembly Final Passage",31,10,0,1,42
1461433,1057872,2021-04-20,Senate,"Senate Final Passage",21,0,0,0,21
1461500,1050339,2021-04-12,Senate,"Senate Final Passage",21,0,0,0,21
1461500,1082479,2021-05-21,Assembly,"Assembly Final Passage",41,0,0,1,42
1461631,1057784,2021-04-20,Assembly,"Assembly Final Passage",42,0,0,0,42
1461631,1082270,2021-05-20,Senate,"Senate Final Passage",20,0,0,1,21
1463160,1057518,2021-04-20,Assembly,"Assembly Final Passage",29,13,0,0,42
1463160,1078264,2021-05-14,Senate,"Senate Final Passage",21,0,0,0,21
1463485,1051438,2021-04-13,Assembly,"Assembly Final Passage",29,13,0,0,42
1463485,1078653,2021-05-17,Senate,"Senate Final Passage",13,8,0,0,21
1463816,1030867,2021-03-17,Assembly,"Assembly Final Passage",40,0,0,2,42
1463816,1078664,2021-05-17,Senate,"Senate Final Passage",21,0,0,0,21
1464879,1056140,2021-04-19,Senate,"Senate Final Passage",18,3,0,0,21
1464879,1082457,2021-05-21,Assembly,"Assembly Final Passage",33,8,0,1,42
1464983,1054015,2021-04-15,Assembly,"Assembly Final Passage",26,16,0,0,42
1464983,1082266,2021-05-20,Senate,"Senate Final Passage",20,0,0,1,21
1465052,1056012,2021-04-19,Senate,"Senate Final Passage",21,0,0,0,21
1465052,1078662,2021-05-17,Assembly,"Assembly Final Passage",42,0,0,0,42
1465084,1053797,2021-04-14,Senate,"Senate Final Passage",18,3,0,0,21
1465084,1078702,2021-05-17,Assembly,"Assembly Final Passage",34,8,0,0,42
1465266,1082748,2021-05-21,Senate,"Senate Final Passage",21,0,0,0,21
1465266,1088780,2021-05-31,Assembly,"Assembly Final Passage",42,0,0,0,42
1465301,1057301,2021-04-20,Senate,"Senate Final Passage",20,1,0,0,21
1465301,1082655,2021-05-21,Assembly,"Assembly Final Passage",33,8,0,1,42
1465336,1057037,2021-04-20,Assembly,"Assembly Final Passage",40,2,0,0,42
1465368,1055177,2021-04-16,Assembly,"Assembly Final Passage",40,0,0,2,42
1465368,1082089,2021-05-20,Senate,"Senate Final Passage",20,0,0,1,21
1467275,1050371,2021-04-12,Assembly,"Assembly Final Passage",41,1,0,0,42
1467275,1082322,2021-05-20,Senate,"Senate Final Passage",20,0,0,1,21
1467843,1056068,2021-04-19,Assembly,"Assembly Final Passage",26,16,0,0,42
1467843,1082220,2021-05-20,Senate,"Senate Final Passage",14,6,0,1,21
1469489,1053996,2021-04-15,Senate,"Senate Final Passage",21,0,0,0,21
1469489,1078714,2021-05-17,Assembly,"Assembly Final Passage",35,7,0,0,42
1469560,1078881,2021-05-17,Senate,"Senate Final Passage",21,0,0,0,21
1469560,1088821,2021-05-31,Assembly,"Assembly Final Passage",42,0,0,0,42
1469631,1078920,2021-05-17,Senate,"Senate Final Passage",21,0,0,0,21
1469631,1088814,2021-05-31,Assembly,"Assembly Final Passage",42,0,0,0,42
1470796,1056319,2021-04-19,Senate,"Senate Final Passage",21,0,0,0,21
1470796,1082631,2021-05-21,Assembly,"Assembly Final Passage",41,0,0,1,42
1470839,1080661,2021-05-19,Senate,"Senate Final Passage",21,0,0,0,21
1470839,1088835,2021-05-31,Assembly,"Assembly Final Passage",34,8,0,0,42
1470941,1080678,2021-05-19,Senate,"Senate Final Passage",20,1,0,0,21
1470941,1088812,2021-05-31,Assembly,"Assembly Final Passage",40,2,0,0,42
1470991,1050619,2021-04-12,Senate,"Senate Final Passage",21,0,0,0,21
1470991,1078960,2021-05-17,Assembly,"Assembly Final Passage",42,0,0,0,42
1471040,1088258,2021-05-29,Senate,"Senate Final Passage",21,0,0,0,21
1471040,1088731,2021-05-31,Assembly,"Assembly Final Passage",41,1,0,0,42
1471090,1055800,2021-04-19,Senate,"Senate Final Passage",12,9,0,0,21
1471090,1082582,2021-05-21,Assembly,"Assembly Final Passage",33,8,0,1,42
1473283,1053784,2021-04-14,Senate,"Senate Final Passage",21,0,0,0,21
1473283,1082616,2021-05-21,Assembly,"Assembly Final Passage",33,8,0,1,42
1473376,1056449,2021-04-19,Senate,"Senate Final Passage",19,1,1,0,21
1473376,1082559,2021-05-21,Assembly,"Assembly Final Passage",35,6,0,1,42
1473640,1057241,2021-04-20,Senate,"Senate Final Passage",21,0,0,0,21
1473640,1082738,2021-05-21,Assembly,"Assembly Final Passage",40,1,0,1,42
1474068,1085801,2021-05-26,Senate,"Senate Final Passage",21,0,0,0,21
1474072,1086515,2021-05-26,Assembly,"Assembly Final Passage",37,5,0,0,42
1474072,1088635,2021-05-31,Senate,"Senate Final Passage",21,0,0,0,21
1474076,1054478,2021-04-15,Assembly,"Assembly Final Passage",30,12,0,0,42
1474076,1082328,2021-05-20,Senate,"Senate Final Passage",20,0,0,1,21
1474083,1057852,2021-04-20,Assembly,"Assembly Final Passage",31,11,0,0,42
1474083,1082356,2021-05-20,Senate,"Senate Final Passage",16,4,0,1,21
1474096,1086479,2021-05-26,Assembly,"Assembly Final Passage",42,0,0,0,42
1474096,1088715,2021-05-31,Senate,"Senate Final Passage",21,0,0,0,21
1474101,1064689,2021-04-28,Assembly,"Assembly Final Passage",42,0,0,0,42
1474101,1078667,2021-05-17,Senate,"Senate Final Passage",21,0,0,0,21
1474117,1057615,2021-04-20,Assembly,"Assembly Final Passage",40,2,0,0,42
1474117,1082307,2021-05-20,Senate,"Senate Final Passage",20,0,0,1,21
1474125,1054110,2021-04-15,Assembly,"Assembly Final Passage",26,16,0,0,42
1474125,1081329,2021-05-20,Senate,"Senate Final Passage",14,6,0,1,21
1474130,1057246,2021-04-20,Assembly,"Assembly Final Passage",34,8,0,0,42
1474130,1081580,2021-05-20,Senate,"Senate Final Passage",20,0,0,1,21
1474137,1044902,2021-04-05,Assembly,"Assembly Final Passage",42,0,0,0,42
1474137,1082370,2021-05-20,Senate,"Senate Final Passage",20,0,0,1,21
1474141,1054029,2021-04-15,Assembly,"Assembly Final Passage",41,1,0,0,42
1474141,1082097,2021-05-20,Senate,"Senate Final Passage",15,5,0,1,21
1474159,1066219,2021-04-29,Assembly,"Assembly Final Passage",36,6,0,0,42
1474159,1082061,2021-05-20,Senate,"Senate Final Passage",19,1,0,1,21
1474170,1078953,2021-05-17,Assembly,"Assembly Final Passage",35,7,0,0,42
1474170,1085736,2021-05-26,Senate,"Senate Final Passage",21,0,0,0,21
1475223,1055324,2021-04-16,Assembly,"Assembly Final Passage",34,6,0,2,42
1475223,1082288,2021-05-20,Senate,"Senate Final Passage",20,0,0,1,21
1475232,1056151,2021-04-19,Senate,"Senate Final Passage",21,0,0,0,21
1475232,1082551,2021-05-21,Assembly,"Assembly Final Passage",28,13,0,1,42
1475298,1055478,2021-04-16,Senate,"Senate Final Passage",21,0,0,0,21
1475298,1082597,2021-05-21,Assembly,"Assembly Final Passage",41,0,0,1,42
1475335,1057206,2021-04-20,Assembly,"Assembly Final Passage",28,14,0,0,42
1475350,1080683,2021-05-19,Senate,"Senate Final Passage",21,0,0,0,21
1475350,1088625,2021-05-31,Assembly,"Assembly Final Passage",35,7,0,0,42
1475393,1057173,2021-04-20,Senate,"Senate Final Passage",21,0,0,0,21
1475393,1082663,2021-05-21,Assembly,"Assembly Final Passage",41,0,0,1,42
1475406,1056620,2021-04-19,Senate,"Senate Final Passage",16,5,0,0,21
1475406,1082450,2021-05-21,Assembly,"Assembly Final Passage",32,9,0,1,42
1475423,1057873,2021-04-20,Assembly,"Assembly Final Passage",26,16,0,0,42
1475423,1081684,2021-05-20,Senate,"Senate Final Passage",12,8,0,1,21
1475435,1057603,2021-04-20,Senate,"Senate Final Passage",21,0,0,0,21
1475435,1082623,2021-05-21,Assembly,"Assembly Final Passage",36,5,0,1,42
1475490,1056280,2021-04-19,Assembly,"Assembly Final Passage",26,16,0,0,42
1475503,1081356,2021-05-20,Senate,"Senate Final Passage",19,0,0,2,21
1475503,1088714,2021-05-31,Assembly,"Assembly Final Passage",42,0,0,0,42
1475517,1055830,2021-04-19,Senate,"Senate Final Passage",15,6,0,0,21
1475517,1082451,2021-05-21,Assembly,"Assembly Final Passage",28,13,0,1,42
1475532,1052034,2021-04-13,Assembly,"Assembly Final Passage",36,6,0,0,42
1475532,1071852,2021-05-04,Senate,"Senate Final Passage",21,0,0,0,21
1475545,1064614,2021-04-28,Assembly,"Assembly Final Passage",33,9,0,0,42
1475545,1081870,2021-05-20,Senate,"Senate Final Passage",20,0,0,1,21
1475571,1057910,2021-04-20,Senate,"Senate Final Passage",21,0,0,0,21
1475571,1082699,2021-05-21,Assembly,"Assembly Final Passage",41,0,0,1,42
1475582,1055849,2021-04-19,Senate,"Senate Final Passage",21,0,0,0,21
1475582,1082674,2021-05-21,Assembly,"Assembly Final Passage",36,5,0,1,42
1475595,1054431,2021-04-15,Assembly,"Assembly Final Passage",42,0,0,0,42
1475595,1081530,2021-05-20,Senate,"Senate Final Passage",20,0,0,1,21
1476324,1054839,2021-04-15,Assembly,"Assembly Final Passage",42,0,0,0,42
1476324,1082054,2021-05-20,Senate,"Senate Final Passage",20,0,0,1,21
1476404,1078882,2021-05-17,Senate,"Senate Final Passage",21,0,0,0,21
1476404,1088820,2021-05-31,Assembly,"Assembly Final Passage",37,5,0,0,42
1476507,1086466,2021-05-26,Assembly,"Assembly Final Passage",36,6,0,0,42
1476507,1088729,2021-05-31,Senate,"Senate Final Passage",21,0,0,0,21
1476526,1077678,2021-05-13,Assembly,"Assembly Final Passage",40,1,0,1,42
1476526,1086231,2021-05-26,Senate,"Senate Final Passage",21,0,0,0,21
1476546,1057764,2021-04-20,Assembly,"Assembly Final Passage",26,16,0,0,42
1476546,1082778,2021-05-21,Senate,"Senate Final Passage",16,5,0,0,21
1476574,1086541,2021-05-27,Assembly,"Assembly Final Passage",33,7,0,2,42
1476574,1088942,2021-05-31,Senate,"Senate Final Passage",20,1,0,0,21
1476593,1057469,2021-04-20,Senate,"Senate Final Passage",18,3,0,0,21
1476593,1082572,2021-05-21,Assembly,"Assembly Final Passage",32,9,0,1,42
1476636,1054529,2021-04-15,Assembly,"Assembly Final Passage",42,0,0,0,42
1476636,1082292,2021-05-20,Senate,"Senate Final Passage",20,0,0,1,21
1476697,1051713,2021-04-13,Assembly,"Assembly Final Passage",40,2,0,0,42
1476697,1082306,2021-05-20,Senate,"Senate Final Passage",20,0,0,1,21
1476720,1051403,2021-04-13,Senate,"Senate Final Passage",20,0,0,1,21
1476720,1082455,2021-05-21,Assembly,"Assembly Final Passage",41,0,0,1,42
1476739,1037018,2021-03-25,Senate,"Senate Final Passage",21,0,0,0,21
1476739,1082591,2021-05-21,Assembly,"Assembly Final Passage",41,0,0,1,42
1476781,1050589,2021-04-12,Assembly,"Assembly Final Passage",26,16,0,0,42
1476781,1078878,2021-05-17,Senate,"Senate Final Passage",19,2,0,0,21
1477675,1054071,2021-04-15,Assembly,"Assembly Final Passage",42,0,0,0,42
1477675,1082360,2021-05-20,Senate,"Senate Final Passage",20,0,0,1,21
1477900,1086428,2021-05-26,Assembly,"Assembly Final Passage",41,0,0,1,42
1477900,1088612,2021-05-31,Senate,"Senate Final Passage",21,0,0,0,21
1478021,1044029,2021-04-02,Assembly,"Assembly Final Passage",25,16,0,1,42
1478021,1078433,2021-05-17,Senate,"Senate Final Passage",12,9,0,0,21
1478075,1086338,2021-05-26,Assembly,"Assembly Final Passage",41,0,0,1,42
1478075,1088695,2021-05-31,Senate,"Senate Final Passage",21,0,0,0,21
1478139,1057888,2021-04-20,Assembly,"Assembly Final Passage",26,16,0,0,42
1478139,1082741,2021-05-21,Senate,"Senate Final Passage",21,0,0,0,21
1478194,1086395,2021-05-26,Assembly,"Assembly Final Passage",41,0,0,1,42
1478194,1088931,2021-05-31,Senate,"Senate Final Passage",21,0,0,0,21
1479117,1046304,2021-04-06,Senate,"Senate Final Passage",21,0,0,0,21
1479117,1079137,2021-05-18,Assembly,"Assembly Final Passage",41,0,0,1,42
1479130,1052929,2021-04-14,Senate,"Senate Final Passage",17,4,0,0,21
1479130,1082587,2021-05-21,Assembly,"Assembly Final Passage",30,11,0,1,42
1479139,1086820,2021-05-27,Assembly,"Assembly Final Passage",39,2,0,1,42
1479139,1088836,2021-05-31,Senate,"Senate Final Passage",16,5,0,0,21
1479183,1056157,2021-04-19,Senate,"Senate Final Passage",21,0,0,0,21
1479183,1082762,2021-05-21,Assembly,"Assembly Final Passage",40,1,0,1,42
1479216,1065655,2021-04-29,Assembly,"Assembly Final Passage",42,0,0,0,42
1479216,1082216,2021-05-20,Senate,"Senate Final Passage",20,0,0,1,21
1479243,1080704,2021-05-19,Senate,"Senate Final Passage",21,0,0,0,21
1479243,1088484,2021-05-30,Assembly,"Assembly Final Passage",42,0,0,0,42
1479290,1056956,2021-04-20,Assembly,"Assembly Final Passage",31,11,0,0,42
1479290,1082287,2021-05-20,Senate,"Senate Final Passage",20,0,0,1,21
1479306,1082237,2021-05-20,Senate,"Senate Final Passage",20,0,0,1,21
1479306,1088309,2021-05-30,Assembly,"Assembly Final Passage",42,0,0,0,42
1479329,1054664,2021-04-15,Assembly,"Assembly Final Passage",38,4,0,0,42
1479329,1082541,2021-05-21,Senate,"Senate Final Passage",21,0,0,0,21
1479393,1053195,2021-04-14,Senate,"Senate Final Passage",12,9,0,0,21
1479393,1088823,2021-05-31,Assembly,"Assembly Final Passage",26,16,0,0,42
1479423,1045633,2021-04-06,Senate,"Senate Final Passage",21,0,0,0,21
1479423,1082627,2021-05-21,Assembly,"Assembly Final Passage",41,0,0,1,42
1479440,1056181,2021-04-19,Senate,"Senate Final Passage",19,2,0,0,21
1479440,1082574,2021-05-21,Assembly,"Assembly Final Passage",30,11,0,1,42
1479454,1057425,2021-04-20,Assembly,"Assembly Final Passage",26,16,0,0,42
1479524,1057222,2021-04-20,Senate,"Senate Final Passage",21,0,0,0,21
1479524,1082606,2021-05-21,Assembly,"Assembly Final Passage",40,1,0,1,42
1479569,1051564,2021-04-13,Assembly,"Assembly Final Passage",31,11,0,0,42
1479569,1082147,2021-05-20,Senate,"Senate Final Passage",12,8,0,1,21
1479583,1082724,2021-05-21,Senate,"Senate Final Passage",17,4,0,0,21
1479583,1088367,2021-05-30,Assembly,"Assembly Final Passage",34,8,0,0,42
1479617,1057510,2021-04-20,Senate,"Senate Final Passage",12,9,0,0,21
1479663,1088345,2021-05-30,Assembly,"Assembly Final Passage",36,6,0,0,42
1480998,1051280,2021-04-13,Assembly,"Assembly Final Passage",41,1,0,0,42
1480998,1082484,2021-05-21,Senate,"Senate Final Passage",21,0,0,0,21
1481074,1057350,2021-04-20,Assembly,"Assembly Final Passage",31,11,0,0,42
1481074,1057351,2021-04-20,Assembly,"Assembly Final Passage",23,19,0,0,42
1481074,1082374,2021-05-20,Senate,"Senate Final Passage",19,1,0,1,21
1481145,1057093,2021-04-20,Assembly,"Assembly Final Passage",26,16,0,0,42
1481145,1078889,2021-05-17,Senate,"Senate Final Passage",12,9,0,0,21
1481184,1086498,2021-05-26,Assembly,"Assembly Final Passage",42,0,0,0,42
1481184,1088617,2021-05-31,Senate,"Senate Final Passage",21,0,0,0,21
1481221,1057800,2021-04-20,Assembly,"Assembly Final Passage",42,0,0,0,42
1481221,1082716,2021-05-21,Senate,"Senate Final Passage",21,0,0,0,21
1481258,1057880,2021-04-20,Assembly,"Assembly Final Passage",31,11,0,0,42
1481258,1081704,2021-05-20,Senate,"Senate Final Passage",20,0,0,1,21
1481300,1057283,2021-04-20,Assembly,"Assembly Final Passage",34,8,0,0,42
1481300,1082560,2021-05-21,Senate,"Senate Final Passage",21,0,0,0,21
1481371,1077286,2021-05-13,Assembly,"Assembly Final Passage",33,9,0,0,42
1481371,1088744,2021-05-31,Senate,"Senate Final Passage",21,0,0,0,21
1481443,1054010,2021-04-15,Assembly,"Assembly Final Passage",41,1,0,0,42
1481443,1082346,2021-05-20,Senate,"Senate Final Passage",20,0,0,1,21
1481554,1057474,2021-04-20,Assembly,"Assembly Final Passage",28,14,0,0,42
1481554,1082726,2021-05-21,Senate,"Senate Final Passage",18,3,0,0,21
1482465,1057135,2021-04-20,Senate,"Senate Final Passage",17,4,0,0,21
1482465,1082614,2021-05-21,Assembly,"Assembly Final Passage",33,8,0,1,42
1482486,1054151,2021-04-15,Assembly,"Assembly Final Passage",42,0,0,0,42
1482486,1082640,2021-05-21,Senate,"Senate Final Passage",21,0,0,0,21
1482490,1053214,2021-04-14,Senate,"Senate Final Passage",21,0,0,0,21
1482490,1082680,2021-05-21,Assembly,"Assembly Final Passage",29,12,0,1,42
1482497,1056405,2021-04-19,Senate,"Senate Final Passage",21,0,0,0,21
1482497,1082664,2021-05-21,Assembly,"Assembly Final Passage",41,0,0,1,42
1482504,1050519,2021-04-12,Senate,"Senate Final Passage",21,0,0,0,21
1482504,1082739,2021-05-21,Assembly,"Assembly Final Passage",32,9,0,1,42
1482528,1081375,2021-05-20,Senate,"Senate Final Passage",19,0,0,2,21
1482528,1088828,2021-05-31,Assembly,"Assembly Final Passage",42,0,0,0,42
1482533,1057927,2021-04-20,Assembly,"Assembly Final Passage",42,0,0,0,42
1482533,1078516,2021-05-17,Senate,"Senate Final Passage",21,0,0,0,21
1482542,1050392,2021-04-12,Senate,"Senate Final Passage",19,2,0,0,21
1482542,1082636,2021-05-21,Assembly,"Assembly Final Passage",28,13,0,1,42
1482544,1082765,2021-05-21,Senate,"Senate Final Passage",12,9,0,0,21
1482544,1088341,2021-05-30,Assembly,"Assembly Final Passage",26,16,0,0,42
1482570,1086569,2021-05-27,Assembly,"Assembly Final Passage",36,5,0,1,42
1482570,1088943,2021-05-31,Senate,"Senate Final Passage",15,6,0,0,21
1482593,1057959,2021-04-20,Assembly,"Assembly Final Passage",26,16,0,0,42
1482593,1088640,2021-05-31,Senate,"Senate Final Passage",12,9,0,0,21
1482602,1066882,2021-04-29,Assembly,"Assembly Final Passage",26,16,0,0,42
1482602,1082711,2021-05-21,Senate,"Senate Final Passage",20,1,0,0,21
1482630,1057592,2021-04-20,Assembly,"Assembly Final Passage",26,16,0,0,42
1482630,1082465,2021-05-21,Senate,"Senate Final Passage",12,9,0,0,21
1482634,1058042,2021-04-20,Assembly,"Assembly Final Passage",42,0,0,0,42
1482646,1085369,2021-05-26,Assembly,"Assembly Final Passage",41,0,0,1,42
1482646,1088767,2021-05-31,Senate,"Senate Final Passage",21,0,0,0,21
1482651,1051486,2021-04-13,Senate,"Senate Final Passage",13,7,0,1,21
1482651,1082759,2021-05-21,Assembly,"Assembly Final Passage",26,15,0,1,42
1482664,1054882,2021-04-15,Senate,"Senate Final Passage",12,9,0,0,21
1482664,1082736,2021-05-21,Assembly,"Assembly Final Passage",26,15,0,1,42
1482682,1086634,2021-05-27,Assembly,"Assembly Final Passage",40,1,0,1,42
1482682,1088563,2021-05-31,Senate,"Senate Final Passage",21,0,0,0,21
1482690,1054480,2021-04-15,Assembly,"Assembly Final Passage",26,16,0,0,42
1482690,1082613,2021-05-21,Senate,"Senate Final Passage",12,9,0,0,21
1482696,1057280,2021-04-20,Assembly,"Assembly Final Passage",26,16,0,0,42
1482696,1082568,2021-05-21,Senate,"Senate Final Passage",19,2,0,0,21
1482703,1057445,2021-04-20,Assembly,"Assembly Final Passage",30,12,0,0,42
1482703,1082642,2021-05-21,Senate,"Senate Final Passage",12,9,0,0,21
1483118,1051575,2021-04-13,Assembly,"Assembly Final Passage",35,7,0,0,42
1483118,1082725,2021-05-21,Senate,"Senate Final Passage",19,2,0,0,21
1483135,1051332,2021-04-13,Assembly,"Assembly Final Passage",42,0,0,0,42
1483135,1078399,2021-05-17,Senate,"Senate Final Passage",21,0,0,0,21
1483144,1050707,2021-04-12,Assembly,"Assembly Final Passage",41,1,0,0,42
1483144,1082618,2021-05-21,Senate,"Senate Final Passage",21,0,0,0,21
1483151,1057065,2021-04-20,Assembly,"Assembly Final Passage",42,0,0,0,42
1483151,1082504,2021-05-21,Senate,"Senate Final Passage",21,0,0,0,21
1483159,1051718,2021-04-13,Assembly,"Assembly Final Passage",41,1,0,0,42
1483159,1082722,2021-05-21,Senate,"Senate Final Passage",21,0,0,0,21
1483178,1057756,2021-04-20,Senate,"Senate Final Passage",12,9,0,0,21
1483178,1088351,2021-05-30,Assembly,"Assembly Final Passage",24,18,0,0,42
1483210,1058032,2021-04-20,Senate,"Senate Final Passage",21,0,0,0,21
1483224,1057908,2021-04-20,Senate,"Senate Final Passage",18,3,0,0,21
1483242,1057760,2021-04-20,Assembly,"Assembly Final Passage",42,0,0,0,42
1483242,1082466,2021-05-21,Senate,"Senate Final Passage",15,6,0,0,21
1483252,1052072,2021-04-13,Assembly,"Assembly Final Passage",34,8,0,0,42
1483252,1078932,2021-05-17,Senate,"Senate Final Passage",13,8,0,0,21
1483265,1057810,2021-04-20,Assembly,"Assembly Final Passage",29,12,0,1,42
1483265,1082712,2021-05-21,Senate,"Senate Final Passage",21,0,0,0,21
1483280,1057128,2021-04-20,Senate,"Senate Final Passage",21,0,0,0,21
1483280,1082751,2021-05-21,Assembly,"Assembly Final Passage",41,0,0,1,42
1483291,1057567,2021-04-20,Senate,"Senate Final Passage",21,0,0,0,21
1483291,1082767,2021-05-21,Assembly,"Assembly Final Passage",37,4,0,1,42
1483311,1052050,2021-04-13,Senate,"Senate Final Passage",20,0,0,1,21
1483311,1079248,2021-05-18,Assembly,"Assembly Final Passage",30,11,0,1,42
1483361,1057588,2021-04-20,Assembly,"Assembly Final Passage",35,7,0,0,42
1483361,1082681,2021-05-21,Senate,"Senate Final Passage",21,0,0,0,21
1483900,1057894,2021-04-20,Senate,"Senate Final Passage",21,0,0,0,21
1483900,1082764,2021-05-21,Assembly,"Assembly Final Passage",41,0,0,1,42
1483920,1055535,2021-04-16,Assembly,"Assembly Final Passage",40,0,0,2,42
1483920,1082607,2021-05-21,Senate,"Senate Final Passage",21,0,0,0,21
1483933,1086267,2021-05-26,Assembly,"Assembly Final Passage",25,16,0,1,42
1483933,1086490,2021-05-26,Assembly,"Assembly Final Passage",26,16,0,0,42
1483933,1088690,2021-05-31,Senate,"Senate Final Passage",12,9,0,0,21
1483944,1045518,2021-04-06,Senate,"Senate Final Passage",21,0,0,0,21
1483944,1075218,2021-05-10,Assembly,"Assembly Final Passage",37,5,0,0,42
1483986,1086280,2021-05-26,Assembly,"Assembly Final Passage",41,0,0,1,42
1483986,1088924,2021-05-31,Senate,"Senate Final Passage",21,0,0,0,21
1483998,1057957,2021-04-20,Assembly,"Assembly Final Passage",40,2,0,0,42
1484015,1057877,2021-04-20,Assembly,"Assembly Final Passage",42,0,0,0,42
1484015,1082728,2021-05-21,Senate,"Senate Final Passage",21,0,0,0,21
1484060,1087807,2021-05-28,Assembly,"Assembly Final Passage",42,0,0,0,42
1484068,1058028,2021-04-20,Assembly,"Assembly Final Passage",42,0,0,0,42
1484068,1082733,2021-05-21,Senate,"Senate Final Passage",20,0,1,0,21
1484087,1057527,2021-04-20,Assembly,"Assembly Final Passage",41,0,0,1,42
1484087,1082612,2021-05-21,Senate,"Senate Final Passage",21,0,0,0,21
1484099,1057895,2021-04-20,Assembly,"Assembly Final Passage",42,0,0,0,42
1484099,1082683,2021-05-21,Senate,"Senate Final Passage",21,0,0,0,21
1484108,1088363,2021-05-30,Senate,"Senate Final Passage",20,1,0,0,21
1484108,1088946,2021-05-31,Assembly,"Assembly Final Passage",32,10,0,0,42
1484159,1057285,2021-04-20,Assembly,"Assembly Final Passage",32,9,0,1,42
1484159,1082776,2021-05-21,Senate,"Senate Final Passage",15,6,0,0,21
1484193,1053770,2021-04-14,Senate,"Senate Final Passage",21,0,0,0,21
1484193,1082639,2021-05-21,Assembly,"Assembly Final Passage",38,3,0,1,42
1484203,1054006,2021-04-15,Assembly,"Assembly Final Passage",42,0,0,0,42
1484203,1082698,2021-05-21,Senate,"Senate Final Passage",21,0,0,0,21
1484619,1080498,2021-05-19,Senate,"Senate Final Passage",21,0,0,0,21
1484619,1088826,2021-05-31,Assembly,"Assembly Final Passage",33,9,0,0,42
1484639,1054009,2021-04-15,Assembly,"Assembly Final Passage",25,17,0,0,42
1484639,1078931,2021-05-17,Senate,"Senate Final Passage",12,9,0,0,21
1484709,1080491,2021-05-19,Senate,"Senate Final Passage",20,0,1,0,21
1484709,1088829,2021-05-31,Assembly,"Assembly Final Passage",42,0,0,0,42
1484753,1084009,2021-05-24,Senate,"Senate Final Passage",21,0,0,0,21
1484753,1088583,2021-05-31,Assembly,"Assembly Final Passage",39,3,0,0,42
1484780,1057115,2021-04-20,Assembly,"Assembly Final Passage",26,16,0,0,42
1484780,1082745,2021-05-21,Senate,"Senate Final Passage",12,9,0,0,21
1484911,1057517,2021-04-20,Assembly,"Assembly Final Passage",33,9,0,0,42
1484911,1082760,2021-05-21,Senate,"Senate Final Passage",21,0,0,0,21
1484933,1057754,2021-04-20,Senate,"Senate Final Passage",21,0,0,0,21
1484933,1082596,2021-05-21,Assembly,"Assembly Final Passage",26,15,0,1,42
1484952,1057881,2021-04-20,Assembly,"Assembly Final Passage",33,9,0,0,42
1484952,1082676,2021-05-21,Senate,"Senate Final Passage",17,4,0,0,21
1485846,1086621,2021-05-27,Assembly,"Assembly Final Passage",29,12,0,1,42
1485846,1088818,2021-05-31,Senate,"Senate Final Passage",17,3,1,0,21
1485906,1055433,2021-04-16,Assembly,"Assembly Final Passage",26,14,0,2,42
1485906,1082704,2021-05-21,Senate,"Senate Final Passage",21,0,0,0,21
1486033,1057151,2021-04-20,Assembly,"Assembly Final Passage",41,1,0,0,42
1486360,1056037,2021-04-19,Senate,"Senate Final Passage",12,9,0,0,21
1486360,1082685,2021-05-21,Assembly,"Assembly Final Passage",26,15,0,1,42
1486369,1088329,2021-05-30,Senate,"Senate Final Passage",12,9,0,0,21
1486370,1054881,2021-04-15,Assembly,"Assembly Final Passage",39,3,0,0,42
1486370,1082730,2021-05-21,Senate,"Senate Final Passage",21,0,0,0,21
1486377,1065869,2021-04-29,Assembly,"Assembly Final Passage",30,12,0,0,42
1486377,1082744,2021-05-21,Senate,"Senate Final Passage",21,0,0,0,21
1486387,1055813,2021-04-19,Senate,"Senate Final Passage",21,0,0,0,21
1486387,1088964,2021-05-31,Assembly,"Assembly Final Passage",42,0,0,0,42
1486389,1058005,2021-04-20,Assembly,"Assembly Final Passage",40,2,0,0,42
1486389,1082714,2021-05-21,Senate,"Senate Final Passage",19,2,0,0,21
1486391,1088661,2021-05-31,Assembly,"Assembly Final Passage",36,6,0,0,42
1486396,1080474,2021-05-19,Senate,"Senate Final Passage",12,9,0,0,21
1486396,1088785,2021-05-31,Assembly,"Assembly Final Passage",26,16,0,0,42
1486404,1088842,2021-05-31,Assembly,"Assembly Final Passage",31,11,0,0,42
1486404,1089299,2021-05-21,Senate,"Senate Final Passage",21,0,0,0,21
1486413,1057074,2021-04-20,Senate,"Senate Final Passage",21,0,0,0,21
1486413,1082644,2021-05-21,Assembly,"Assembly Final Passage",41,0,0,1,42
1486418,1057358,2021-04-20,Senate,"Senate Final Passage",14,7,0,0,21
1486418,1082696,2021-05-21,Assembly,"Assembly Final Passage",34,7,0,1,42
1486424,1057765,2021-04-20,Senate,"Senate Final Passage",21,0,0,0,21
1486424,1082578,2021-05-21,Assembly,"Assembly Final Passage",36,5,0,1,42
1486431,1057827,2021-04-20,Assembly,"Assembly Final Passage",40,2,0,0,42
1486440,1054433,2021-04-15,Assembly,"Assembly Final Passage",34,8,0,0,42
1486440,1082634,2021-05-21,Senate,"Senate Final Passage",21,0,0,0,21
1486445,1076992,2021-05-12,Assembly,"Assembly Final Passage",26,16,0,0,42
1486445,1082665,2021-05-21,Senate,"Senate Final Passage",12,9,0,0,21
1486451,1081340,2021-05-20,Assembly,"Assembly Final Passage",39,2,1,0,42
1486451,1088725,2021-05-31,Senate,"Senate Final Passage",21,0,0,0,21
1486453,1080690,2021-05-19,Senate,"Senate Final Passage",21,0,0,0,21
1486453,1088605,2021-05-31,Assembly,"Assembly Final Passage",42,0,0,0,42
1486467,1050523,2021-04-12,Senate,"Senate Final Passage",18,3,0,0,21
1486467,1079166,2021-05-18,Assembly,"Assembly Final Passage",31,10,0,1,42
1486469,1083915,2021-05-24,Senate,"Senate Final Passage",16,5,0,0,21
1486469,1088959,2021-05-31,Assembly,"Assembly Final Passage",29,13,0,0,42
1486470,1055751,2021-04-19,Senate,"Senate Final Passage",17,4,0,0,21
1486470,1082713,2021-05-21,Assembly,"Assembly Final Passage",30,11,0,1,42
1486475,1057179,2021-04-20,Senate,"Senate Final Passage",21,0,0,0,21
1486475,1082600,2021-05-21,Assembly,"Assembly Final Passage",35,6,0,1,42
1486492,1086469,2021-05-26,Assembly,"Assembly Final Passage",41,1,0,0,42
1486492,1088696,2021-05-31,Senate,"Senate Final Passage",21,0,0,0,21
1486493,1057029,2021-04-20,Assembly,"Assembly Final Passage",29,13,0,0,42
1486493,1082731,2021-05-21,Senate,"Senate Final Passage",21,0,0,0,21
1486501,1080982,2021-05-20,Assembly,"Assembly Final Passage",31,10,0,1,42
1486501,1088515,2021-05-30,Senate,"Senate Final Passage",12,9,0,0,21
1486505,1056996,2021-04-20,Assembly,"Assembly Final Passage",39,3,0,0,42
1486505,1082752,2021-05-21,Senate,"Senate Final Passage",21,0,0,0,21
1486510,1055457,2021-04-16,Senate,"Senate Final Passage",21,0,0,0,21
1486510,1082671,2021-05-21,Assembly,"Assembly Final Passage",35,6,0,1,42
1486511,1082799,2021-05-21,Senate,"Senate Final Passage",21,0,0,0,21
1486511,1088483,2021-05-30,Assembly,"Assembly Final Passage",36,6,0,0,42
1486517,1058075,2021-04-20,Senate,"Senate Final Passage",21,0,0,0,21
1486517,1082732,2021-05-21,Assembly,"Assembly Final Passage",41,0,0,1,42
1486521,1057937,2021-04-20,Assembly,"Assembly Final Passage",42,0,0,0,42
1486521,1082715,2021-05-21,Senate,"Senate Final Passage",21,0,0,0,21
1486528,1058018,2021-04-20,Senate,"Senate Final Passage",21,0,0,0,21
1486528,1082646,2021-05-21,Assembly,"Assembly Final Passage",39,2,0,1,42
1486533,1051345,2021-04-13,Assembly,"Assembly Final Passage",42,0,0,0,42
1486533,1082770,2021-05-21,Senate,"Senate Final Passage",20,1,0,0,21
1486534,1086359,2021-05-26,Assembly,"Assembly Final Passage",30,11,0,1,42
1486534,1088679,2021-05-31,Senate,"Senate Final Passage",15,6,0,0,21
1486538,1057149,2021-04-20,Assembly,"Assembly Final Passage",42,0,0,0,42
1486538,1082766,2021-05-21,Senate,"Senate Final Passage",21,0,0,0,21
1486541,1086259,2021-05-26,Assembly,"Assembly Final Passage",25,16,0,1,42
1486541,1088693,2021-05-31,Senate,"Senate Final Passage",12,9,0,0,21
1486554,1058009,2021-04-20,Senate,"Senate Final Passage",21,0,0,0,21
1486554,1082750,2021-05-21,Assembly,"Assembly Final Passage",41,0,0,1,42
1486558,1087374,2021-05-28,Assembly,"Assembly Final Passage",33,6,0,3,42
1486558,1088887,2021-05-31,Senate,"Senate Final Passage",18,3,0,0,21
1486574,1052121,2021-04-13,Senate,"Senate Final Passage",20,0,0,1,21
1486574,1082622,2021-05-21,Assembly,"Assembly Final Passage",38,3,0,1,42
1486580,1057394,2021-04-20,Senate,"Senate Final Passage",12,9,0,0,21
1486580,1082780,2021-05-21,Assembly,"Assembly Final Passage",26,15,0,1,42
1486583,1057557,2021-04-20,Senate,"Senate Final Passage",21,0,0,0,21
1486583,1082691,2021-05-21,Assembly,"Assembly Final Passage",41,0,0,1,42
1486588,1085937,2021-05-26,Assembly,"Assembly Final Passage",25,17,0,0,42
1486588,1088879,2021-05-31,Senate,"Senate Final Passage",12,9,0,0,21
1486591,1057839,2021-04-20,Assembly,"Assembly Final Passage",42,0,0,0,42
1486591,1082675,2021-05-21,Senate,"Senate Final Passage",21,0,0,0,21
1486597,1080708,2021-05-19,Senate,"Senate Final Passage",21,0,0,0,21
1486597,1088328,2021-05-30,Assembly,"Assembly Final Passage",34,8,0,0,42
1486600,1082548,2021-05-21,Assembly,"Assembly Final Passage",32,8,1,1,42
1486600,1088631,2021-05-31,Senate,"Senate Final Passage",21,0,0,0,21
1486601,1055803,2021-04-19,Senate,"Senate Final Passage",12,9,0,0,21
1486601,1082638,2021-05-21,Assembly,"Assembly Final Passage",26,15,0,1,42
1486608,1057820,2021-04-20,Senate,"Senate Final Passage",13,8,0,0,21
1486638,1057530,2021-04-20,Senate,"Senate Final Passage",12,9,0,0,21
1486638,1082583,2021-05-21,Assembly,"Assembly Final Passage",26,15,0,1,42
1486645,1080495,2021-05-19,Senate,"Senate Final Passage",21,0,0,0,21
1486645,1088837,2021-05-31,Assembly,"Assembly Final Passage",40,2,0,0,42
1486665,1056210,2021-04-19,Senate,"Senate Final Passage",20,1,0,0,21
1486665,1082774,2021-05-21,Assembly,"Assembly Final Passage",33,8,0,1,42
1486712,1057776,2021-04-20,Senate,"Senate Final Passage",13,8,0,0,21
1486712,1082666,2021-05-21,Assembly,"Assembly Final Passage",26,15,0,1,42
1486720,1057411,2021-04-20,Senate,"Senate Final Passage",21,0,0,0,21
1486720,1082659,2021-05-21,Assembly,"Assembly Final Passage",41,0,0,1,42
1487023,1057941,2021-04-20,Assembly,"Assembly Final Passage",26,16,0,0,42
1487023,1082729,2021-05-21,Senate,"Senate Final Passage",11,10,0,0,21
1487088,1057702,2021-04-20,Assembly,"Assembly Final Passage",26,16,0,0,42
1487088,1082632,2021-05-21,Senate,"Senate Final Passage",12,9,0,0,21
1487099,1087990,2021-05-28,Assembly,"Assembly Final Passage",27,15,0,0,42
1487123,1057744,2021-04-20,Assembly,"Assembly Final Passage",42,0,0,0,42
1487134,1057542,2021-04-20,Assembly,"Assembly Final Passage",42,0,0,0,42
1487134,1082758,2021-05-21,Senate,"Senate Final Passage",21,0,0,0,21
1487157,1087938,2021-05-28,Assembly,"Assembly Final Passage",28,14,0,0,42
1487157,1088831,2021-05-31,Senate,"Senate Final Passage",13,8,0,0,21
1487183,1046347,2021-04-06,Senate,"Senate Final Passage",21,0,0,0,21
1487183,1075001,2021-05-10,Assembly,"Assembly Final Passage",42,0,0,0,42
1487193,1082798,2021-05-21,Senate,"Senate Final Passage",12,9,0,0,21
1487193,1088894,2021-05-31,Assembly,"Assembly Final Passage",31,11,0,0,42
1487220,1054057,2021-04-15,Senate,"Senate Final Passage",12,9,0,0,21
1487220,1082577,2021-05-21,Assembly,"Assembly Final Passage",35,6,0,1,42
1487231,1082781,2021-05-21,Senate,"Senate Final Passage",12,9,0,0,21
1487231,1088490,2021-05-30,Assembly,"Assembly Final Passage",26,16,0,0,42
1487245,1087434,2021-05-28,Assembly,"Assembly Final Passage",26,13,0,3,42
1487245,1088739,2021-05-31,Senate,"Senate Final Passage",12,9,0,0,21
1487666,1051836,2021-04-13,Assembly,"Assembly Final Passage",26,16,0,0,42
1487700,1057909,2021-04-20,Assembly,"Assembly Final Passage",36,6,0,0,42
1487700,1082755,2021-05-21,Senate,"Senate Final Passage",19,2,0,0,21
1487733,1054174,2021-04-15,Assembly,"Assembly Final Passage",39,3,0,0,42
1487733,1082645,2021-05-21,Senate,"Senate Final Passage",21,0,0,0,21
1487750,1057473,2021-04-20,Senate,"Senate Final Passage",13,8,0,0,21
1487766,1081364,2021-05-20,Assembly,"Assembly Final Passage",41,0,1,0,42
1487766,1088741,2021-05-31,Senate,"Senate Final Passage",21,0,0,0,21
1487826,1083996,2021-05-24,Senate,"Senate Final Passage",18,3,0,0,21
1487826,1088936,2021-05-31,Assembly,"Assembly Final Passage",28,14,0,0,42
1487843,1051419,2021-04-13,Assembly,"Assembly Final Passage",26,16,0,0,42
1487859,1052143,2021-04-13,Assembly,"Assembly Final Passage",42,0,0,0,42
1487859,1082697,2021-05-21,Senate,"Senate Final Passage",21,0,0,0,21
1487872,1057049,2021-04-20,Assembly,"Assembly Final Passage",33,9,0,0,42
1487872,1082782,2021-05-21,Senate,"Senate Final Passage",21,0,0,0,21
1488232,1057364,2021-04-20,Assembly,"Assembly Final Passage",26,16,0,0,42
1488232,1082777,2021-05-21,Senate,"Senate Final Passage",15,6,0,0,21
1488238,1054770,2021-04-15,Assembly,"Assembly Final Passage",42,0,0,0,42
1488238,1078646,2021-05-17,Senate,"Senate Final Passage",21,0,0,0,21
1488248,1057996,2021-04-20,Assembly,"Assembly Final Passage",41,1,0,0,42
1488248,1082773,2021-05-21,Senate,"Senate Final Passage",21,0,0,0,21
1488270,1050623,2021-04-12,Senate,"Senate Final Passage",21,0,0,0,21
1488270,1082641,2021-05-21,Assembly,"Assembly Final Passage",36,5,0,1,42
1488276,1055983,2021-04-19,Senate,"Senate Final Passage",19,2,0,0,21
1488276,1082625,2021-05-21,Assembly,"Assembly Final Passage",35,6,0,1,42
1488298,1055541,2021-04-16,Senate,"Senate Final Passage",12,9,0,0,21
1488298,1082763,2021-05-21,Assembly,"Assembly Final Passage",26,15,0,1,42
1488310,1082754,2021-05-21,Senate,"Senate Final Passage",21,0,0,0,21
1488310,1088977,2021-05-31,Assembly,"Assembly Final Passage",42,0,0,0,42
1488321,1085806,2021-05-26,Senate,"Senate Final Passage",21,0,0,0,21
1488321,1088742,2021-05-31,Assembly,"Assembly Final Passage",42,0,0,0,42
1488341,1055497,2021-04-16,Senate,"Senate Final Passage",21,0,0,0,21
1488341,1082601,2021-05-21,Assembly,"Assembly Final Passage",36,5,0,1,42
1488348,1057825,2021-04-20,Assembly,"Assembly Final Passage",27,15,0,0,42
1488348,1082690,2021-05-21,Senate,"Senate Final Passage",16,5,0,0,21
1488355,1052044,2021-04-13,Senate,"Senate Final Passage",20,0,0,1,21
1488355,1082702,2021-05-21,Assembly,"Assembly Final Passage",41,0,0,1,42
1488369,1057871,2021-04-20,Senate,"Senate Final Passage",16,5,0,0,21
1488369,1082718,2021-05-21,Assembly,"Assembly Final Passage",32,9,0,1,42
1488386,1052168,2021-04-13,Senate,"Senate Final Passage",20,0,0,1,21
1488386,1082693,2021-05-21,Assembly,"Assembly Final Passage",39,2,0,1,42
1488390,1055770,2021-04-19,Assembly,"Assembly Final Passage",41,1,0,0,42
1488390,1078836,2021-05-17,Senate,"Senate Final Passage",21,0,0,0,21
1488398,1055538,2021-04-16,Assembly,"Assembly Final Passage",40,0,0,2,42
1488398,1082779,2021-05-21,Senate,"Senate Final Passage",21,0,0,0,21
1488409,1051615,2021-04-13,Senate,"Senate Final Passage",20,0,0,1,21
1488409,1082746,2021-05-21,Assembly,"Assembly Final Passage",41,0,0,1,42
1488416,1051570,2021-04-13,Assembly,"Assembly Final Passage",36,6,0,0,42
1488416,1082792,2021-05-21,Senate,"Senate Final Passage",17,4,0,0,21
1488422,1058039,2021-04-20,Assembly,"Assembly Final Passage",26,16,0,0,42
1488422,1082785,2021-05-21,Senate,"Senate Final Passage",19,2,0,0,21
1488424,1078941,2021-05-17,Assembly,"Assembly Final Passage",42,0,0,0,42
1488424,1085619,2021-05-26,Senate,"Senate Final Passage",21,0,0,0,21
1488458,1088488,2021-05-29,Senate,"Senate Final Passage",21,0,0,0,21
1488458,1089794,2021-05-31,Assembly,"Assembly Final Passage",33,9,0,0,42
1488468,1057892,2021-04-20,Senate,"Senate Final Passage",21,0,0,0,21
1488468,1082720,2021-05-21,Assembly,"Assembly Final Passage",37,4,0,1,42
1488482,1052177,2021-04-13,Senate,"Senate Final Passage",20,0,0,1,21
1488482,1082769,2021-05-21,Assembly,"Assembly Final Passage",37,4,0,1,42
1488489,1083974,2021-05-24,Senate,"Senate Final Passage",21,0,0,0,21
1488489,1088973,2021-05-31,Assembly,"Assembly Final Passage",42,0,0,0,42
1488499,1058045,2021-04-20,Senate,"Senate Final Passage",17,4,0,0,21
1488499,1082768,2021-05-21,Assembly,"Assembly Final Passage",39,2,0,1,42
1488507,1052078,2021-04-13,Senate,"Senate Final Passage",20,0,0,1,21
1488507,1082682,2021-05-21,Assembly,"Assembly Final Passage",35,6,0,1,42
1488526,1055875,2021-04-19,Assembly,"Assembly Final Passage",41,1,0,0,42
1488526,1082689,2021-05-21,Senate,"Senate Final Passage",21,0,0,0,21
1488531,1054295,2021-04-15,Senate,"Senate Final Passage",21,0,0,0,21
1488531,1082705,2021-05-21,Assembly,"Assembly Final Passage",26,15,0,1,42
1488535,1086381,2021-05-26,Assembly,"Assembly Final Passage",41,0,0,1,42
1488535,1088581,2021-05-31,Senate,"Senate Final Passage",21,0,0,0,21
1488540,1086852,2021-05-26,Assembly,"Assembly Final Passage",42,0,0,0,42
1488540,1088525,2021-05-30,Senate,"Senate Final Passage",21,0,0,0,21
1488549,1085507,2021-05-26,Assembly,"Assembly Final Passage",32,10,0,0,42
1488549,1088793,2021-05-31,Senate,"Senate Final Passage",21,0,0,0,21
1488559,1057563,2021-04-20,Assembly,"Assembly Final Passage",41,1,0,0,42
1488559,1078692,2021-05-17,Senate,"Senate Final Passage",21,0,0,0,21
1488563,1057866,2021-04-20,Assembly,"Assembly Final Passage",33,9,0,0,42
1488563,1082788,2021-05-21,Senate,"Senate Final Passage",21,0,0,0,21
1488568,1051791,2021-04-13,Assembly,"Assembly Final Passage",42,0,0,0,42
1488568,1082703,2021-05-21,Senate,"Senate Final Passage",21,0,0,0,21
1488573,1057443,2021-04-20,Assembly,"Assembly Final Passage",42,0,0,0,42
1488573,1078267,2021-05-14,Senate,"Senate Final Passage",21,0,0,0,21
1488582,1053517,2021-04-14,Assembly,"Assembly Final Passage",40,2,0,0,42
1488582,1082657,2021-05-21,Senate,"Senate Final Passage",21,0,0,0,21
1488590,1057882,2021-04-20,Assembly,"Assembly Final Passage",42,0,0,0,42
1488590,1078277,2021-05-14,Senate,"Senate Final Passage",21,0,0,0,21
1488814,1050904,2021-04-12,Assembly,"Assembly Final Passage",42,0,0,0,42
1488814,1078440,2021-05-17,Senate,"Senate Final Passage",21,0,0,0,21
1488817,1057596,2021-04-20,Assembly,"Assembly Final Passage",30,12,0,0,42
1488817,1082686,2021-05-21,Senate,"Senate Final Passage",17,4,0,0,21
1488820,1080497,2021-05-19,Senate,"Senate Final Passage",12,9,0,0,21
1488820,1088633,2021-05-31,Assembly,"Assembly Final Passage",26,16,0,0,42
1488832,1057532,2021-04-20,Senate,"Senate Final Passage",20,1,0,0,21
1488832,1082617,2021-05-21,Assembly,"Assembly Final Passage",35,6,0,1,42
1488846,1086456,2021-05-26,Assembly,"Assembly Final Passage",30,11,0,1,42
1488846,1088662,2021-05-31,Senate,"Senate Final Passage",18,3,0,0,21
1488850,1057943,2021-04-20,Assembly,"Assembly Final Passage",42,0,0,0,42
1488850,1082790,2021-05-21,Senate,"Senate Final Passage",21,0,0,0,21
1488857,1055844,2021-04-19,Senate,"Senate Final Passage",12,9,0,0,21
1488857,1082619,2021-05-21,Assembly,"Assembly Final Passage",33,8,0,1,42
1488861,1054107,2021-04-15,Assembly,"Assembly Final Passage",40,2,0,0,42
1488861,1078274,2021-05-14,Senate,"Senate Final Passage",21,0,0,0,21
1488892,1057140,2021-04-20,Senate,"Senate Final Passage",21,0,0,0,21
1488892,1082626,2021-05-21,Assembly,"Assembly Final Passage",41,0,0,1,42
1488907,1085837,2021-05-26,Senate,"Senate Final Passage",21,0,0,0,21
1488907,1088569,2021-05-31,Assembly,"Assembly Final Passage",33,9,0,0,42
1488910,1064700,2021-04-28,Assembly,"Assembly Final Passage",41,1,0,0,42
1488910,1082791,2021-05-21,Senate,"Senate Final Passage",20,1,0,0,21
1488924,1088057,2021-05-28,Assembly,"Assembly Final Passage",26,16,0,0,42
1488924,1088564,2021-05-31,Senate,"Senate Final Passage",12,9,0,0,21
1488929,1053777,2021-04-14,Senate,"Senate Final Passage",21,0,0,0,21
1488929,1082656,2021-05-21,Assembly,"Assembly Final Passage",37,4,0,1,42
1488935,1052033,2021-04-13,Senate,"Senate Final Passage",20,0,0,1,21
1488935,1082658,2021-05-21,Assembly,"Assembly Final Passage",41,0,0,1,42
1488955,1057869,2021-04-20,Senate,"Senate Final Passage",21,0,0,0,21
1488961,1051172,2021-04-12,Senate,"Senate Final Passage",21,0,0,0,21
1488961,1075150,2021-05-10,Assembly,"Assembly Final Passage",37,5,0,0,42
1488965,1080494,2021-05-19,Senate,"Senate Final Passage",21,0,0,0,21
1488965,1088885,2021-05-31,Assembly,"Assembly Final Passage",42,0,0,0,42
1488977,1078917,2021-05-17,Senate,"Senate Final Passage",21,0,0,0,21
1488977,1088615,2021-05-31,Assembly,"Assembly Final Passage",42,0,0,0,42
1488980,1050373,2021-04-12,Assembly,"Assembly Final Passage",42,0,0,0,42
1488980,1082684,2021-05-21,Senate,"Senate Final Passage",21,0,0,0,21
1488985,1086126,2021-05-26,Senate,"Senate Final Passage",12,9,0,0,21
1488985,1088358,2021-05-30,Assembly,"Assembly Final Passage",26,16,0,0,42
1489024,1051347,2021-04-13,Senate,"Senate Final Passage",20,0,0,1,21
1489024,1082595,2021-05-21,Assembly,"Assembly Final Passage",35,6,0,1,42
1489025,1057807,2021-04-20,Senate,"Senate Final Passage",21,0,0,0,21
1489025,1082734,2021-05-21,Assembly,"Assembly Final Passage",32,9,0,1,42
1489026,1088379,2021-05-30,Senate,"Senate Final Passage",21,0,0,0,21
1489026,1088960,2021-05-31,Assembly,"Assembly Final Passage",40,2,0,0,42
1489028,1083265,2021-05-24,Senate,"Senate Final Passage",19,2,0,0,21
1489028,1088951,2021-05-31,Assembly,"Assembly Final Passage",35,7,0,0,42
1489032,1052157,2021-04-13,Senate,"Senate Final Passage",20,0,0,1,21
1489032,1082611,2021-05-21,Assembly,"Assembly Final Passage",41,0,0,1,42
1489034,1057836,2021-04-20,Senate,"Senate Final Passage",17,4,0,0,21
1489036,1056194,2021-04-19,Senate,"Senate Final Passage",21,0,0,0,21
1489036,1082669,2021-05-21,Assembly,"Assembly Final Passage",40,1,0,1,42
1489249,1058017,2021-04-20,Assembly,"Assembly Final Passage",38,4,0,0,42
1489249,1078914,2021-05-17,Senate,"Senate Final Passage",21,0,0,0,21
1489266,1057799,2021-04-20,Assembly,"Assembly Final Passage",26,16,0,0,42
1489266,1082783,2021-05-21,Senate,"Senate Final Passage",12,9,0,0,21
1489306,1087718,2021-05-28,Assembly,"Assembly Final Passage",42,0,0,0,42
1489306,1088684,2021-05-31,Senate,"Senate Final Passage",18,3,0,0,21
1489350,1087576,2021-05-28,Assembly,"Assembly Final Passage",33,6,0,3,42
1489350,1088707,2021-05-31,Senate,"Senate Final Passage",21,0,0,0,21
1489370,1057847,2021-04-20,Assembly,"Assembly Final Passage",41,1,0,0,42
1489370,1082743,2021-05-21,Senate,"Senate Final Passage",21,0,0,0,21
1489389,1080627,2021-05-19,Assembly,"Assembly Final Passage",31,11,0,0,42
1489389,1088904,2021-05-31,Senate,"Senate Final Passage",19,2,0,0,21
1489809,1051473,2021-04-13,Senate,"Senate Final Passage",20,0,0,1,21
1489809,1082737,2021-05-21,Assembly,"Assembly Final Passage",33,8,0,1,42
1490660,1056027,2021-04-19,Senate,"Senate Final Passage",21,0,0,0,21
1490660,1082740,2021-05-21,Assembly,"Assembly Final Passage",41,0,0,1,42
1491912,1058024,2021-04-20,Senate,"Senate Final Passage",21,0,0,0,21
1491912,1082742,2021-05-21,Assembly,"Assembly Final Passage",32,9,0,1,42
1492610,1077266,2021-05-13,Assembly,"Assembly Final Passage",36,6,0,0,42
1492610,1088109,2021-05-29,Senate,"Senate Final Passage",21,0,0,0,21
1492632,1077496,2021-05-13,Assembly,"Assembly Final Passage",36,6,0,0,42
1492632,1088076,2021-05-29,Senate,"Senate Final Passage",21,0,0,0,21
1492652,1077314,2021-05-13,Assembly,"Assembly Final Passage",35,7,0,0,42
1492652,1088107,2021-05-29,Senate,"Senate Final Passage",21,0,0,0,21
1492672,1082800,2021-05-21,Assembly,"Assembly Final Passage",41,0,0,1,42
1492672,1088192,2021-05-29,Senate,"Senate Final Passage",21,0,0,0,21
1492693,1080526,2021-05-19,Assembly,"Assembly Final Passage",26,16,0,0,42
1492693,1084091,2021-05-25,Senate,"Senate Final Passage",15,6,0,0,21
1492711,1077475,2021-05-13,Assembly,"Assembly Final Passage",36,6,0,0,42
1492711,1088086,2021-05-29,Senate,"Senate Final Passage",21,0,0,0,21
1492731,1065912,2021-04-29,Assembly,"Assembly Final Passage",26,16,0,0,42
1492731,1082784,2021-05-21,Senate,"Senate Final Passage",17,4,0,0,21
1492750,1076551,2021-05-12,Assembly,"Assembly Final Passage",28,14,0,0,42
1492750,1082749,2021-05-21,Senate,"Senate Final Passage",21,0,0,0,21
1492768,1077452,2021-05-13,Assembly,"Assembly Final Passage",37,5,0,0,42
1492768,1088213,2021-05-29,Senate,"Senate Final Passage",21,0,0,0,21
1492784,1077671,2021-05-13,Assembly,"Assembly Final Passage",36,6,0,0,42
1492784,1088116,2021-05-29,Senate,"Senate Final Passage",21,0,0,0,21
1495817,1077400,2021-05-13,Assembly,"Assembly Final Passage",37,5,0,0,42
1495817,1088234,2021-05-29,Senate,"Senate Final Passage",21,0,0,0,21
1500359,1079477,2021-05-18,Senate,"Senate Final Passage",17,3,0,1,21
1500359,1087401,2021-05-28,Assembly,"Assembly Final Passage",35,5,0,2,42
1500364,1079251,2021-05-18,Senate,"Senate Final Passage",17,3,0,1,21
1500364,1087571,2021-05-28,Assembly,"Assembly Final Passage",34,5,0,3,42
1500373,1080677,2021-05-19,Senate,"Senate Final Passage",21,0,0,0,21
1500373,1087510,2021-05-28,Assembly,"Assembly Final Passage",32,10,0,0,42
1500383,1084626,2021-05-25,Senate,"Senate Final Passage",21,0,0,0,21
1500383,1088399,2021-05-30,Assembly,"Assembly Final Passage",36,6,0,0,42
1500393,1079481,2021-05-18,Senate,"Senate Final Passage",17,3,0,1,21
1500393,1087388,2021-05-28,Assembly,"Assembly Final Passage",32,7,0,3,42
1500405,1079495,2021-05-18,Senate,"Senate Final Passage",20,0,0,1,21
1500405,1087658,2021-05-28,Assembly,"Assembly Final Passage",33,6,0,3,42
1500413,1083676,2021-05-24,Senate,"Senate Final Passage",21,0,0,0,21
1500413,1088419,2021-05-30,Assembly,"Assembly Final Passage",37,5,0,0,42
1500424,1079179,2021-05-18,Senate,"Senate Final Passage",20,0,0,1,21
1500424,1087692,2021-05-28,Assembly,"Assembly Final Passage",34,6,0,2,42
1500432,1079392,2021-05-18,Senate,"Senate Final Passage",20,0,0,1,21
1500432,1087663,2021-05-28,Assembly,"Assembly Final Passage",32,7,0,3,42
1500441,1079506,2021-05-18,Senate,"Senate Final Passage",20,0,0,1,21
1500441,1087448,2021-05-28,Assembly,"Assembly Final Passage",33,6,0,3,42
1504384,1083582,2021-05-24,Senate,"Senate Final Passage",12,9,0,0,21
1504384,1088456,2021-05-30,Assembly,"Assembly Final Passage",26,15,0,1,42
1504450,1078945,2021-05-17,Assembly,"Assembly Final Passage",36,6,0,0,42
1504450,1088254,2021-05-29,Senate,"Senate Final Passage",20,1,0,0,21
1504484,1080433,2021-05-19,Assembly,"Assembly Final Passage",37,5,0,0,42
1504484,1084779,2021-05-25,Senate,"Senate Final Passage",21,0,0,0,21
1504523,1078693,2021-05-17,Assembly,"Assembly Final Passage",36,6,0,0,42
1504523,1088251,2021-05-29,Senate,"Senate Final Passage",21,0,0,0,21
1504825,1079475,2021-05-18,Senate,"Senate Final Passage",19,1,0,1,21
1504825,1086691,2021-05-27,Assembly,"Assembly Final Passage",35,6,0,1,42
1504833,1077698,2021-05-13,Assembly,"Assembly Final Passage",36,6,0,0,42
1504833,1088514,2021-05-30,Senate,"Senate Final Passage",21,0,0,0,21
1504850,1079219,2021-05-18,Senate,"Senate Final Passage",20,0,0,1,21
1504850,1088384,2021-05-30,Assembly,"Assembly Final Passage",39,3,0,0,42
1504865,1083689,2021-05-24,Senate,"Senate Final Passage",21,0,0,0,21
1504865,1088356,2021-05-30,Assembly,"Assembly Final Passage",34,8,0,0,42
1504867,1079476,2021-05-18,Senate,"Senate Final Passage",20,0,0,1,21
1504867,1086617,2021-05-27,Assembly,"Assembly Final Passage",37,4,0,1,42
1504885,1077463,2021-05-13,Assembly,"Assembly Final Passage",35,7,0,0,42
1504885,1088236,2021-05-29,Senate,"Senate Final Passage",21,0,0,0,21
1504890,1079470,2021-05-18,Senate,"Senate Final Passage",19,1,0,1,21
1504890,1086848,2021-05-27,Assembly,"Assembly Final Passage",35,6,0,1,42
1504901,1080542,2021-05-19,Senate,"Senate Final Passage",21,0,0,0,21
1504901,1087364,2021-05-28,Assembly,"Assembly Final Passage",37,5,0,0,42
1504903,1080469,2021-05-19,Assembly,"Assembly Final Passage",33,9,0,0,42
1504903,1084082,2021-05-25,Senate,"Senate Final Passage",21,0,0,0,21
1504920,1077696,2021-05-13,Assembly,"Assembly Final Passage",37,5,0,0,42
1504920,1088114,2021-05-29,Senate,"Senate Final Passage",21,0,0,0,21
1504931,1077470,2021-05-13,Assembly,"Assembly Final Passage",37,5,0,0,42
1504931,1088248,2021-05-29,Senate,"Senate Final Passage",21,0,0,0,21
1504941,1078922,2021-05-17,Senate,"Senate Final Passage",21,0,0,0,21
1504941,1088461,2021-05-30,Assembly,"Assembly Final Passage",38,4,0,0,42
1504951,1080693,2021-05-19,Senate,"Senate Final Passage",21,0,0,0,21
1504951,1087649,2021-05-28,Assembly,"Assembly Final Passage",38,3,0,1,42
1504960,1079372,2021-05-18,Senate,"Senate Final Passage",17,3,0,1,21
1504960,1087661,2021-05-28,Assembly,"Assembly Final Passage",36,6,0,0,42
1504972,1077694,2021-05-13,Assembly,"Assembly Final Passage",35,7,0,0,42
1504972,1088118,2021-05-29,Senate,"Senate Final Passage",21,0,0,0,21
1504977,1079474,2021-05-18,Senate,"Senate Final Passage",20,0,0,1,21
1504977,1087394,2021-05-28,Assembly,"Assembly Final Passage",36,6,0,0,42
1504994,1077471,2021-05-13,Assembly,"Assembly Final Passage",36,6,0,0,42
1504994,1088242,2021-05-29,Senate,"Senate Final Passage",21,0,0,0,21
1505007,1077440,2021-05-13,Assembly,"Assembly Final Passage",35,7,0,0,42
1505007,1088241,2021-05-29,Senate,"Senate Final Passage",21,0,0,0,21
1505010,1077457,2021-05-13,Assembly,"Assembly Final Passage",36,6,0,0,42
1505010,1088521,2021-05-30,Senate,"Senate Final Passage",21,0,0,0,21
1505976,1080631,2021-05-19,Senate,"Senate Final Passage",12,9,0,0,21
1505976,1080910,2021-05-19,Senate,"Senate Final Passage",14,7,0,0,21
1505976,1088797,2021-05-31,Assembly,"Assembly Final Passage",26,16,0,0,42
1505976,1088798,2021-05-31,Assembly,"Assembly Final Passage",26,16,0,0,42
1505990,1079133,2021-05-18,Senate,"Senate Final Passage",20,0,0,1,21
1505990,1088390,2021-05-30,Assembly,"Assembly Final Passage",39,3,0,0,42
1506009,1086121,2021-05-26,Assembly,"Assembly Final Passage",41,1,0,0,42
1506009,1088212,2021-05-29,Senate,"Senate Final Passage",21,0,0,0,21
1506049,1079467,2021-05-18,Senate,"Senate Final Passage",19,1,0,1,21
1506049,1088465,2021-05-30,Assembly,"Assembly Final Passage",37,5,0,0,42
1506070,1079478,2021-05-18,Senate,"Senate Final Passage",17,3,0,1,21
1506070,1088450,2021-05-30,Assembly,"Assembly Final Passage",32,10,0,0,42
1506089,1077625,2021-05-13,Assembly,"Assembly Final Passage",39,3,0,0,42
1506089,1088101,2021-05-29,Senate,"Senate Final Passage",21,0,0,0,21
1506109,1077302,2021-05-13,Assembly,"Assembly Final Passage",36,6,0,0,42
1506109,1082753,2021-05-21,Senate,"Senate Final Passage",21,0,0,0,21
1506130,1079209,2021-05-18,Senate,"Senate Final Passage",20,0,0,1,21
1506130,1088402,2021-05-30,Assembly,"Assembly Final Passage",38,4,0,0,42
1506151,1079140,2021-05-18,Senate,"Senate Final Passage",20,0,0,1,21
1506151,1088382,2021-05-30,Assembly,"Assembly Final Passage",39,3,0,0,42
1506171,1079261,2021-05-18,Senate,"Senate Final Passage",17,3,0,1,21
1506171,1086910,2021-05-27,Assembly,"Assembly Final Passage",31,10,0,1,42
1506891,1079428,2021-05-18,Senate,"Senate Final Passage",20,0,0,1,21
1506891,1088862,2021-05-31,Assembly,"Assembly Final Passage",36,6,0,0,42
1507485,1086505,2021-05-27,Senate,"Senate Final Passage",13,8,0,0,21
1507485,1087492,2021-05-28,Senate,"Senate Final Passage",21,0,0,0,21
1507485,1088354,2021-05-30,Assembly,"Assembly Final Passage",26,16,0,0,42
1507502,1085795,2021-05-26,Senate,"Senate Final Passage",21,0,0,0,21
1507502,1088586,2021-05-31,Assembly,"Assembly Final Passage",42,0,0,0,42
1507520,1081367,2021-05-20,Senate,"Senate Final Passage",15,4,0,2,21
1507520,1088458,2021-05-30,Assembly,"Assembly Final Passage",42,0,0,0,42
1507540,1079239,2021-05-18,Senate,"Senate Final Passage",20,0,0,1,21
1507540,1082545,2021-05-21,Assembly,"Assembly Final Passage",41,0,0,1,42
1507558,1079391,2021-05-18,Senate,"Senate Final Passage",11,9,0,1,21
1507558,1088479,2021-05-30,Assembly,"Assembly Final Passage",26,16,0,0,42
1507584,1083982,2021-05-24,Senate,"Senate Final Passage",21,0,0,0,21
1507584,1088408,2021-05-30,Assembly,"Assembly Final Passage",37,5,0,0,42
1507605,1078268,2021-05-14,Senate,"Senate Final Passage",20,1,0,0,21
1507605,1082603,2021-05-21,Assembly,"Assembly Final Passage",36,5,0,1,42
1507626,1080365,2021-05-19,Assembly,"Assembly Final Passage",36,6,0,0,42
1507626,1084699,2021-05-25,Senate,"Senate Final Passage",21,0,0,0,21
1508367,1080516,2021-05-19,Assembly,"Assembly Final Passage",41,0,1,0,42
1508367,1084095,2021-05-25,Senate,"Senate Final Passage",21,0,0,0,21
1508420,1082654,2021-05-21,Assembly,"Assembly Final Passage",36,5,0,1,42
1508420,1088103,2021-05-29,Senate,"Senate Final Passage",20,0,1,0,21
1508892,1082787,2021-05-21,Senate,"Senate Final Passage",21,0,0,0,21
1508892,1088596,2021-05-31,Assembly,"Assembly Final Passage",32,10,0,0,42
1508961,1080471,2021-05-19,Senate,"Senate Final Passage",21,0,0,0,21
1508961,1087712,2021-05-28,Assembly,"Assembly Final Passage",39,3,0,0,42
1509027,1080672,2021-05-19,Senate,"Senate Final Passage",21,0,0,0,21
1509027,1087711,2021-05-28,Assembly,"Assembly Final Passage",42,0,0,0,42
1509035,1086468,2021-05-26,Assembly,"Assembly Final Passage",26,16,0,0,42
1509035,1088217,2021-05-29,Senate,"Senate Final Passage",17,4,0,0,21
1509289,1082339,2021-05-20,Senate,"Senate Final Passage",19,0,0,2,21
1509289,1088391,2021-05-30,Assembly,"Assembly Final Passage",36,6,0,0,42
1509714,1086158,2021-05-26,Senate,"Senate Final Passage",21,0,0,0,21
1509714,1088232,2021-05-29,Assembly,"Assembly Final Passage",35,5,0,2,42
1509776,1082358,2021-05-20,Senate,"Senate Final Passage",16,4,0,1,21
1509776,1088376,2021-05-30,Assembly,"Assembly Final Passage",31,11,0,0,42
1510143,1085616,2021-05-26,Senate,"Senate Final Passage",11,10,0,0,21
1510519,1086901,2021-05-26,Assembly,"Assembly Final Passage",42,0,0,0,42
1510519,1088137,2021-05-29,Senate,"Senate Final Passage",21,0,0,0,21
1510728,1083720,2021-05-24,Senate,"Senate Final Passage",21,0,0,0,21
1510728,1088466,2021-05-30,Assembly,"Assembly Final Passage",42,0,0,0,42
1511112,1086607,2021-05-27,Assembly,"Assembly Final Passage",29,12,0,1,42
1511112,1088544,2021-05-31,Senate,"Senate Final Passage",17,4,0,0,21
1511147,1086491,2021-05-26,Assembly,"Assembly Final Passage",42,0,0,0,42
1511147,1088186,2021-05-29,Senate,"Senate Final Passage",21,0,0,0,21
1511167,1083989,2021-05-24,Senate,"Senate Final Passage",21,0,0,0,21
1511167,1088440,2021-05-30,Assembly,"Assembly Final Passage",35,7,0,0,42
1511586,1084169,2021-05-25,Senate,"Senate Final Passage",21,0,0,0,21
1511586,1088983,2021-05-31,Assembly,"Assembly Final Passage",37,5,0,0,42
1511933,1085470,2021-05-26,Senate,"Senate Final Passage",21,0,0,0,21
1511933,1088337,2021-05-30,Assembly,"Assembly Final Passage",42,0,0,0,42
1511939,1086641,2021-05-26,Assembly,"Assembly Final Passage",26,16,0,0,42
1511939,1088520,2021-05-30,Senate,"Senate Final Passage",12,9,0,0,21
1511946,1086841,2021-05-27,Senate,"Senate Final Passage",16,5,0,0,21
1511946,1088522,2021-05-30,Assembly,"Assembly Final Passage",26,15,0,1,42
1511954,1086197,2021-05-26,Assembly,"Assembly Final Passage",41,0,0,1,42
1511954,1086198,2021-05-26,Senate,"Senate Final Passage",21,0,0,0,21
1512180,1086774,2021-05-26,Assembly,"Assembly Final Passage",36,6,0,0,42
1512180,1088698,2021-05-31,Senate,"Senate Final Passage",21,0,0,0,21
1512581,1087464,2021-05-28,Senate,"Senate Final Passage",18,3,0,0,21
1512581,1088112,2021-05-29,Assembly,"Assembly Final Passage",35,5,0,2,42
1512589,1086753,2021-05-27,Assembly,"Assembly Final Passage",34,7,0,1,42
1512589,1088892,2021-05-31,Senate,"Senate Final Passage",17,4,0,0,21
1512595,1087088,2021-05-27,Assembly,"Assembly Final Passage",25,16,0,1,42
1512595,1088512,2021-05-30,Senate,"Senate Final Passage",12,9,0,0,21
1512603,1087635,2021-05-28,Assembly,"Assembly Final Passage",33,6,0,3,42
1512603,1088519,2021-05-30,Senate,"Senate Final Passage",21,0,0,0,21
1513306,1088499,2021-05-30,Senate,"Senate Final Passage",21,0,0,0,21
1513306,1088571,2021-05-31,Assembly,"Assembly Final Passage",36,5,0,1,42
1513491,1088496,2021-05-30,Senate,"Senate Final Passage",21,0,0,0,21
1513491,1088888,2021-05-31,Assembly,"Assembly Final Passage",36,5,0,1,42
1513502,1088629,2021-05-31,Assembly,"Assembly Final Passage",28,14,0,0,42
1513502,1088630,2021-05-31,Senate,"Senate Final Passage",16,5,0,0,21
1513503,1088944,2021-05-31,Assembly,"Assembly Final Passage",42,0,0,0,42
1513503,1088945,2021-05-31,Senate,"Senate Final Passage",21,0,0,0,21
