bill_id,session_id,bill_number,status,status_desc,status_date,title,description,committee_id,committee,last_action_date,last_action,url,state_link
887215,1266,AB1,4,Passed,2016-10-17,"Enacts the Clark County Crime Prevention Act of 2016. (BDR S-10)","Enacts the Clark County Crime Prevention Act of 2016. (BDR S-10)",0,,2016-10-17,"Approved by the Governor. Chapter 1.",https://legiscan.com/NV/bill/AB1/2016/X1,http://www.leg.state.nv.us/Session/30th2016Special/Reports/history.cfm?ID=7
887213,1266,AR1,4,Passed,2016-10-11,"Provides for the appointment of attaches. (BDR R-4)","Provides for the appointment of attaches. (BDR R-4)",0,,2016-10-11,"File No. 6.",https://legiscan.com/NV/bill/AR1/2016/X1,http://www.leg.state.nv.us/Session/30th2016Special/Reports/history.cfm?ID=5
887218,1266,AR2,4,Passed,2016-10-11,"Provides that no allowances will be paid for the 30th Special Session of the Nevada Legislature for periodicals, stamps, stationery or communications. (BDR R-6)","Provides that no allowances will be paid for the 30th Special Session of the Nevada Legislature for periodicals, stamps, stationery or communications. (BDR R-6)",0,,2016-10-11,"File No. 7.",https://legiscan.com/NV/bill/AR2/2016/X1,http://www.leg.state.nv.us/Session/30th2016Special/Reports/history.cfm?ID=6
887280,1266,AR3,4,Passed,2016-10-14,"Provides for the appointment of an additional attache for the Assembly. (BDR R-14)","Provides for the appointment of an additional attache for the Assembly. (BDR R-14)",0,,2016-10-14,"File No. 8.",https://legiscan.com/NV/bill/AR3/2016/X1,http://www.leg.state.nv.us/Session/30th2016Special/Reports/history.cfm?ID=9
887214,1266,ACR1,4,Passed,2016-10-11,"Adopts the Joint Rules of the Senate and Assembly for the 30th Special Session of the Nevada Legislature. (BDR R-1)","Adopts the Joint Rules of the Senate and Assembly for the 30th Special Session of the Nevada Legislature. (BDR R-1)",0,,2016-10-11,"File No. 5.",https://legiscan.com/NV/bill/ACR1/2016/X1,http://www.leg.state.nv.us/Session/30th2016Special/Reports/history.cfm?ID=1
887217,1266,SB1,4,Passed,2016-10-17,"Enacts the Southern Nevada Tourism Improvements Act. (BDR S-9)","Enacts the Southern Nevada Tourism Improvements Act. (BDR S-9)",0,,2016-10-17,"Approved by the Governor. Chapter 2.",https://legiscan.com/NV/bill/SB1/2016/X1,http://www.leg.state.nv.us/Session/30th2016Special/Reports/history.cfm?ID=8
887220,1266,SR1,4,Passed,2016-10-11,"Adopts the Rules of the Senate for the 30th Special Session of the Nevada Legislature. (BDR R-2)","Adopts the Rules of the Senate for the 30th Special Session of the Nevada Legislature. (BDR R-2)",0,,2016-10-11,"File No. 1.",https://legiscan.com/NV/bill/SR1/2016/X1,http://www.leg.state.nv.us/Session/30th2016Special/Reports/history.cfm?ID=2
887219,1266,SR2,4,Passed,2016-10-11,"Provides that no allowances will be paid for the 30th Special Session of the Nevada Legislature for periodicals, stamps, stationery or communications. (BDR R-5)","Provides that no allowances will be paid for the 30th Special Session of the Nevada Legislature for periodicals, stamps, stationery or communications. (BDR R-5)",0,,2016-10-11,"File No. 2.",https://legiscan.com/NV/bill/SR2/2016/X1,http://www.leg.state.nv.us/Session/30th2016Special/Reports/history.cfm?ID=3
887216,1266,SR3,4,Passed,2016-10-11,"Recognizes the appointment of the Senate staff. (BDR R-3)","Recognizes the appointment of the Senate staff. (BDR R-3)",0,,2016-10-11,"File No. 3.",https://legiscan.com/NV/bill/SR3/2016/X1,http://www.leg.state.nv.us/Session/30th2016Special/Reports/history.cfm?ID=4
887274,1266,SR4,4,Passed,2016-10-11,"Expresses and explains the public policy governing the legislative ethics provisions of the Rules of the Senate. (BDR R-15)","Expresses and explains the public policy governing the legislative ethics provisions of the Rules of the Senate. (BDR R-15)",0,,2016-10-11,"File No. 4.",https://legiscan.com/NV/bill/SR4/2016/X1,http://www.leg.state.nv.us/Session/30th2016Special/Reports/history.cfm?ID=10
