bill_id,date,chamber,sequence,action
887213,2016-10-09,Assembly,1,"Prefiled. To printer."
887213,2016-10-10,Assembly,2,"From printer."
887213,2016-10-10,Assembly,3,"Resolution read and adopted."
887213,2016-10-10,Assembly,4,"To enrollment."
887213,2016-10-11,Assembly,5,"Enrolled and delivered to Secretary of State."
887213,2016-10-11,Assembly,6,"File No. 6."
887214,2016-10-09,Assembly,1,"Prefiled. To printer."
887214,2016-10-10,Assembly,2,"From printer."
887214,2016-10-10,Assembly,3,"Resolution read and adopted. To Senate."
887214,2016-10-10,Senate,4,"In Senate."
887214,2016-10-10,Senate,5,"Resolution read and adopted. To Assembly."
887214,2016-10-10,Assembly,6,"In Assembly. To enrollment."
887214,2016-10-11,Assembly,7,"Enrolled and delivered to Secretary of State."
887214,2016-10-11,Assembly,8,"File No. 5."
887215,2016-10-09,Assembly,1,"Prefiled. Referred to Committee of the Whole. To printer."
887215,2016-10-10,Assembly,2,"From printer."
887215,2016-10-10,Assembly,3,"Read first time. To committee."
887215,2016-10-13,Assembly,4,"From committee: Amend, and do pass as amended."
887215,2016-10-13,Assembly,5,"Declared an emergency measure under the Constitution."
887215,2016-10-13,Assembly,6,"Read third time. Amended. (Amend. No. 7.)"
887215,2016-10-13,Assembly,7,"Dispensed with reprinting."
887215,2016-10-13,Assembly,8,"Read third time. Passed, as amended. Title approved, as amended.  (Yeas: 35, Nays: 7.)"
887215,2016-10-13,Assembly,9,"To printer."
887215,2016-10-13,Assembly,10,"From printer. To engrossment. Engrossed. First reprint ."
887215,2016-10-13,Assembly,11,"To Senate."
887215,2016-10-13,Senate,12,"In Senate."
887215,2016-10-13,Senate,13,"Read first time. Referred to Committee of the Whole. To committee."
887215,2016-10-13,Senate,14,"From committee: Do pass."
887215,2016-10-13,Senate,15,"Declared an emergency measure under the Constitution."
887215,2016-10-13,Senate,16,"Read third time."
887215,2016-10-13,Senate,17,"Passed. Title approved."
887215,2016-10-13,Senate,18,"To Assembly."
887215,2016-10-14,Assembly,19,"In Assembly. To enrollment."
887215,2016-10-14,Assembly,20,"Enrolled and delivered to Governor."
887215,2016-10-17,Assembly,21,"Approved by the Governor. Chapter 1."
887216,2016-10-09,Senate,1,"Prefiled. To printer."
887216,2016-10-10,Senate,2,"From printer."
887216,2016-10-10,Senate,3,"Resolution read and adopted."
887216,2016-10-10,Senate,4,"To enrollment."
887216,2016-10-11,Senate,5,"Enrolled and delivered to Secretary of State."
887216,2016-10-11,Senate,6,"File No. 3."
887217,2016-10-09,Senate,1,"Prefiled. Referred to Committee of the Whole. To printer."
887217,2016-10-10,Senate,2,"From printer."
887217,2016-10-10,Senate,3,"Read first time."
887217,2016-10-10,Senate,4,"To committee."
887217,2016-10-11,Senate,5,"From committee: Amend, and do pass as amended."
887217,2016-10-11,Senate,6,"Declared an emergency measure under the Constitution."
887217,2016-10-11,Senate,7,"Read third time. Amended. (Amend. No. 4.)"
887217,2016-10-11,Senate,8,"Reprinting dispensed with."
887217,2016-10-11,Senate,9,"Read third time. Passed, as amended. Title approved.  (Yeas: 16, Nays: 5.)"
887217,2016-10-11,Senate,10,"To printer."
887217,2016-10-12,Senate,11,"From printer. To engrossment. Engrossed. First reprint . To Assembly."
887217,2016-10-13,Assembly,12,"In Assembly."
887217,2016-10-13,Assembly,13,"Read first time."
887217,2016-10-13,Assembly,14,"Referred to Committee of the Whole."
887217,2016-10-13,Assembly,15,"To committee."
887217,2016-10-14,Assembly,16,"From committee: Amend, and do pass as amended."
887217,2016-10-14,Assembly,17,"Declared an emergency measure under the Constitution."
887217,2016-10-14,Assembly,18,"Read third time. Amended. (Amend. No. 12.)"
887217,2016-10-14,Assembly,19,"Dispensed with reprinting."
887217,2016-10-14,Assembly,20,"Read third time. Passed, as amended. Title approved.  (Yeas: 28, Nays: 13, Excused: 1.)"
887217,2016-10-14,Assembly,21,"To printer."
887217,2016-10-14,Assembly,22,"From printer. To reengrossment. Reengrossed. Second reprint ."
887217,2016-10-14,Assembly,23,"To Senate."
887217,2016-10-14,Senate,24,"In Senate."
887217,2016-10-14,Senate,25,"Assembly Amendment No. 12 concurred in. To enrollment."
887217,2016-10-14,Senate,26,"Enrolled and delivered to Governor."
887217,2016-10-17,Senate,27,"Approved by the Governor. Chapter 2."
887218,2016-10-09,Assembly,1,"Prefiled. To printer."
887218,2016-10-10,Assembly,2,"From printer."
887218,2016-10-10,Assembly,3,"Resolution read and adopted."
887218,2016-10-10,Assembly,4,"To enrollment."
887218,2016-10-11,Assembly,5,"Enrolled and delivered to Secretary of State."
887218,2016-10-11,Assembly,6,"File No. 7."
887219,2016-10-09,Senate,1,"Prefiled. To printer."
887219,2016-10-10,Senate,2,"From printer."
887219,2016-10-10,Senate,3,"Resolution read and adopted."
887219,2016-10-10,Senate,4,"To enrollment."
887219,2016-10-11,Senate,5,"Enrolled and delivered to Secretary of State."
887219,2016-10-11,Senate,6,"File No. 2."
887220,2016-10-09,Senate,1,"Prefiled. To printer."
887220,2016-10-10,Senate,2,"From printer."
887220,2016-10-10,Senate,3,"Resolution read and adopted."
887220,2016-10-10,Senate,4,"To enrollment."
887220,2016-10-11,Senate,5,"Enrolled and delivered to Secretary of State."
887220,2016-10-11,Senate,6,"File No. 1."
887274,2016-10-11,Senate,1,"Resolution read and adopted. To printer."
887274,2016-10-11,Senate,2,"From printer. To enrollment."
887274,2016-10-11,Senate,3,"Enrolled and delivered to Secretary of State."
887274,2016-10-11,Senate,4,"File No. 4."
887280,2016-10-11,Assembly,1,"Resolution read and adopted. To printer."
887280,2016-10-12,Assembly,2,"From printer. To enrollment."
887280,2016-10-14,Assembly,3,"Enrolled and delivered to Secretary of State."
887280,2016-10-14,Assembly,4,"File No. 8."
