bill_id,session_id,bill_number,status,status_desc,status_date,title,description,committee_id,committee,last_action_date,last_action,url,state_link
1374985,1761,AB1,4,Passed,2020-08-02,"Ratifies certain technical corrections made to NRS and Statutes of Nevada. (BDR S-12)","AN ACT relating to statutes; ratifying certain technical corrections made to sections of NRS and Statutes of Nevada; and providing other matters properly relating thereto.",0,,2020-08-02,"Approved by the Governor. Chapter 1.",https://legiscan.com/NV/bill/AB1/2020/X2,https://www.leg.state.nv.us/App/NELIS/REL/32nd2020Special/Bill/7140/Overview
1374989,1761,AB2,4,Passed,2020-08-02,"Revises and clarifies provisions relating to the Legislative Department of the State Government. (BDR 17-17)","AN ACT relating to the Legislative Department of the State Government; enacting provisions governing the use by certain committees of remote-technology systems for conducting committee meetings during the public-health crisis caused by the COVID-19 pandemic; providing for the publication of certain joint resolutions proposing amendments to the Nevada Constitution under certain circumstances; revising and clarifying provisions governing the organization, operation and personnel of the Legislative Counsel Bureau; providing penalties; and providing other matters properly relating thereto.",0,,2020-08-02,"Approved by the Governor. Chapter 2.",https://legiscan.com/NV/bill/AB2/2020/X2,https://www.leg.state.nv.us/App/NELIS/REL/32nd2020Special/Bill/7141/Overview
1374992,1761,AB3,4,Passed,2020-08-07,"Makes various changes relating to public safety. (BDR 14-14)","AN ACT relating to public safety; authorizing a person to record law enforcement activity in certain circumstances; revising provisions relating to the use of physical force by a peace officer; requiring a peace officer to intervene to prevent the use of unjustified physical force by another peace officer in certain circumstances and to report the observation of the use of unjustified physical force by another peace officer; requiring law enforcement agencies to adopt a written policy regarding the drug and alcohol testing of a peace officer in certain circumstances; providing that the newly effective provisions of law reducing the maximum period of probation or suspension of sentence that may be imposed upon a person apply to persons sentenced on or after July 1, 2020; requiring law enforcement agencies to provide a report to the Legislature containing certain information relating to traffic stops and other stops by law enforcement officers and the software used to process certain information during such traffic stops and other stops; and providing other matters properly relating thereto.",0,,2020-08-07,"Approved by the Governor. Chapter 4.",https://legiscan.com/NV/bill/AB3/2020/X2,https://www.leg.state.nv.us/App/NELIS/REL/32nd2020Special/Bill/7142/Overview
1375034,1761,AB4,4,Passed,2020-08-03,"Revises provisions relating to elections. (BDR 24-13)","AN ACT relating to elections; enacting provisions for conducting elections adversely affected by certain emergencies or disasters; revising provisions governing election procedures for absent ballots, mailing ballots and other mail ballots; making various other changes relating to elections; prohibiting certain unlawful acts relating to elections; providing for the transfer, disbursement and use of certain funds to pay certain expenses relating to elections; providing penalties; and providing other matters properly relating thereto.",0,,2020-08-03,"Approved by the Governor. Chapter 3.",https://legiscan.com/NV/bill/AB4/2020/X2,https://www.leg.state.nv.us/App/NELIS/REL/32nd2020Special/Bill/7150/Overview
1374983,1761,AR1,4,Passed,2020-08-02,"Amends the Standing Rules of the Assembly of the 80th Session of the Nevada Legislature. (BDR R-23)","Amending the Standing Rules of the Assembly of the 80th Session of the Nevada Legislature.",0,,2020-08-02,"File No. 4.",https://legiscan.com/NV/bill/AR1/2020/X2,https://www.leg.state.nv.us/App/NELIS/REL/32nd2020Special/Bill/7144/Overview
1374988,1761,AR2,4,Passed,2020-08-02,"Provides for the appointment of the Assembly attaches. (BDR R-4)","Providing for the appointment of the Assembly attaches.",0,,2020-08-02,"File No. 5.",https://legiscan.com/NV/bill/AR2/2020/X2,https://www.leg.state.nv.us/App/NELIS/REL/32nd2020Special/Bill/7148/Overview
1374990,1761,AR3,4,Passed,2020-08-02,"Provides that no allowances will be paid for the 32nd Special Session of the Nevada Legislature for periodicals, stamps, stationery or communications. (BDR R-6)","Providing that no allowances will be paid for the 32nd Special Session of the Nevada Legislature for periodicals, stamps, stationery or communications.",0,,2020-08-02,"File No. 6.",https://legiscan.com/NV/bill/AR3/2020/X2,https://www.leg.state.nv.us/App/NELIS/REL/32nd2020Special/Bill/7149/Overview
1375277,1761,AR4,4,Passed,2020-08-06,"Expresses appreciation to the Assembly staff for their service during the 32nd Special Session of the Nevada Legislature. (BDR R-19)","Expressing appreciation to the Assembly staff for their service during the 32nd Special Session of the Nevada Legislature.",0,,2020-08-06,"File No. 11.",https://legiscan.com/NV/bill/AR4/2020/X2,https://www.leg.state.nv.us/App/NELIS/REL/32nd2020Special/Bill/7160/Overview
1374986,1761,ACR1,4,Passed,2020-08-02,"Adopts the Joint Rules of the Senate and Assembly for the 32nd Special Session of the Nevada Legislature. (BDR R-1)","Adopting the Joint Rules of the Senate and Assembly for the 32nd Special Session of the Nevada Legislature.",0,,2020-08-02,"File No. 7.",https://legiscan.com/NV/bill/ACR1/2020/X2,https://www.leg.state.nv.us/App/NELIS/REL/32nd2020Special/Bill/7143/Overview
1375037,1761,AJR1,4,Passed,2020-08-02,"Proposes to amend the Nevada Constitution to revise provisions governing the taxation of mines, mining claims and the proceeds of minerals extracted in this State. (BDR C-25)","Proposing to amend the Nevada Constitution to revise provisions governing the taxation of mines, mining claims and the proceeds of minerals extracted in this State.",0,,2020-08-02,"File No. 9.",https://legiscan.com/NV/bill/AJR1/2020/X2,https://www.leg.state.nv.us/App/NELIS/REL/32nd2020Special/Bill/7151/Overview
1375076,1761,AJR2,4,Passed,2020-08-02,"Proposes to amend the Nevada Constitution to revise provisions governing the rate of the tax upon the net proceeds of minerals extracted in this State. (BDR C-29)","Proposing to amend the Nevada Constitution to revise provisions governing the rate of the tax upon the net proceeds of minerals extracted in this State.",0,,2020-08-02,"File No. 10.",https://legiscan.com/NV/bill/AJR2/2020/X2,https://www.leg.state.nv.us/App/NELIS/REL/32nd2020Special/Bill/7154/Overview
1374991,1761,SB1,4,Passed,2020-08-07,"Authorizes certain courts to grant a stay for certain evictions. (BDR 3-26)","AN ACT relating to property; authorizing certain courts to grant a stay in certain proceedings concerning eviction; and providing other matters properly relating thereto.",0,,2020-08-07,"Approved by the Governor. Chapter 5.",https://legiscan.com/NV/bill/SB1/2020/X2,https://www.leg.state.nv.us/App/NELIS/REL/32nd2020Special/Bill/7139/Overview
1375075,1761,SB2,4,Passed,2020-08-07,"Revises provisions relating to peace officers. (BDR 23-11)","AN ACT relating to peace officers; eliminating the prohibition on the use of a peace officer&#39;s compelled statement in a civil case; revising provisions regarding when a law enforcement agency may initiate an investigation into the alleged misconduct of a peace officer; revising provisions relating to the reassignment of a peace officer who is under investigation; authorizing a peace officer or representative to inspect certain evidence and submit a response after the conclusion of an investigation; revising provisions requiring the dismissal of civil and administrative proceedings against a peace officer under certain circumstances; and providing other matters properly relating thereto.",0,,2020-08-07,"Approved by the Governor. Chapter 6.",https://legiscan.com/NV/bill/SB2/2020/X2,https://www.leg.state.nv.us/App/NELIS/REL/32nd2020Special/Bill/7153/Overview
1375077,1761,SB3,4,Passed,2020-08-07,"Revises provisions relating to unemployment compensation. (BDR 53-10)","AN ACT relating to unemployment compensation; authorizing the electronic transmission of certain documents and communications relating to unemployment compensation; revising the procedures for the adoption of an emergency regulation by the Administrator of the Employment Security Division of the Department of Employment, Training and Rehabilitation; revising provisions relating to eligibility for unemployment benefits in certain circumstances; authorizing the Administrator to suspend, modify, amend or waive certain requirements under certain circumstances; revising provisions governing the payment of unemployment benefits for an extended period and increasing the total extended benefits payable under certain circumstances; revising provisions relating to disqualification for unemployment compensation; and providing other matters properly relating thereto.",0,,2020-08-07,"Approved by the Governor. Chapter 7.",https://legiscan.com/NV/bill/SB3/2020/X2,https://www.leg.state.nv.us/App/NELIS/REL/32nd2020Special/Bill/7155/Overview
1375123,1761,SB4,4,Passed,2020-08-11,"Revises provisions relating to public health. (BDR 40-16)","AN ACT relating to public health; providing certain powers and duties in certain circumstances to a district health department in certain larger counties relating to public health in licensed gaming establishments; requiring the Department of Health and Human Services to establish minimum standards for cleaning in public accommodation facilities in certain counties; requiring the Department to adopt regulations requiring such a facility to adopt protocols and plans concerning the prevention of and response to SARS-CoV-2; providing for inspection of such facilities for compliance with such requirements; limiting the civil liability of certain businesses conducted for profit, governmental entities and private nonprofit organizations for personal injury or death resulting from exposure to COVID-19; authorizing the Secretary of State to suspend the state business license of a person that does not comply with certain health standards related to COVID-19; requiring the transfer of certain money to certain health districts for enforcement purposes; making an appropriation; and providing other matters properly relating thereto.",0,,2020-08-11,"Approved by the Governor. Chapter 8.",https://legiscan.com/NV/bill/SB4/2020/X2,https://www.leg.state.nv.us/App/NELIS/REL/32nd2020Special/Bill/7156/Overview
1374987,1761,SR1,3,Enrolled,2020-08-02,"Adopts the Rules of the Senate for the 32nd Special Session of the Nevada Legislature. (BDR R-2)","Adopting the Rules of the Senate for the 32nd Special Session of the Nevada Legislature.",0,,2020-08-02,"Enrolled and delivered to Secretary of State. File No. 1.",https://legiscan.com/NV/bill/SR1/2020/X2,https://www.leg.state.nv.us/App/NELIS/REL/32nd2020Special/Bill/7145/Overview
1374984,1761,SR2,3,Enrolled,2020-08-02,"Provides that no allowances will be paid for the 32nd Special Session of the Nevada Legislature for periodicals, stamps, stationery or communications. (BDR R-5)","Providing that no allowances will be paid for the 32nd Special Session of the Nevada Legislature for periodicals, stamps, stationery or communications.",0,,2020-08-02,"Enrolled and delivered to Secretary of State. File No. 2.",https://legiscan.com/NV/bill/SR2/2020/X2,https://www.leg.state.nv.us/App/NELIS/REL/32nd2020Special/Bill/7146/Overview
1374993,1761,SR3,3,Enrolled,2020-08-02,"Recognizes the appointment of the Senate staff. (BDR R-3)","Recognizing the appointment of the Senate staff.",0,,2020-08-02,"Enrolled and delivered to Secretary of State. File No. 3.",https://legiscan.com/NV/bill/SR3/2020/X2,https://www.leg.state.nv.us/App/NELIS/REL/32nd2020Special/Bill/7147/Overview
1375285,1761,SR4,3,Enrolled,2020-08-06,"Expresses appreciation to the Senate staff for their service during the 32nd Special Session of the Nevada Legislature. (BDR R-21)","Expressing appreciation to the Senate staff for their service during the 32nd Special Session of the Nevada Legislature.",0,,2020-08-06,"Enrolled and delivered to Secretary of State. File No. 14.",https://legiscan.com/NV/bill/SR4/2020/X2,https://www.leg.state.nv.us/App/NELIS/REL/32nd2020Special/Bill/7159/Overview
1375276,1761,SCR1,3,Enrolled,2020-08-06,"Urges certain actions to address the public health crisis in Nevada. (BDR R-28)","Urging certain actions to address the public health crisis caused by systemic racism and greatly magnified by the COVID-19 pandemic in Nevada.",0,,2020-08-06,"Enrolled and delivered to Secretary of State. File No. 12.",https://legiscan.com/NV/bill/SCR1/2020/X2,https://www.leg.state.nv.us/App/NELIS/REL/32nd2020Special/Bill/7157/Overview
1375294,1761,SCR2,3,Enrolled,2020-08-06,"Expresses appreciation to the staff of the Legislative Counsel Bureau for their service during the 32nd Special Session of the Nevada Legislature. (BDR R-18)","Expressing appreciation to the staff of the Legislative Counsel Bureau for their service during the 32nd Special Session of the Nevada Legislature.",0,,2020-08-06,"Enrolled and delivered to Secretary of State. File No. 13.",https://legiscan.com/NV/bill/SCR2/2020/X2,https://www.leg.state.nv.us/App/NELIS/REL/32nd2020Special/Bill/7158/Overview
1375035,1761,SJR1,3,Enrolled,2020-08-02,"Proposes to amend the Nevada Constitution to revise provisions governing the taxation of minerals extracted in this State. (BDR C-27)","Proposing to amend the Nevada Constitution to revise provisions governing the taxation of minerals extracted in this State and to require the Legislature to provide by law for a program to make payments to eligible persons in this State from a portion of the tax on the proceeds of minerals.",0,,2020-08-02,"Enrolled and delivered to Secretary of State. File No. 8.",https://legiscan.com/NV/bill/SJR1/2020/X2,https://www.leg.state.nv.us/App/NELIS/REL/32nd2020Special/Bill/7152/Overview
