bill_id,document_id,document_type,document_size,document_mime,document_desc,url,state_link
1374985,2203161,text,358624,application/pdf,Introduced,https://legiscan.com/NV/text/AB1/id/2203161,https://www.leg.state.nv.us/Session/32nd2020Special/Bills/AB/AB1.pdf
1374985,2203356,text,343751,application/pdf,Enrolled,https://legiscan.com/NV/text/AB1/id/2203356,https://www.leg.state.nv.us/Session/32nd2020Special/Bills/AB/AB1_EN.pdf
1374989,2203162,text,402412,application/pdf,Introduced,https://legiscan.com/NV/text/AB2/id/2203162,https://www.leg.state.nv.us/Session/32nd2020Special/Bills/AB/AB2.pdf
1374989,2203278,text,405488,application/pdf,Amended,https://legiscan.com/NV/text/AB2/id/2203278,https://www.leg.state.nv.us/Session/32nd2020Special/Bills/AB/AB2_R1.pdf
1374989,2203357,text,393414,application/pdf,Enrolled,https://legiscan.com/NV/text/AB2/id/2203357,https://www.leg.state.nv.us/Session/32nd2020Special/Bills/AB/AB2_EN.pdf
1374992,2203164,text,365566,application/pdf,Introduced,https://legiscan.com/NV/text/AB3/id/2203164,https://www.leg.state.nv.us/Session/32nd2020Special/Bills/AB/AB3.pdf
1374992,2203324,text,376263,application/pdf,Amended,https://legiscan.com/NV/text/AB3/id/2203324,https://www.leg.state.nv.us/Session/32nd2020Special/Bills/AB/AB3_R1.pdf
1374992,2203431,text,344284,application/pdf,Enrolled,https://legiscan.com/NV/text/AB3/id/2203431,https://www.leg.state.nv.us/Session/32nd2020Special/Bills/AB/AB3_EN.pdf
1375034,2203242,text,690056,application/pdf,Introduced,https://legiscan.com/NV/text/AB4/id/2203242,https://www.leg.state.nv.us/Session/32nd2020Special/Bills/AB/AB4.pdf
1375034,2203280,text,698683,application/pdf,Amended,https://legiscan.com/NV/text/AB4/id/2203280,https://www.leg.state.nv.us/Session/32nd2020Special/Bills/AB/AB4_R1.pdf
1375034,2203360,text,663616,application/pdf,Enrolled,https://legiscan.com/NV/text/AB4/id/2203360,https://www.leg.state.nv.us/Session/32nd2020Special/Bills/AB/AB4_EN.pdf
1374983,2203274,text,411144,application/pdf,Introduced,https://legiscan.com/NV/text/AR1/id/2203274,https://www.leg.state.nv.us/Session/32nd2020Special/Bills/AR/AR1.pdf
1374983,2203344,text,368087,application/pdf,Enrolled,https://legiscan.com/NV/text/AR1/id/2203344,https://www.leg.state.nv.us/Session/32nd2020Special/Bills/AR/AR1_EN.pdf
1374988,2203281,text,127549,application/pdf,Introduced,https://legiscan.com/NV/text/AR2/id/2203281,https://www.leg.state.nv.us/Session/32nd2020Special/Bills/AR/AR2.pdf
1374988,2203349,text,117306,application/pdf,Enrolled,https://legiscan.com/NV/text/AR2/id/2203349,https://www.leg.state.nv.us/Session/32nd2020Special/Bills/AR/AR2_EN.pdf
1374990,2203279,text,126204,application/pdf,Introduced,https://legiscan.com/NV/text/AR3/id/2203279,https://www.leg.state.nv.us/Session/32nd2020Special/Bills/AR/AR3.pdf
1374990,2203350,text,115535,application/pdf,Enrolled,https://legiscan.com/NV/text/AR3/id/2203350,https://www.leg.state.nv.us/Session/32nd2020Special/Bills/AR/AR3_EN.pdf
1375277,2203577,text,134187,application/pdf,Introduced,https://legiscan.com/NV/text/AR4/id/2203577,https://www.leg.state.nv.us/Session/32nd2020Special/Bills/AR/AR4.pdf
1375277,2203578,text,122830,application/pdf,Enrolled,https://legiscan.com/NV/text/AR4/id/2203578,https://www.leg.state.nv.us/Session/32nd2020Special/Bills/AR/AR4_EN.pdf
1374986,2203275,text,272433,application/pdf,Introduced,https://legiscan.com/NV/text/ACR1/id/2203275,https://www.leg.state.nv.us/Session/32nd2020Special/Bills/ACR/ACR1.pdf
1374986,2203345,text,264094,application/pdf,Enrolled,https://legiscan.com/NV/text/ACR1/id/2203345,https://www.leg.state.nv.us/Session/32nd2020Special/Bills/ACR/ACR1_EN.pdf
1375037,2203245,text,225323,application/pdf,Introduced,https://legiscan.com/NV/text/AJR1/id/2203245,https://www.leg.state.nv.us/Session/32nd2020Special/Bills/AJR/AJR1.pdf
1375037,2203362,text,214335,application/pdf,Enrolled,https://legiscan.com/NV/text/AJR1/id/2203362,https://www.leg.state.nv.us/Session/32nd2020Special/Bills/AJR/AJR1_EN.pdf
1375076,2203364,text,212866,application/pdf,Introduced,https://legiscan.com/NV/text/AJR2/id/2203364,https://www.leg.state.nv.us/Session/32nd2020Special/Bills/AJR/AJR2.pdf
1375076,2203365,text,200915,application/pdf,Enrolled,https://legiscan.com/NV/text/AJR2/id/2203365,https://www.leg.state.nv.us/Session/32nd2020Special/Bills/AJR/AJR2_EN.pdf
1374991,2203163,text,222336,application/pdf,Introduced,https://legiscan.com/NV/text/SB1/id/2203163,https://www.leg.state.nv.us/Session/32nd2020Special/Bills/SB/SB1.pdf
1374991,2203461,text,213611,application/pdf,Enrolled,https://legiscan.com/NV/text/SB1/id/2203461,https://www.leg.state.nv.us/Session/32nd2020Special/Bills/SB/SB1_EN.pdf
1375075,2203323,text,252366,application/pdf,Introduced,https://legiscan.com/NV/text/SB2/id/2203323,https://www.leg.state.nv.us/Session/32nd2020Special/Bills/SB/SB2.pdf
1375075,2203495,text,241969,application/pdf,Enrolled,https://legiscan.com/NV/text/SB2/id/2203495,https://www.leg.state.nv.us/Session/32nd2020Special/Bills/SB/SB2_EN.pdf
1375077,2203363,text,437124,application/pdf,Introduced,https://legiscan.com/NV/text/SB3/id/2203363,https://www.leg.state.nv.us/Session/32nd2020Special/Bills/SB/SB3.pdf
1375077,2203457,text,446627,application/pdf,Amended,https://legiscan.com/NV/text/SB3/id/2203457,https://www.leg.state.nv.us/Session/32nd2020Special/Bills/SB/SB3_R1.pdf
1375077,2203494,text,407186,application/pdf,Enrolled,https://legiscan.com/NV/text/SB3/id/2203494,https://www.leg.state.nv.us/Session/32nd2020Special/Bills/SB/SB3_EN.pdf
1375123,2203456,text,472372,application/pdf,Introduced,https://legiscan.com/NV/text/SB4/id/2203456,https://www.leg.state.nv.us/Session/32nd2020Special/Bills/SB/SB4.pdf
1375123,2203551,text,473327,application/pdf,Amended,https://legiscan.com/NV/text/SB4/id/2203551,https://www.leg.state.nv.us/Session/32nd2020Special/Bills/SB/SB4_R1.pdf
1375123,2203591,text,460617,application/pdf,Amended,https://legiscan.com/NV/text/SB4/id/2203591,https://www.leg.state.nv.us/Session/32nd2020Special/Bills/SB/SB4_R2.pdf
1375123,2203592,text,449088,application/pdf,Enrolled,https://legiscan.com/NV/text/SB4/id/2203592,https://www.leg.state.nv.us/Session/32nd2020Special/Bills/SB/SB4_EN.pdf
1374987,2203277,text,335056,application/pdf,Introduced,https://legiscan.com/NV/text/SR1/id/2203277,https://www.leg.state.nv.us/Session/32nd2020Special/Bills/SR/SR1.pdf
1374987,2203348,text,305995,application/pdf,Enrolled,https://legiscan.com/NV/text/SR1/id/2203348,https://www.leg.state.nv.us/Session/32nd2020Special/Bills/SR/SR1_EN.pdf
1374984,2203276,text,126165,application/pdf,Introduced,https://legiscan.com/NV/text/SR2/id/2203276,https://www.leg.state.nv.us/Session/32nd2020Special/Bills/SR/SR2.pdf
1374984,2203347,text,114992,application/pdf,Enrolled,https://legiscan.com/NV/text/SR2/id/2203347,https://www.leg.state.nv.us/Session/32nd2020Special/Bills/SR/SR2_EN.pdf
1374993,2203282,text,127053,application/pdf,Introduced,https://legiscan.com/NV/text/SR3/id/2203282,https://www.leg.state.nv.us/Session/32nd2020Special/Bills/SR/SR3.pdf
1374993,2203320,text,114721,application/pdf,Enrolled,https://legiscan.com/NV/text/SR3/id/2203320,https://www.leg.state.nv.us/Session/32nd2020Special/Bills/SR/SR3_EN.pdf
1375285,2203579,text,131748,application/pdf,Introduced,https://legiscan.com/NV/text/SR4/id/2203579,https://www.leg.state.nv.us/Session/32nd2020Special/Bills/SR/SR4.pdf
1375285,2203718,text,121654,application/pdf,Enrolled,https://legiscan.com/NV/text/SR4/id/2203718,https://www.leg.state.nv.us/Session/32nd2020Special/Bills/SR/SR4_EN.pdf
1375276,2203554,text,140927,application/pdf,Introduced,https://legiscan.com/NV/text/SCR1/id/2203554,https://www.leg.state.nv.us/Session/32nd2020Special/Bills/SCR/SCR1.pdf
1375276,2203593,text,127538,application/pdf,Enrolled,https://legiscan.com/NV/text/SCR1/id/2203593,https://www.leg.state.nv.us/Session/32nd2020Special/Bills/SCR/SCR1_EN.pdf
1375294,2203580,text,135452,application/pdf,Introduced,https://legiscan.com/NV/text/SCR2/id/2203580,https://www.leg.state.nv.us/Session/32nd2020Special/Bills/SCR/SCR2.pdf
1375294,2203581,text,121796,application/pdf,Enrolled,https://legiscan.com/NV/text/SCR2/id/2203581,https://www.leg.state.nv.us/Session/32nd2020Special/Bills/SCR/SCR2_EN.pdf
1375035,2203243,text,225580,application/pdf,Introduced,https://legiscan.com/NV/text/SJR1/id/2203243,https://www.leg.state.nv.us/Session/32nd2020Special/Bills/SJR/SJR1.pdf
