bill_id,date,chamber,sequence,action
1374983,2020-07-31,Assembly,1,"Resolution read and adopted. To printer."
1374983,2020-08-01,Assembly,2,"From printer. To enrollment."
1374983,2020-08-02,Assembly,3,"Enrolled and delivered to Secretary of State."
1374983,2020-08-02,Assembly,4,"File No. 4."
1374984,2020-07-31,Senate,1,"Resolution read and adopted. To printer."
1374984,2020-08-01,Senate,2,"From printer. To enrollment."
1374984,2020-08-02,Senate,3,"Enrolled and delivered to Secretary of State. File No. 2."
1374985,2020-07-30,Assembly,1,Prefiled.
1374985,2020-07-30,Assembly,2,"Referred to Committee of the Whole."
1374985,2020-07-30,Assembly,3,"To printer."
1374985,2020-07-31,Assembly,4,"From printer."
1374985,2020-07-31,Assembly,5,"Read first time. To committee."
1374985,2020-07-31,Assembly,6,"From committee: Do pass."
1374985,2020-07-31,Assembly,7,"Declared an emergency measure under the Constitution."
1374985,2020-07-31,Assembly,8,"Read third time. Passed. Title approved. (Yeas: 31, Nays: 10, Excused: 1.) To Senate."
1374985,2020-07-31,Senate,9,"In Senate."
1374985,2020-07-31,Senate,10,"Read first time. Referred to Committee of the Whole. To committee."
1374985,2020-07-31,Senate,11,"From committee. Do pass."
1374985,2020-08-01,Senate,12,"Read second time."
1374985,2020-08-02,Senate,13,"Read third time. Passed. Title approved. (Yeas: 18, Nays: 3.) To Assembly."
1374985,2020-08-02,Assembly,14,"In Assembly. To enrollment."
1374985,2020-08-02,Assembly,15,"Enrolled and delivered to Governor."
1374985,2020-08-02,Assembly,16,"Approved by the Governor. Chapter 1."
1374986,2020-07-31,Assembly,1,"Resolution read and adopted. To Senate."
1374986,2020-07-31,Senate,2,"In Senate."
1374986,2020-07-31,Senate,3,"Resolution read and adopted. To Assembly."
1374986,2020-07-31,Assembly,4,"In Assembly. To printer."
1374986,2020-07-31,Assembly,5,"From printer. To enrollment."
1374986,2020-08-02,Assembly,6,"Enrolled and delivered to Secretary of State."
1374986,2020-08-02,Assembly,7,"File No. 7."
1374987,2020-07-31,Senate,1,"Resolution read and adopted. To printer."
1374987,2020-08-01,Senate,2,"From printer. To enrollment."
1374987,2020-08-02,Senate,3,"Enrolled and delivered to Secretary of State. File No. 1."
1374988,2020-07-31,Assembly,1,"Resolution read and adopted. To printer."
1374988,2020-08-01,Assembly,2,"From printer. To enrollment."
1374988,2020-08-02,Assembly,3,"Enrolled and delivered to Secretary of State."
1374988,2020-08-02,Assembly,4,"File No. 5."
1374989,2020-07-30,Assembly,1,Prefiled.
1374989,2020-07-30,Assembly,2,"Referred to Committee of the Whole."
1374989,2020-07-30,Assembly,3,"To printer."
1374989,2020-07-31,Assembly,4,"From printer."
1374989,2020-07-31,Assembly,5,"Read first time. To committee."
1374989,2020-07-31,Assembly,6,"From committee: Amend, and do pass as amended."
1374989,2020-07-31,Assembly,7,"Declared an emergency measure under the Constitution."
1374989,2020-07-31,Assembly,8,"Read third time. Amended. (Amend. No. 1.) Dispensed with reprinting."
1374989,2020-07-31,Assembly,9,"Read third time. Passed, as amended. Title approved, as amended. (Yeas: 40, Nays: 1, Excused: 1.)"
1374989,2020-07-31,Assembly,10,"To printer."
1374989,2020-07-31,Assembly,11,"From printer. To engrossment. Engrossed. First reprint."
1374989,2020-07-31,Assembly,12,"To Senate."
1374989,2020-07-31,Senate,13,"In Senate."
1374989,2020-07-31,Senate,14,"Read first time. Referred to Committee of the Whole. To committee."
1374989,2020-07-31,Senate,15,"From committee: Do pass."
1374989,2020-08-01,Senate,16,"Read second time."
1374989,2020-08-02,Senate,17,"Read third time. Passed. Title approved. (Yeas: 15, Nays: 6.) To Assembly."
1374989,2020-08-02,Assembly,18,"In Assembly. To enrollment."
1374989,2020-08-02,Assembly,19,"Enrolled and delivered to Governor."
1374989,2020-08-02,Assembly,20,"Approved by the Governor. Chapter 2."
1374990,2020-07-31,Assembly,1,"Resolution read and adopted. To printer."
1374990,2020-08-01,Assembly,2,"From printer. To enrollment."
1374990,2020-08-02,Assembly,3,"Enrolled and delivered to Secretary of State."
1374990,2020-08-02,Assembly,4,"File No. 6."
1374991,2020-07-30,Senate,1,"Prefiled. Referred to Committee of the Whole. To printer."
1374991,2020-07-31,Senate,2,"From printer. Read first time. To committee."
1374991,2020-07-31,Senate,3,"From committee: Do pass."
1374991,2020-08-01,Senate,4,"Read second time."
1374991,2020-08-02,Senate,5,"Read third time. Passed. Title approved. (Yeas: 18, Nays: 3.) To Assembly."
1374991,2020-08-03,Assembly,6,"In Assembly."
1374991,2020-08-03,Assembly,7,"Read first time. Referred to Committee of the Whole."
1374991,2020-08-03,Assembly,8,"To committee."
1374991,2020-08-03,Assembly,9,"From committee: Do pass."
1374991,2020-08-03,Assembly,10,"Declared an emergency measure under the Constitution."
1374991,2020-08-03,Assembly,11,"Read third time. Passed. Title approved. (Yeas: 38, Nays: 4.) To Senate."
1374991,2020-08-03,Senate,12,"In Senate. To enrollment."
1374991,2020-08-05,Senate,13,"Enrolled and delivered to Governor."
1374991,2020-08-07,Senate,14,"Approved by the Governor. Chapter 5."
1374992,2020-07-30,Assembly,1,Prefiled.
1374992,2020-07-30,Assembly,2,"Referred to Committee of the Whole."
1374992,2020-07-30,Assembly,3,"To printer."
1374992,2020-07-31,Assembly,4,"From printer."
1374992,2020-07-31,Assembly,5,"Read first time."
1374992,2020-07-31,Assembly,6,"Placed on Chief Clerk's desk."
1374992,2020-08-01,Assembly,7,"Rereferred to Committee of the Whole."
1374992,2020-08-01,Assembly,8,"To committee."
1374992,2020-08-01,Assembly,9,"From committee: Amend, and do pass as amended."
1374992,2020-08-01,Assembly,10,"Declared an emergency measure under the Constitution."
1374992,2020-08-01,Assembly,11,"Read third time. Amended. (Amend. No. 3.)"
1374992,2020-08-01,Assembly,12,"Dispensed with reprinting."
1374992,2020-08-01,Assembly,13,"Read third time. Passed, as amended. Title approved. (Yeas: 38, Nays: 4.)"
1374992,2020-08-01,Assembly,14,"To printer."
1374992,2020-08-01,Assembly,15,"From printer. To engrossment. Engrossed. First reprint."
1374992,2020-08-01,Assembly,16,"To Senate."
1374992,2020-08-01,Senate,17,"In Senate."
1374992,2020-08-01,Senate,18,"Read first time. Referred to Committee of the Whole. To committee."
1374992,2020-08-01,Senate,19,"From committee: Do pass."
1374992,2020-08-02,Senate,20,"Read second time."
1374992,2020-08-03,Senate,21,"Read third time. Passed. Title approved. (Yeas: 19, Nays: 2.) To Assembly."
1374992,2020-08-03,Assembly,22,"In Assembly. To enrollment."
1374992,2020-08-05,Assembly,23,"Enrolled and delivered to Governor."
1374992,2020-08-07,Assembly,24,"Approved by the Governor. Chapter 4."
1374993,2020-07-31,Senate,1,"Resolution read and adopted. To printer."
1374993,2020-08-01,Senate,2,"From printer. To enrollment."
1374993,2020-08-02,Senate,3,"Enrolled and delivered to Secretary of State. File No. 3."
1375034,2020-07-31,Assembly,1,"Read first time. Referred to Committee of the Whole. To printer."
1375034,2020-07-31,Assembly,2,"From printer. To committee."
1375034,2020-07-31,Assembly,3,"From committee: Amend, and do pass as amended."
1375034,2020-07-31,Assembly,4,"Declared an emergency measure under the Constitution."
1375034,2020-07-31,Assembly,5,"Read third time. Amended. (Amend. No. 2.)"
1375034,2020-07-31,Assembly,6,"Dispensed with reprinting."
1375034,2020-07-31,Assembly,7,"Read third time. Passed, as amended. Title approved. (Yeas: 29, Nays: 12, Excused: 1.)"
1375034,2020-07-31,Assembly,8,"To printer."
1375034,2020-07-31,Assembly,9,"From printer. To engrossment. Engrossed. First reprint."
1375034,2020-07-31,Assembly,10,"To Senate."
1375034,2020-07-31,Senate,11,"In Senate."
1375034,2020-07-31,Senate,12,"Read first time. Referred to Committee of the Whole. To committee."
1375034,2020-07-31,Senate,13,"From committee: Do pass."
1375034,2020-08-01,Senate,14,"Read second time."
1375034,2020-08-02,Senate,15,"Read third time. Passed. Title approved. (Yeas: 13, Nays: 8.) To Assembly."
1375034,2020-08-02,Assembly,16,"In Assembly. To enrollment."
1375034,2020-08-02,Assembly,17,"Enrolled and delivered to Governor."
1375034,2020-08-03,Assembly,18,"Approved by the Governor. Chapter 3."
1375035,2020-07-31,Senate,1,"Resolution read. Referred to Committee of the Whole."
1375035,2020-07-31,Senate,2,"To printer. From printer. To committee. From committee: Do pass. Placed on General File for next legislative day."
1375035,2020-08-01,Senate,3,"Resolution read. Passed. Title approved. (Yeas: 13, Nays: 8.) To Assembly."
1375035,2020-08-01,Assembly,4,"In Assembly."
1375035,2020-08-01,Assembly,5,"Resolution read."
1375035,2020-08-01,Assembly,6,"Placed on Chief Clerk's desk."
1375035,2020-08-01,Assembly,7,"Taken from Chief Clerk's desk."
1375035,2020-08-01,Assembly,8,"Referred to Committee of the Whole."
1375035,2020-08-01,Assembly,9,"To committee."
1375035,2020-08-01,Assembly,10,"From committee: Do pass."
1375035,2020-08-01,Assembly,11,"Resolution read. Passed. Title approved. (Yeas: 25, Nays: 17.)"
1375035,2020-08-01,Assembly,12,"To Senate."
1375035,2020-08-02,Senate,13,"In Senate. To enrollment."
1375035,2020-08-02,Senate,14,"Enrolled and delivered to Secretary of State. File No. 8."
1375037,2020-07-31,Assembly,1,"Resolution read. Referred to Committee of the Whole. To printer."
1375037,2020-07-31,Assembly,2,"From printer. To committee."
1375037,2020-08-01,Assembly,3,"From committee: Do pass."
1375037,2020-08-01,Assembly,4,"Resolution read. Passed. Title approved. (Yeas: 29, Nays: 13.)"
1375037,2020-08-01,Assembly,5,"To Senate."
1375037,2020-08-02,Senate,6,"In Senate."
1375037,2020-08-02,Senate,7,"Resolution read. Referred to Committee of the Whole. To committee."
1375037,2020-08-02,Senate,8,"From committee: Do pass."
1375037,2020-08-02,Senate,9,"Placed on General File."
1375037,2020-08-02,Senate,10,"Resolution read. Passed. Title approved. (Yeas: 13, Nays: 8.) To Assembly."
1375037,2020-08-02,Assembly,11,"In Assembly. To enrollment."
1375037,2020-08-02,Assembly,12,"Enrolled and delivered to Secretary of State."
1375037,2020-08-02,Assembly,13,"File No. 9."
1375075,2020-08-01,Senate,1,"Read first time. Referred to Committee of the Whole."
1375075,2020-08-01,Senate,2,"To printer."
1375075,2020-08-01,Senate,3,"From printer. To committee."
1375075,2020-08-01,Senate,4,"From committee: Do pass."
1375075,2020-08-02,Senate,5,"Read second time."
1375075,2020-08-03,Senate,6,"Read third time. Passed. Title approved. (Yeas: 13, Nays: 8.) To Assembly."
1375075,2020-08-03,Assembly,7,"In Assembly."
1375075,2020-08-03,Assembly,8,"Read first time. Referred to Committee of the Whole."
1375075,2020-08-03,Assembly,9,"To committee."
1375075,2020-08-04,Assembly,10,"From committee: Do pass."
1375075,2020-08-04,Assembly,11,"Declared an emergency measure under the Constitution."
1375075,2020-08-04,Assembly,12,"Read third time. Passed. Title approved. (Yeas: 25, Nays: 17.) To Senate."
1375075,2020-08-04,Senate,13,"In Senate. To enrollment."
1375075,2020-08-05,Senate,14,"Enrolled and delivered to Governor."
1375075,2020-08-07,Senate,15,"Approved by the Governor. Chapter 6."
1375076,2020-08-01,Assembly,1,"Resolution read."
1375076,2020-08-01,Assembly,2,"Referred to Committee of the Whole."
1375076,2020-08-01,Assembly,3,"To printer."
1375076,2020-08-01,Assembly,4,"From printer. To committee."
1375076,2020-08-01,Assembly,5,"From committee: Do pass."
1375076,2020-08-01,Assembly,6,"Resolution read. Passed. Title approved. (Yeas: 29, Nays: 13.)"
1375076,2020-08-01,Assembly,7,"To Senate."
1375076,2020-08-02,Senate,8,"In Senate."
1375076,2020-08-02,Senate,9,"Resolution read. Referred to Committee of the Whole. To committee."
1375076,2020-08-02,Senate,10,"From committee: Do pass."
1375076,2020-08-02,Senate,11,"Placed on General File."
1375076,2020-08-02,Senate,12,"Resolution read. Passed. Title approved. (Yeas: 14, Nays: 7.) To Assembly."
1375076,2020-08-02,Assembly,13,"In Assembly. To enrollment."
1375076,2020-08-02,Assembly,14,"Enrolled and delivered to Secretary of State."
1375076,2020-08-02,Assembly,15,"File No. 10."
1375077,2020-08-02,Senate,1,"Read first time. Referred to Committee of the Whole. To printer."
1375077,2020-08-02,Senate,2,"From printer. To committee."
1375077,2020-08-02,Senate,3,"From committee: Do pass."
1375077,2020-08-03,Senate,4,"Read second time."
1375077,2020-08-03,Senate,5,"Declared an emergency measure under the Constitution."
1375077,2020-08-03,Senate,6,"Read third time. Amended. (Amend. No. 4.)"
1375077,2020-08-03,Senate,7,"Reprinting dispensed with."
1375077,2020-08-03,Senate,8,"Read third time. Passed, as amended. Title approved. (Yeas: 21, Nays: None.)"
1375077,2020-08-03,Senate,9,"To printer."
1375077,2020-08-04,Senate,10,"From printer. To engrossment. Engrossed. First reprint. To Assembly."
1375077,2020-08-04,Assembly,11,"In Assembly."
1375077,2020-08-04,Assembly,12,"Read first time. Referred to Committee of the Whole."
1375077,2020-08-04,Assembly,13,"To committee."
1375077,2020-08-04,Assembly,14,"From committee: Do pass."
1375077,2020-08-04,Assembly,15,"Declared an emergency measure under the Constitution."
1375077,2020-08-04,Assembly,16,"Read third time. Passed. Title approved. (Yeas: 41, Nays: 1.) To Senate."
1375077,2020-08-04,Senate,17,"In Senate. To enrollment."
1375077,2020-08-05,Senate,18,"Enrolled and delivered to Governor."
1375077,2020-08-07,Senate,19,"Approved by the Governor. Chapter 7."
1375123,2020-08-03,Senate,1,"Read first time. Referred to Committee of the Whole. To printer."
1375123,2020-08-03,Senate,2,"From printer. To committee."
1375123,2020-08-03,Senate,3,"From committee: Do pass."
1375123,2020-08-04,Senate,4,"Read second time."
1375123,2020-08-05,Senate,5,"Read third time. Amended. (Amend. No. 6.)"
1375123,2020-08-05,Senate,6,"Reprinting dispensed with."
1375123,2020-08-05,Senate,7,"Read third time. Passed, as amended. Title approved, as amended. (Yeas: 16, Nays: 5.)"
1375123,2020-08-05,Senate,8,"To printer."
1375123,2020-08-05,Senate,9,"From printer. To engrossment. Engrossed. First reprint. To Assembly."
1375123,2020-08-05,Assembly,10,"In Assembly."
1375123,2020-08-05,Assembly,11,"Read first time. Referred to Committee of the Whole."
1375123,2020-08-05,Assembly,12,"To committee."
1375123,2020-08-05,Assembly,13,"From committee: Amend, and do pass as amended."
1375123,2020-08-05,Assembly,14,"Declared an emergency measure under the Constitution."
1375123,2020-08-05,Assembly,15,"Read third time. Amended. (Amend. No. 7.) Dispensed with reprinting."
1375123,2020-08-05,Assembly,16,"Read third time. Passed, as amended. Title approved, as amended. (Yeas: 31, Nays: 10, Excused: 1.)"
1375123,2020-08-05,Assembly,17,"To printer."
1375123,2020-08-05,Assembly,18,"From printer. To reengrossment. Reengrossed. Second reprint."
1375123,2020-08-05,Assembly,19,"To Senate."
1375123,2020-08-05,Senate,20,"In Senate."
1375123,2020-08-05,Senate,21,"Assembly Amendment No. 7 concurred in. To enrollment."
1375123,2020-08-06,Senate,22,"Enrolled and delivered to Governor."
1375123,2020-08-11,Senate,23,"Approved by the Governor. Chapter 8."
1375276,2020-08-05,Senate,1,"Resolution read and adopted. To printer."
1375276,2020-08-05,Senate,2,"From printer. To Assembly."
1375276,2020-08-05,Assembly,3,"In Assembly."
1375276,2020-08-05,Assembly,4,"Resolution read and adopted. To Senate."
1375276,2020-08-05,Senate,5,"In Senate. To enrollment."
1375276,2020-08-06,Senate,6,"Enrolled and delivered to Secretary of State. File No. 12."
1375277,2020-08-05,Assembly,1,"Resolution read and adopted. To printer."
1375277,2020-08-05,Assembly,2,"From printer. To enrollment."
1375277,2020-08-06,Assembly,3,"Enrolled and delivered to Secretary of State."
1375277,2020-08-06,Assembly,4,"File No. 11."
1375285,2020-08-05,Senate,1,"Resolution read and adopted. To printer."
1375285,2020-08-06,Senate,2,"From printer. To enrollment."
1375285,2020-08-06,Senate,3,"Enrolled and delivered to Secretary of State. File No. 14."
1375294,2020-08-05,Senate,1,"Resolution read and adopted. To printer. From printer. To Assembly."
1375294,2020-08-05,Assembly,2,"In Assembly."
1375294,2020-08-05,Assembly,3,"Resolution read and adopted. To Senate."
1375294,2020-08-05,Senate,4,"In Senate. To enrollment."
1375294,2020-08-06,Senate,5,"Enrolled and delivered to Secretary of State. File No. 13."
