bill_id,session_id,bill_number,status,status_desc,status_date,title,description,committee_id,committee,last_action_date,last_action,url,state_link
560579,1040,AB1,4,Passed,2013-06-13,"Makes various changes concerning the abatement or deferment of certain taxes imposed on a new or expanded business. (BDR 32-9)","Makes various changes concerning the abatement or deferment of certain taxes imposed on a new or expanded business. (BDR 32-9)",0,,2013-06-13,"Approved by the Governor. Chapter 4.",https://legiscan.com/NV/bill/AB1/2013/X1,http://www.leg.state.nv.us/Session/27th2013Special/Reports/history.cfm?ID=5
560637,1040,AB2,4,Passed,2013-06-13,"Revises provisions governing class-size reduction. (BDR 34-11)","Revises provisions governing class-size reduction. (BDR 34-11)",0,,2013-06-13,"Approved by the Governor. Chapter 5.",https://legiscan.com/NV/bill/AB2/2013/X1,http://www.leg.state.nv.us/Session/27th2013Special/Reports/history.cfm?ID=6
560550,1040,AR1,4,Passed,2013-06-11,"Adopts the Rules of the Assembly for the 27th Special Session of the Nevada Legislature. (BDR R-3)","Adopts the Rules of the Assembly for the 27th Special Session of the Nevada Legislature. (BDR R-3)",0,,2013-06-11,"File No. 2.",https://legiscan.com/NV/bill/AR1/2013/X1,http://www.leg.state.nv.us/Session/27th2013Special/Reports/history.cfm?ID=11
560564,1040,AR2,4,Passed,2013-06-11,"Provides for the appointment of attaches. (BDR R-5)","Provides for the appointment of attaches. (BDR R-5)",0,,2013-06-11,"File No. 3.",https://legiscan.com/NV/bill/AR2/2013/X1,http://www.leg.state.nv.us/Session/27th2013Special/Reports/history.cfm?ID=12
560622,1040,AR3,4,Passed,2013-06-11,"Provides that no allowances will be paid for the 27th Special Session of the Nevada Legislature for periodicals, stamps, stationery or communications. (BDR R-7)","Provides that no allowances will be paid for the 27th Special Session of the Nevada Legislature for periodicals, stamps, stationery or communications. (BDR R-7)",0,,2013-06-11,"File No. 4.",https://legiscan.com/NV/bill/AR3/2013/X1,http://www.leg.state.nv.us/Session/27th2013Special/Reports/history.cfm?ID=13
560666,1040,ACR1,4,Passed,2013-06-11,"Adopts the Joint Rules of the Senate and Assembly for the 27th Special Session of the Legislature. (BDR R-1)","Adopts the Joint Rules of the Senate and Assembly for the 27th Special Session of the Legislature. (BDR R-1)",0,,2013-06-11,"File No. 1.",https://legiscan.com/NV/bill/ACR1/2013/X1,http://www.leg.state.nv.us/Session/27th2013Special/Reports/history.cfm?ID=10
560593,1040,SB1,4,Passed,2013-06-13,"Makes various changes relating to the Clark County Sales and Use Tax Act of 2005. (BDR S-10)","Makes various changes relating to the Clark County Sales and Use Tax Act of 2005. (BDR S-10)",0,,2013-06-13,"Approved by the Governor. Chapter 1.",https://legiscan.com/NV/bill/SB1/2013/X1,http://www.leg.state.nv.us/Session/27th2013Special/Reports/history.cfm?ID=2
560608,1040,SB2,4,Passed,2013-06-13,"Makes an appropriation to the Millennium Scholarship Trust Fund. (BDR S-12)","Makes an appropriation to the Millennium Scholarship Trust Fund. (BDR S-12)",0,,2013-06-13,"Approved by the Governor. Chapter 2.",https://legiscan.com/NV/bill/SB2/2013/X1,http://www.leg.state.nv.us/Session/27th2013Special/Reports/history.cfm?ID=3
560681,1040,SB3,4,Passed,2013-06-13,"Revises provisions relating to the Account for Charter Schools. (BDR 34-13)","Revises provisions relating to the Account for Charter Schools. (BDR 34-13)",0,,2013-06-13,"Approved by the Governor. Chapter 3.",https://legiscan.com/NV/bill/SB3/2013/X1,http://www.leg.state.nv.us/Session/27th2013Special/Reports/history.cfm?ID=4
560652,1040,SR1,4,Passed,2013-06-11,"Adopts the Rules of the Senate for the 27th Special Session of the Legislature. (BDR R-2)","Adopts the Rules of the Senate for the 27th Special Session of the Legislature. (BDR R-2)",0,,2013-06-11,"File No. 5.",https://legiscan.com/NV/bill/SR1/2013/X1,http://www.leg.state.nv.us/Session/27th2013Special/Reports/history.cfm?ID=7
560695,1040,SR2,4,Passed,2013-06-11,"Provides that no allowances will be paid for the 27th Special Session of the Nevada Legislature for periodicals, stamps, stationery or communications. (BDR R-6)","Provides that no allowances will be paid for the 27th Special Session of the Nevada Legislature for periodicals, stamps, stationery or communications. (BDR R-6)",0,,2013-06-11,"File No. 6.",https://legiscan.com/NV/bill/SR2/2013/X1,http://www.leg.state.nv.us/Session/27th2013Special/Reports/history.cfm?ID=8
560707,1040,SR3,4,Passed,2013-06-11,"Provides for the appointment of Senate staff. (BDR R-4)","Provides for the appointment of Senate staff. (BDR R-4)",0,,2013-06-11,"File No. 7.",https://legiscan.com/NV/bill/SR3/2013/X1,http://www.leg.state.nv.us/Session/27th2013Special/Reports/history.cfm?ID=9
