bill_id,document_id,document_type,document_size,document_mime,document_desc,url,state_link
560579,868099,text,236840,application/pdf,Introduced,https://legiscan.com/NV/text/AB1/id/868099,http://www.leg.state.nv.us/Session/27th2013Special/Bills/AB/AB1.pdf
560579,868100,text,236032,application/pdf,Enrolled,https://legiscan.com/NV/text/AB1/id/868100,http://www.leg.state.nv.us/Session/27th2013Special/Bills/AB/AB1_EN.pdf
560637,868242,text,128652,application/pdf,Introduced,https://legiscan.com/NV/text/AB2/id/868242,http://www.leg.state.nv.us/Session/27th2013Special/Bills/AB/AB2.pdf
560637,868243,text,143066,application/pdf,Enrolled,https://legiscan.com/NV/text/AB2/id/868243,http://www.leg.state.nv.us/Session/27th2013Special/Bills/AB/AB2_EN.pdf
560550,868034,text,162721,application/pdf,Introduced,https://legiscan.com/NV/text/AR1/id/868034,http://www.leg.state.nv.us/Session/27th2013Special/Bills/AR/AR1.pdf
560550,868035,text,154197,application/pdf,Enrolled,https://legiscan.com/NV/text/AR1/id/868035,http://www.leg.state.nv.us/Session/27th2013Special/Bills/AR/AR1_EN.pdf
560564,868067,text,86069,application/pdf,Introduced,https://legiscan.com/NV/text/AR2/id/868067,http://www.leg.state.nv.us/Session/27th2013Special/Bills/AR/AR2.pdf
560564,868068,text,74960,application/pdf,Enrolled,https://legiscan.com/NV/text/AR2/id/868068,http://www.leg.state.nv.us/Session/27th2013Special/Bills/AR/AR2_EN.pdf
560622,868206,text,86001,application/pdf,Introduced,https://legiscan.com/NV/text/AR3/id/868206,http://www.leg.state.nv.us/Session/27th2013Special/Bills/AR/AR3.pdf
560622,868207,text,73956,application/pdf,Enrolled,https://legiscan.com/NV/text/AR3/id/868207,http://www.leg.state.nv.us/Session/27th2013Special/Bills/AR/AR3_EN.pdf
560666,868310,text,147610,application/pdf,Introduced,https://legiscan.com/NV/text/ACR1/id/868310,http://www.leg.state.nv.us/Session/27th2013Special/Bills/ACR/ACR1.pdf
560666,868311,text,142798,application/pdf,Enrolled,https://legiscan.com/NV/text/ACR1/id/868311,http://www.leg.state.nv.us/Session/27th2013Special/Bills/ACR/ACR1_EN.pdf
560593,868138,text,120147,application/pdf,Introduced,https://legiscan.com/NV/text/SB1/id/868138,http://www.leg.state.nv.us/Session/27th2013Special/Bills/SB/SB1.pdf
560593,868139,text,134832,application/pdf,Enrolled,https://legiscan.com/NV/text/SB1/id/868139,http://www.leg.state.nv.us/Session/27th2013Special/Bills/SB/SB1_EN.pdf
560608,868174,text,89586,application/pdf,Introduced,https://legiscan.com/NV/text/SB2/id/868174,http://www.leg.state.nv.us/Session/27th2013Special/Bills/SB/SB2.pdf
560608,868175,text,106561,application/pdf,Enrolled,https://legiscan.com/NV/text/SB2/id/868175,http://www.leg.state.nv.us/Session/27th2013Special/Bills/SB/SB2_EN.pdf
560681,868349,text,109982,application/pdf,Introduced,https://legiscan.com/NV/text/SB3/id/868349,http://www.leg.state.nv.us/Session/27th2013Special/Bills/SB/SB3.pdf
560681,868350,text,124343,application/pdf,Enrolled,https://legiscan.com/NV/text/SB3/id/868350,http://www.leg.state.nv.us/Session/27th2013Special/Bills/SB/SB3_EN.pdf
560652,868278,text,156632,application/pdf,Introduced,https://legiscan.com/NV/text/SR1/id/868278,http://www.leg.state.nv.us/Session/27th2013Special/Bills/SR/SR1.pdf
560652,868279,text,150877,application/pdf,Enrolled,https://legiscan.com/NV/text/SR1/id/868279,http://www.leg.state.nv.us/Session/27th2013Special/Bills/SR/SR1_EN.pdf
560695,868383,text,86030,application/pdf,Introduced,https://legiscan.com/NV/text/SR2/id/868383,http://www.leg.state.nv.us/Session/27th2013Special/Bills/SR/SR2.pdf
560695,868384,text,73570,application/pdf,Enrolled,https://legiscan.com/NV/text/SR2/id/868384,http://www.leg.state.nv.us/Session/27th2013Special/Bills/SR/SR2_EN.pdf
560707,868413,text,87286,application/pdf,Introduced,https://legiscan.com/NV/text/SR3/id/868413,http://www.leg.state.nv.us/Session/27th2013Special/Bills/SR/SR3.pdf
560707,868414,text,76344,application/pdf,Enrolled,https://legiscan.com/NV/text/SR3/id/868414,http://www.leg.state.nv.us/Session/27th2013Special/Bills/SR/SR3_EN.pdf
