bill_id,date,chamber,sequence,action
560550,2013-06-04,Assembly,1,"Resolution read and adopted. To printer."
560550,2013-06-04,Assembly,2,"From printer."
560550,2013-06-05,Assembly,3,"To enrollment."
560550,2013-06-11,Assembly,4,"Enrolled and delivered to Secretary of State."
560550,2013-06-11,Assembly,5,"File No. 2."
560564,2013-06-04,Assembly,1,"Resolution read and adopted. To printer."
560564,2013-06-04,Assembly,2,"From printer."
560564,2013-06-05,Assembly,3,"To enrollment."
560564,2013-06-11,Assembly,4,"Enrolled and delivered to Secretary of State."
560564,2013-06-11,Assembly,5,"File No. 3."
560579,2013-06-04,Assembly,1,"Read first time."
560579,2013-06-04,Assembly,2,"Referred to Committee of the Whole."
560579,2013-06-04,Assembly,3,"Dispensed with reprinting."
560579,2013-06-04,Assembly,4,"To committee."
560579,2013-06-04,Assembly,5,"From committee: Do pass."
560579,2013-06-04,Assembly,6,"Declared an emergency measure under the Constitution."
560579,2013-06-04,Assembly,7,"Read third time. Passed. Title approved.  (Yeas: 39, Nays: None, Excused: 3.)"
560579,2013-06-04,Assembly,8,"To printer. From printer."
560579,2013-06-04,Assembly,9,"To Senate."
560579,2013-06-04,Senate,10,"In Senate."
560579,2013-06-04,Senate,11,"Read first time."
560579,2013-06-04,Senate,12,"Declared an emergency measure under the Constitution."
560579,2013-06-04,Senate,13,"Read third time. Passed. Title approved.  (Yeas: 20, Nays: None, Excused: 1.)  To Assembly."
560579,2013-06-04,Assembly,14,"In Assembly."
560579,2013-06-05,Assembly,15,"To enrollment."
560579,2013-06-11,Assembly,16,"Enrolled and delivered to Governor."
560579,2013-06-13,Assembly,17,"Approved by the Governor. Chapter 4."
560593,2013-06-04,Senate,1,"Read first time."
560593,2013-06-04,Senate,2,"Declared an emergency measure under the Constitution."
560593,2013-06-04,Senate,3,"Placed on General File."
560593,2013-06-04,Senate,4,"Read third time. Passed. Title approved.  (Yeas: 17, Nays: 3, Excused: 1.)  To Assembly."
560593,2013-06-04,Assembly,5,"In Assembly."
560593,2013-06-04,Assembly,6,"Read first time."
560593,2013-06-04,Assembly,7,"Referred to Committee of the Whole."
560593,2013-06-04,Assembly,8,"To committee."
560593,2013-06-04,Assembly,9,"From committee: Do pass."
560593,2013-06-04,Assembly,10,"Declared an emergency measure under the Constitution."
560593,2013-06-04,Assembly,11,"Read third time. Passed. Title approved.  (Yeas: 34, Nays: 6, Excused: 2.)  To Senate."
560593,2013-06-04,Senate,12,"In Senate."
560593,2013-06-05,Senate,13,"To enrollment."
560593,2013-06-11,Senate,14,"Enrolled and delivered to Governor."
560593,2013-06-13,Senate,15,"Approved by the Governor. Chapter 1."
560608,2013-06-04,Senate,1,"Read first time."
560608,2013-06-04,Senate,2,"Declared an emergency measure under the Constitution."
560608,2013-06-04,Senate,3,"Placed on General File."
560608,2013-06-04,Senate,4,"Read third time. Passed. Title approved.  (Yeas: 15, Nays: 5, Excused: 1.)  To Assembly."
560608,2013-06-04,Assembly,5,"In Assembly."
560608,2013-06-04,Assembly,6,"Read first time."
560608,2013-06-04,Assembly,7,"Referred to Committee of the Whole."
560608,2013-06-04,Assembly,8,"To committee."
560608,2013-06-04,Assembly,9,"From committee: Do pass."
560608,2013-06-04,Assembly,10,"Declared an emergency measure under the Constitution."
560608,2013-06-04,Assembly,11,"Read third time. Passed. Title approved.  (Yeas: 39, Nays: 1, Excused: 2.)  To Senate."
560608,2013-06-04,Senate,12,"In Senate."
560608,2013-06-05,Senate,13,"To enrollment."
560608,2013-06-11,Senate,14,"Enrolled and delivered to Governor."
560608,2013-06-13,Senate,15,"Approved by the Governor. Chapter 2."
560622,2013-06-04,Assembly,1,"Resolution read and adopted. To printer."
560622,2013-06-04,Assembly,2,"From printer."
560622,2013-06-05,Assembly,3,"To enrollment."
560622,2013-06-11,Assembly,4,"Enrolled and delivered to Secretary of State."
560622,2013-06-11,Assembly,5,"File No. 4."
560637,2013-06-04,Assembly,1,"Read first time."
560637,2013-06-04,Assembly,2,"Referred to Committee of the Whole."
560637,2013-06-04,Assembly,3,"Dispensed with reprinting."
560637,2013-06-04,Assembly,4,"To committee."
560637,2013-06-04,Assembly,5,"From committee: Do pass."
560637,2013-06-04,Assembly,6,"Declared an emergency measure under the Constitution."
560637,2013-06-04,Assembly,7,"Read third time. Passed. Title approved.  (Yeas: 39, Nays: None, Excused: 3.)"
560637,2013-06-04,Assembly,8,"To printer. From printer."
560637,2013-06-04,Assembly,9,"To Senate."
560637,2013-06-04,Senate,10,"In Senate."
560637,2013-06-04,Senate,11,"Read first time."
560637,2013-06-04,Senate,12,"Declared an emergency measure under the Constitution."
560637,2013-06-04,Senate,13,"Read third time. Passed. Title approved.  (Yeas: 20, Nays: None, Excused: 1.)  To Assembly."
560637,2013-06-04,Assembly,14,"In Assembly."
560637,2013-06-05,Assembly,15,"To enrollment."
560637,2013-06-11,Assembly,16,"Enrolled and delivered to Governor."
560637,2013-06-13,Assembly,17,"Approved by the Governor. Chapter 5."
560652,2013-06-04,Senate,1,"Resolution read and adopted."
560652,2013-06-04,Senate,2,"To printer."
560652,2013-06-05,Senate,3,"From printer. To enrollment."
560652,2013-06-11,Senate,4,"Enrolled and delivered to Secretary of State."
560652,2013-06-11,Senate,5,"File No. 5."
560666,2013-06-04,Assembly,1,"Resolution read and adopted."
560666,2013-06-04,Assembly,2,"To printer. From printer."
560666,2013-06-04,Assembly,3,"To Senate."
560666,2013-06-04,Senate,4,"In Senate."
560666,2013-06-04,Senate,5,"Resolution read and adopted. To Assembly."
560666,2013-06-04,Assembly,6,"In Assembly."
560666,2013-06-05,Assembly,7,"To enrollment."
560666,2013-06-11,Assembly,8,"Enrolled and delivered to Secretary of State."
560666,2013-06-11,Assembly,9,"File No. 1."
560681,2013-06-04,Senate,1,"Read first time."
560681,2013-06-04,Senate,2,"Declared an emergency measure under the Constitution."
560681,2013-06-04,Senate,3,"Placed on General File."
560681,2013-06-04,Senate,4,"Read third time. Passed. Title approved.  (Yeas: 20, Nays: None, Excused: 1.)  To Assembly."
560681,2013-06-04,Assembly,5,"In Assembly."
560681,2013-06-04,Assembly,6,"Read first time."
560681,2013-06-04,Assembly,7,"Referred to Committee of the Whole."
560681,2013-06-04,Assembly,8,"To committee."
560681,2013-06-04,Assembly,9,"From committee: Do pass."
560681,2013-06-04,Assembly,10,"Declared an emergency measure under the Constitution."
560681,2013-06-04,Assembly,11,"Read third time. Passed. Title approved.  (Yeas: 30, Nays: 10, Excused: 2.)  To Senate."
560681,2013-06-04,Senate,12,"In Senate."
560681,2013-06-05,Senate,13,"To enrollment."
560681,2013-06-11,Senate,14,"Enrolled and delivered to Governor."
560681,2013-06-13,Senate,15,"Approved by the Governor. Chapter 3."
560695,2013-06-04,Senate,1,"Resolution read and adopted."
560695,2013-06-04,Senate,2,"To printer."
560695,2013-06-04,Senate,3,"From printer. To enrollment."
560695,2013-06-11,Senate,4,"Enrolled and delivered to Secretary of State."
560695,2013-06-11,Senate,5,"File No. 6."
560707,2013-06-04,Senate,1,"Resolution read and adopted."
560707,2013-06-04,Senate,2,"To printer."
560707,2013-06-04,Senate,3,"From printer. To enrollment."
560707,2013-06-11,Senate,4,"Enrolled and delivered to Secretary of State."
560707,2013-06-11,Senate,5,"File No. 7."
