bill_id,roll_call_id,date,chamber,description,yea,nay,nv,absent,total
560579,291101,0000-00-00,Assembly,"Assembly Final Passage",39,0,0,3,42
560579,291102,0000-00-00,Senate,"Senate Final Passage",20,0,0,1,21
560593,291110,0000-00-00,Senate,"Senate Final Passage",17,3,0,1,21
560593,291111,0000-00-00,Assembly,"Assembly Final Passage",34,6,0,2,42
560608,291129,0000-00-00,Senate,"Senate Final Passage",15,5,0,1,21
560608,291130,0000-00-00,Assembly,"Assembly Final Passage",39,1,0,2,42
560637,291140,0000-00-00,Assembly,"Assembly Final Passage",39,0,0,3,42
560637,291141,0000-00-00,Senate,"Senate Final Passage",20,0,0,1,21
560681,291157,0000-00-00,Senate,"Senate Final Passage",20,0,0,1,21
560681,291158,0000-00-00,Assembly,"Assembly Final Passage",30,10,0,2,42
