bill_id,session_id,bill_number,status,status_desc,status_date,title,description,committee_id,committee,last_action_date,last_action,url,state_link
656220,1112,AB1,4,Passed,2014-09-12,"Revises provisions governing the Economic Development Electric Rate Rider Program. (BDR 58-9)","Revises provisions governing the Economic Development Electric Rate Rider Program. (BDR 58-9)",0,,2014-09-12,"Chapter 3.",https://legiscan.com/NV/bill/AB1/2014/X1,http://www.leg.state.nv.us/Session/28th2014Special/Reports/history.cfm?ID=1
656221,1112,AB2,4,Passed,2014-09-12,"Exempts certain manufacturers of electric passenger cars from the statutory requirements relating to franchises for the sale of new vehicles and repairs or maintenance on motor vehicles. (BDR 43-10)","Exempts certain manufacturers of electric passenger cars from the statutory requirements relating to franchises for the sale of new vehicles and repairs or maintenance on motor vehicles. (BDR 43-10)",0,,2014-09-12,"Chapter 2.",https://legiscan.com/NV/bill/AB2/2014/X1,http://www.leg.state.nv.us/Session/28th2014Special/Reports/history.cfm?ID=2
656246,1112,AB3,4,Passed,2014-09-12,"Revises provisions governing the general tax on insurance premiums. (BDR 57-8)","Revises provisions governing the general tax on insurance premiums. (BDR 57-8)",0,,2014-09-12,"Chapter 1.",https://legiscan.com/NV/bill/AB3/2014/X1,http://www.leg.state.nv.us/Session/28th2014Special/Reports/history.cfm?ID=10
656240,1112,AR1,4,Passed,2014-09-11,"Amends the Standing Rules of the Assembly of the 77th Session of the Nevada Legislature. (BDR R-3)","Amends the Standing Rules of the Assembly of the 77th Session of the Nevada Legislature. (BDR R-3)",0,,2014-09-11,"File No. 2.",https://legiscan.com/NV/bill/AR1/2014/X1,http://www.leg.state.nv.us/Session/28th2014Special/Reports/history.cfm?ID=6
656239,1112,AR2,4,Passed,2014-09-11,"Provides for the appointment of attaches. (BDR R-5)","Provides for the appointment of attaches. (BDR R-5)",0,,2014-09-11,"File No. 3.",https://legiscan.com/NV/bill/AR2/2014/X1,http://www.leg.state.nv.us/Session/28th2014Special/Reports/history.cfm?ID=7
656241,1112,AR3,4,Passed,2014-09-11,"Provides that no allowances will be paid for the 28th Special Session of the Nevada Legislature for periodicals, stamps, stationery or communications. (BDR R-7)","Provides that no allowances will be paid for the 28th Special Session of the Nevada Legislature for periodicals, stamps, stationery or communications. (BDR R-7)",0,,2014-09-11,"File No. 4.",https://legiscan.com/NV/bill/AR3/2014/X1,http://www.leg.state.nv.us/Session/28th2014Special/Reports/history.cfm?ID=8
656242,1112,ACR1,4,Passed,2014-09-11,"Adopts the Joint Rules of the Senate and Assembly for the 28th Special Session of the Nevada Legislature. (BDR R-1)","Adopts the Joint Rules of the Senate and Assembly for the 28th Special Session of the Nevada Legislature. (BDR R-1)",0,,2014-09-11,"File No. 1.",https://legiscan.com/NV/bill/ACR1/2014/X1,http://www.leg.state.nv.us/Session/28th2014Special/Reports/history.cfm?ID=9
656248,1112,SB1,4,Passed,2014-09-11,"Revises provisions relating to commerce. (BDR 32-14)","Revises provisions relating to commerce. (BDR 32-14)",0,,2014-09-11,"Approved by the Governor. Chapter 4.",https://legiscan.com/NV/bill/SB1/2014/X1,http://www.leg.state.nv.us/Session/28th2014Special/Reports/history.cfm?ID=11
656245,1112,SR1,4,Passed,2014-09-11,"Adopts the Rules of the Senate for the 28th Special Session of the Nevada Legislature. (BDR R-2)","Adopts the Rules of the Senate for the 28th Special Session of the Nevada Legislature. (BDR R-2)",0,,2014-09-11,"File No. 5.",https://legiscan.com/NV/bill/SR1/2014/X1,http://www.leg.state.nv.us/Session/28th2014Special/Reports/history.cfm?ID=3
656243,1112,SR2,4,Passed,2014-09-11,"Provides that no allowances will be paid for the 28th Special Session of the Nevada Legislature for periodicals, stamps, stationery or communications. (BDR R-6)","Provides that no allowances will be paid for the 28th Special Session of the Nevada Legislature for periodicals, stamps, stationery or communications. (BDR R-6)",0,,2014-09-11,"File No. 6.",https://legiscan.com/NV/bill/SR2/2014/X1,http://www.leg.state.nv.us/Session/28th2014Special/Reports/history.cfm?ID=4
656244,1112,SR3,4,Passed,2014-09-11,"Recognizes the appointment of the Senate staff. (BDR R-4)","Recognizes the appointment of the Senate staff. (BDR R-4)",0,,2014-09-11,"File No. 7.",https://legiscan.com/NV/bill/SR3/2014/X1,http://www.leg.state.nv.us/Session/28th2014Special/Reports/history.cfm?ID=5
