bill_id,document_id,document_type,document_size,document_mime,document_desc,url,state_link
656220,1044742,text,46515,application/pdf,Introduced,https://legiscan.com/NV/text/AB1/id/1044742,http://www.leg.state.nv.us/Session/28th2014Special/Bills/AB/AB1.pdf
656220,1044933,text,128299,application/pdf,Enrolled,https://legiscan.com/NV/text/AB1/id/1044933,http://www.leg.state.nv.us/Session/28th2014Special/Bills/AB/AB1_EN.pdf
656221,1044743,text,125574,application/pdf,Introduced,https://legiscan.com/NV/text/AB2/id/1044743,http://www.leg.state.nv.us/Session/28th2014Special/Bills/AB/AB2.pdf
656221,1044928,text,132559,application/pdf,Engrossed,https://legiscan.com/NV/text/AB2/id/1044928,http://www.leg.state.nv.us/Session/28th2014Special/Bills/AB/AB2_R1.pdf
656221,1044929,text,129471,application/pdf,Enrolled,https://legiscan.com/NV/text/AB2/id/1044929,http://www.leg.state.nv.us/Session/28th2014Special/Bills/AB/AB2_EN.pdf
656246,1044799,text,135775,application/pdf,Introduced,https://legiscan.com/NV/text/AB3/id/1044799,http://www.leg.state.nv.us/Session/28th2014Special/Bills/AB/AB3.pdf
656246,1044915,text,126116,application/pdf,Enrolled,https://legiscan.com/NV/text/AB3/id/1044915,http://www.leg.state.nv.us/Session/28th2014Special/Bills/AB/AB3_EN.pdf
656240,1044787,text,228013,application/pdf,Introduced,https://legiscan.com/NV/text/AR1/id/1044787,http://www.leg.state.nv.us/Session/28th2014Special/Bills/AR/AR1.pdf
656240,1044788,text,216951,application/pdf,Enrolled,https://legiscan.com/NV/text/AR1/id/1044788,http://www.leg.state.nv.us/Session/28th2014Special/Bills/AR/AR1_EN.pdf
656239,1044785,text,85618,application/pdf,Introduced,https://legiscan.com/NV/text/AR2/id/1044785,http://www.leg.state.nv.us/Session/28th2014Special/Bills/AR/AR2.pdf
656239,1044786,text,63312,application/pdf,Enrolled,https://legiscan.com/NV/text/AR2/id/1044786,http://www.leg.state.nv.us/Session/28th2014Special/Bills/AR/AR2_EN.pdf
656241,1044789,text,86047,application/pdf,Introduced,https://legiscan.com/NV/text/AR3/id/1044789,http://www.leg.state.nv.us/Session/28th2014Special/Bills/AR/AR3.pdf
656241,1044790,text,64742,application/pdf,Enrolled,https://legiscan.com/NV/text/AR3/id/1044790,http://www.leg.state.nv.us/Session/28th2014Special/Bills/AR/AR3_EN.pdf
656242,1044791,text,132132,application/pdf,Introduced,https://legiscan.com/NV/text/ACR1/id/1044791,http://www.leg.state.nv.us/Session/28th2014Special/Bills/ACR/ACR1.pdf
656242,1044792,text,116916,application/pdf,Enrolled,https://legiscan.com/NV/text/ACR1/id/1044792,http://www.leg.state.nv.us/Session/28th2014Special/Bills/ACR/ACR1_EN.pdf
656248,1044834,text,201289,application/pdf,Introduced,https://legiscan.com/NV/text/SB1/id/1044834,http://www.leg.state.nv.us/Session/28th2014Special/Bills/SB/SB1.pdf
656248,1044930,text,209054,application/pdf,Engrossed,https://legiscan.com/NV/text/SB1/id/1044930,http://www.leg.state.nv.us/Session/28th2014Special/Bills/SB/SB1_R1.pdf
656248,1044931,text,196177,application/pdf,Enrolled,https://legiscan.com/NV/text/SB1/id/1044931,http://www.leg.state.nv.us/Session/28th2014Special/Bills/SB/SB1_EN.pdf
656245,1044797,text,151615,application/pdf,Introduced,https://legiscan.com/NV/text/SR1/id/1044797,http://www.leg.state.nv.us/Session/28th2014Special/Bills/SR/SR1.pdf
656245,1044798,text,133282,application/pdf,Enrolled,https://legiscan.com/NV/text/SR1/id/1044798,http://www.leg.state.nv.us/Session/28th2014Special/Bills/SR/SR1_EN.pdf
656243,1044793,text,86213,application/pdf,Introduced,https://legiscan.com/NV/text/SR2/id/1044793,http://www.leg.state.nv.us/Session/28th2014Special/Bills/SR/SR2.pdf
656243,1044794,text,63045,application/pdf,Enrolled,https://legiscan.com/NV/text/SR2/id/1044794,http://www.leg.state.nv.us/Session/28th2014Special/Bills/SR/SR2_EN.pdf
656244,1044795,text,87784,application/pdf,Introduced,https://legiscan.com/NV/text/SR3/id/1044795,http://www.leg.state.nv.us/Session/28th2014Special/Bills/SR/SR3.pdf
656244,1044796,text,66934,application/pdf,Enrolled,https://legiscan.com/NV/text/SR3/id/1044796,http://www.leg.state.nv.us/Session/28th2014Special/Bills/SR/SR3_EN.pdf
