bill_id,roll_call_id,date,chamber,description,yea,nay,nv,absent,total
1130366,848402,2019-04-19,Senate,"Senate Final Passage",21,0,0,0,21
1130366,865226,2019-05-16,Assembly,"Assembly Final Passage",38,1,0,2,41
1130367,837744,2019-04-08,Senate,"Senate Final Passage",21,0,0,0,21
1130367,861953,2019-05-09,Assembly,"Assembly Final Passage",40,0,0,1,41
1130368,813576,2019-03-05,Assembly,"Assembly Final Passage",41,0,0,1,42
1130368,856284,2019-05-01,Senate,"Senate Final Passage",21,0,0,0,21
1130369,848430,2019-04-22,Senate,"Senate Final Passage",20,1,0,0,21
1130369,871278,2019-05-23,Assembly,"Assembly Final Passage",40,0,0,1,41
1130370,845314,2019-04-16,Senate,"Senate Final Passage",21,0,0,0,21
1130370,872188,2019-05-24,Assembly,"Assembly Final Passage",27,12,0,2,41
1130372,876284,2019-06-01,Assembly,"Assembly Final Passage",38,0,0,3,41
1130372,876592,2019-06-03,Senate,"Senate Final Passage",21,0,0,0,21
1130373,814709,2019-03-06,Senate,"Senate Final Passage",18,2,0,0,20
1130373,872346,2019-05-24,Assembly,"Assembly Final Passage",38,1,0,2,41
1130374,849606,2019-04-23,Senate,"Senate Final Passage",21,0,0,0,21
1130374,872007,2019-05-24,Assembly,"Assembly Final Passage",39,0,0,2,41
1130375,823291,2019-03-18,Senate,"Senate Final Passage",20,0,0,0,20
1130375,870569,2019-05-23,Assembly,"Assembly Final Passage",40,0,0,1,41
1130384,824915,2019-03-19,Assembly,"Assembly Final Passage",40,0,0,1,41
1130384,856129,2019-05-01,Senate,"Senate Final Passage",21,0,0,0,21
1130385,824713,2019-03-19,Assembly,"Assembly Final Passage",39,1,0,1,41
1130385,861405,2019-05-08,Senate,"Senate Final Passage",21,0,0,0,21
1130386,825063,2019-03-19,Assembly,"Assembly Final Passage",40,0,0,1,41
1130386,859309,2019-05-06,Senate,"Senate Final Passage",21,0,0,0,21
1130390,844881,2019-04-16,Assembly,"Assembly Final Passage",40,0,0,2,42
1130390,867457,2019-05-20,Senate,"Senate Final Passage",20,0,0,1,21
1130392,848207,2019-04-19,Assembly,"Assembly Final Passage",36,4,0,2,42
1130392,872221,2019-05-24,Senate,"Senate Final Passage",21,0,0,0,21
1130394,820511,2019-03-13,Assembly,"Assembly Final Passage",40,0,0,2,42
1130394,856170,2019-05-01,Senate,"Senate Final Passage",21,0,0,0,21
1130395,847282,2019-04-18,Senate,"Senate Final Passage",13,8,0,0,21
1130396,847310,2019-04-18,Senate,"Senate Final Passage",21,0,0,0,21
1130396,867196,2019-05-20,Assembly,"Assembly Final Passage",40,0,0,1,41
1130397,876155,2019-05-31,Senate,"Senate Final Passage",20,0,0,1,21
1130397,876591,2019-06-03,Assembly,"Assembly Final Passage",41,0,0,0,41
1130398,845528,2019-04-16,Assembly,"Assembly Final Passage",36,4,0,2,42
1130398,867786,2019-05-20,Senate,"Senate Final Passage",20,0,0,1,21
1130399,847244,2019-04-18,Senate,"Senate Final Passage",21,0,0,0,21
1130399,862413,2019-05-10,Assembly,"Assembly Final Passage",40,0,0,1,41
1130400,845019,2019-04-16,Assembly,"Assembly Final Passage",40,0,0,2,42
1130400,861180,2019-05-08,Senate,"Senate Final Passage",21,0,0,0,21
1130401,844916,2019-04-16,Senate,"Senate Final Passage",21,0,0,0,21
1130402,847296,2019-04-18,Assembly,"Assembly Final Passage",31,10,0,1,42
1130404,815014,2019-03-06,Senate,"Senate Final Passage",20,0,0,0,20
1130404,861862,2019-05-09,Assembly,"Assembly Final Passage",40,0,0,1,41
1130405,876626,2019-06-03,Senate,"Senate Final Passage",21,0,0,0,21
1130406,849950,2019-04-23,Assembly,"Assembly Final Passage",41,0,0,1,42
1130406,867344,2019-05-20,Senate,"Senate Final Passage",20,0,0,1,21
1130407,844896,2019-04-16,Senate,"Senate Final Passage",21,0,0,0,21
1130407,871963,2019-05-24,Assembly,"Assembly Final Passage",37,2,0,2,41
1130408,795419,2019-02-04,Assembly,"Assembly Final Passage",41,0,0,0,41
1130408,795420,2019-02-04,Senate,"Senate Final Passage",21,0,0,0,21
1130409,838516,2019-04-08,Senate,"Senate Final Passage",21,0,0,0,21
1130409,871467,2019-05-23,Assembly,"Assembly Final Passage",40,0,0,1,41
1130411,837732,2019-04-08,Assembly,"Assembly Final Passage",39,0,0,2,41
1130411,868113,2019-05-21,Senate,"Senate Final Passage",20,0,0,1,21
1130414,847307,2019-04-18,Assembly,"Assembly Final Passage",41,0,0,1,42
1130414,860217,2019-05-07,Senate,"Senate Final Passage",21,0,0,0,21
1130417,849563,2019-04-23,Assembly,"Assembly Final Passage",41,0,0,1,42
1130417,867628,2019-05-20,Senate,"Senate Final Passage",20,0,0,1,21
1130419,847721,2019-04-18,Senate,"Senate Final Passage",21,0,0,0,21
1130421,841922,2019-04-10,Senate,"Senate Final Passage",20,0,1,0,21
1130421,855145,2019-04-30,Assembly,"Assembly Final Passage",41,0,0,1,42
1130423,845328,2019-04-16,Senate,"Senate Final Passage",21,0,0,0,21
1130423,867310,2019-05-20,Assembly,"Assembly Final Passage",40,0,0,1,41
1130426,844968,2019-04-16,Assembly,"Assembly Final Passage",35,5,0,2,42
1130426,856618,2019-05-01,Senate,"Senate Final Passage",21,0,0,0,21
1130428,868781,2019-05-21,Senate,"Senate Final Passage",20,0,0,1,21
1130428,872206,2019-05-24,Assembly,"Assembly Final Passage",38,1,0,2,41
1130430,838974,2019-04-09,Senate,"Senate Final Passage",21,0,0,0,21
1130430,867587,2019-05-20,Assembly,"Assembly Final Passage",40,0,0,1,41
1130433,848073,2019-04-18,Assembly,"Assembly Final Passage",41,0,0,1,42
1130433,860493,2019-05-07,Senate,"Senate Final Passage",21,0,0,0,21
1130434,849603,2019-04-23,Senate,"Senate Final Passage",21,0,0,0,21
1130434,870644,2019-05-23,Assembly,"Assembly Final Passage",40,0,0,1,41
1130435,815338,2019-03-06,Assembly,"Assembly Final Passage",33,8,0,1,42
1130435,868074,2019-05-21,Senate,"Senate Final Passage",20,0,0,1,21
1130436,874059,2019-05-28,Assembly,"Assembly Final Passage",40,0,0,1,41
1130436,876039,2019-05-31,Senate,"Senate Final Passage",20,0,0,1,21
1130445,849939,2019-04-23,Assembly,"Assembly Final Passage",31,9,0,2,42
1130446,845450,2019-04-16,Assembly,"Assembly Final Passage",40,0,0,2,42
1130446,867704,2019-05-20,Senate,"Senate Final Passage",20,0,0,1,21
1130448,850373,2019-04-23,Assembly,"Assembly Final Passage",41,0,0,1,42
1130448,860256,2019-05-07,Senate,"Senate Final Passage",21,0,0,0,21
1130449,823342,2019-03-18,Senate,"Senate Final Passage",20,0,0,0,20
1130449,867311,2019-05-20,Assembly,"Assembly Final Passage",40,0,0,1,41
1130453,842369,2019-04-11,Assembly,"Assembly Final Passage",29,11,0,1,41
1130453,860263,2019-05-07,Senate,"Senate Final Passage",18,3,0,0,21
1130454,822011,2019-03-14,Assembly,"Assembly Final Passage",40,0,0,1,41
1130454,848353,2019-04-19,Senate,"Senate Final Passage",21,0,0,0,21
1130459,850521,2019-04-23,Assembly,"Assembly Final Passage",41,0,0,1,42
1130459,867466,2019-05-20,Senate,"Senate Final Passage",20,0,0,1,21
1130460,820703,2019-03-13,Assembly,"Assembly Final Passage",40,0,0,2,42
1130460,856136,2019-05-01,Senate,"Senate Final Passage",21,0,0,0,21
1130464,847297,2019-04-18,Assembly,"Assembly Final Passage",41,0,0,1,42
1130464,870462,2019-05-23,Senate,"Senate Final Passage",21,0,0,0,21
1130468,850230,2019-04-23,Assembly,"Assembly Final Passage",37,4,0,1,42
1130468,867514,2019-05-20,Senate,"Senate Final Passage",20,0,0,1,21
1130470,845026,2019-04-16,Assembly,"Assembly Final Passage",40,0,0,2,42
1130470,867689,2019-05-20,Senate,"Senate Final Passage",20,0,0,1,21
1130472,848206,2019-04-19,Assembly,"Assembly Final Passage",40,0,0,2,42
1130472,860084,2019-05-07,Senate,"Senate Final Passage",21,0,0,0,21
1130473,823704,2019-03-18,Senate,"Senate Final Passage",20,0,0,0,20
1130473,871466,2019-05-23,Assembly,"Assembly Final Passage",40,0,0,1,41
1130474,876077,2019-05-31,Assembly,"Assembly Final Passage",41,0,0,0,41
1130474,876746,2019-06-03,Senate,"Senate Final Passage",21,0,0,0,21
1130521,849797,2019-04-23,Assembly,"Assembly Final Passage",36,5,0,1,42
1130521,872251,2019-05-24,Senate,"Senate Final Passage",18,3,0,0,21
1130522,813968,2019-03-05,Assembly,"Assembly Final Passage",41,0,0,1,42
1130522,867342,2019-05-20,Senate,"Senate Final Passage",20,0,0,1,21
1130525,845016,2019-04-16,Assembly,"Assembly Final Passage",40,0,0,2,42
1130525,867739,2019-05-20,Senate,"Senate Final Passage",20,0,0,1,21
1130536,844901,2019-04-16,Senate,"Senate Final Passage",21,0,0,0,21
1130536,867742,2019-05-20,Assembly,"Assembly Final Passage",40,0,0,1,41
1130537,837363,2019-04-05,Senate,"Senate Final Passage",21,0,0,0,21
1130537,867321,2019-05-20,Assembly,"Assembly Final Passage",40,0,0,1,41
1130539,845213,2019-04-16,Senate,"Senate Final Passage",21,0,0,0,21
1130539,871051,2019-05-23,Assembly,"Assembly Final Passage",40,0,0,1,41
1130540,850088,2019-04-23,Senate,"Senate Final Passage",21,0,0,0,21
1130540,875522,2019-05-30,Assembly,"Assembly Final Passage",39,1,0,1,41
1130541,817485,2019-03-08,Senate,"Senate Final Passage",20,0,0,0,20
1130541,870999,2019-05-23,Assembly,"Assembly Final Passage",40,0,0,1,41
1130546,876476,2019-06-02,Senate,"Senate Final Passage",17,4,0,0,21
1130546,876738,2019-06-03,Assembly,"Assembly Final Passage",41,0,0,0,41
1130550,832039,2019-03-29,Senate,"Senate Final Passage",21,0,0,0,21
1130550,861804,2019-05-09,Assembly,"Assembly Final Passage",40,0,0,1,41
1130551,844900,2019-04-16,Senate,"Senate Final Passage",21,0,0,0,21
1130551,862409,2019-05-10,Assembly,"Assembly Final Passage",40,0,0,1,41
1130553,838506,2019-04-08,Senate,"Senate Final Passage",21,0,0,0,21
1130553,872179,2019-05-24,Assembly,"Assembly Final Passage",30,9,0,2,41
1130554,848557,2019-04-22,Senate,"Senate Final Passage",21,0,0,0,21
1130554,872052,2019-05-24,Assembly,"Assembly Final Passage",37,2,0,2,41
1130555,848610,2019-04-22,Senate,"Senate Final Passage",17,4,0,0,21
1130555,871039,2019-05-23,Assembly,"Assembly Final Passage",39,1,0,1,41
1130558,849762,2019-04-23,Senate,"Senate Final Passage",17,4,0,0,21
1130558,872280,2019-05-24,Assembly,"Assembly Final Passage",29,10,0,2,41
1130560,848434,2019-04-22,Senate,"Senate Final Passage",21,0,0,0,21
1130560,862044,2019-05-09,Assembly,"Assembly Final Passage",40,0,0,1,41
1130561,844119,2019-04-15,Senate,"Senate Final Passage",21,0,0,0,21
1130561,865823,2019-05-16,Assembly,"Assembly Final Passage",37,2,0,2,41
1130564,813804,2019-03-05,Assembly,"Assembly Final Passage",41,0,0,1,42
1130564,845119,2019-04-16,Senate,"Senate Final Passage",21,0,0,0,21
1130565,850209,2019-04-23,Assembly,"Assembly Final Passage",40,0,0,2,42
1130565,872231,2019-05-24,Senate,"Senate Final Passage",21,0,0,0,21
1130567,845410,2019-04-16,Assembly,"Assembly Final Passage",40,0,0,2,42
1130567,872202,2019-05-24,Senate,"Senate Final Passage",21,0,0,0,21
1130569,837476,2019-04-05,Senate,"Senate Final Passage",21,0,0,0,21
1130569,864797,2019-05-15,Assembly,"Assembly Final Passage",40,0,0,1,41
1130570,849736,2019-04-23,Assembly,"Assembly Final Passage",28,13,0,1,42
1130570,870852,2019-05-23,Senate,"Senate Final Passage",12,9,0,0,21
1130571,823395,2019-03-18,Assembly,"Assembly Final Passage",40,0,0,1,41
1130571,867768,2019-05-20,Senate,"Senate Final Passage",20,0,0,1,21
1130575,848436,2019-04-22,Senate,"Senate Final Passage",21,0,0,0,21
1130575,871227,2019-05-23,Assembly,"Assembly Final Passage",40,0,0,1,41
1130576,823505,2019-03-18,Assembly,"Assembly Final Passage",40,0,0,1,41
1130576,867328,2019-05-20,Senate,"Senate Final Passage",20,0,0,1,21
1130581,844912,2019-04-16,Assembly,"Assembly Final Passage",40,0,0,2,42
1130581,856240,2019-05-01,Senate,"Senate Final Passage",21,0,0,0,21
1130583,844153,2019-04-15,Senate,"Senate Final Passage",21,0,0,0,21
1130583,867738,2019-05-20,Assembly,"Assembly Final Passage",29,11,0,1,41
1130655,844987,2019-04-16,Assembly,"Assembly Final Passage",40,0,0,2,42
1130657,850180,2019-04-23,Assembly,"Assembly Final Passage",40,1,0,1,42
1130657,872299,2019-05-24,Senate,"Senate Final Passage",20,0,0,1,21
1130659,846487,2019-04-17,Senate,"Senate Final Passage",21,0,0,0,21
1130659,872287,2019-05-24,Assembly,"Assembly Final Passage",39,0,0,2,41
1130661,811019,2019-02-28,Senate,"Senate Final Passage",21,0,0,0,21
1130661,872315,2019-05-24,Assembly,"Assembly Final Passage",39,0,0,2,41
1130662,838253,2019-04-08,Senate,"Senate Final Passage",21,0,0,0,21
1130662,871436,2019-05-23,Assembly,"Assembly Final Passage",39,0,0,2,41
1130667,844956,2019-04-16,Assembly,"Assembly Final Passage",40,0,0,2,42
1130667,877496,2019-06-03,Senate,"Senate Final Passage",21,0,0,0,21
1130670,847306,2019-04-18,Assembly,"Assembly Final Passage",41,0,0,1,42
1130670,861121,2019-05-08,Senate,"Senate Final Passage",21,0,0,0,21
1130674,838893,2019-04-09,Senate,"Senate Final Passage",21,0,0,0,21
1130674,870754,2019-05-23,Assembly,"Assembly Final Passage",39,0,0,2,41
1130676,814640,2019-03-06,Senate,"Senate Final Passage",20,0,0,0,20
1130676,867562,2019-05-20,Assembly,"Assembly Final Passage",40,0,0,1,41
1130680,850486,2019-04-23,Assembly,"Assembly Final Passage",40,0,0,2,42
1130680,872100,2019-05-24,Senate,"Senate Final Passage",21,0,0,0,21
1130682,849443,2019-04-23,Senate,"Senate Final Passage",21,0,0,0,21
1130682,870835,2019-05-23,Assembly,"Assembly Final Passage",38,1,0,2,41
1130686,850351,2019-04-23,Assembly,"Assembly Final Passage",31,9,0,2,42
1130686,872047,2019-05-24,Senate,"Senate Final Passage",21,0,0,0,21
1130689,874676,2019-05-29,Senate,"Senate Final Passage",20,0,0,1,21
1130689,875896,2019-05-31,Assembly,"Assembly Final Passage",41,0,0,0,41
1130690,850481,2019-04-23,Assembly,"Assembly Final Passage",40,0,0,2,42
1130690,867314,2019-05-20,Senate,"Senate Final Passage",20,0,0,1,21
1130694,876883,2019-06-03,Senate,"Senate Final Passage",21,0,0,0,21
1130695,873953,2019-05-28,Assembly,"Assembly Final Passage",38,1,0,2,41
1130695,875885,2019-05-31,Senate,"Senate Final Passage",20,0,0,1,21
1130700,849933,2019-04-23,Assembly,"Assembly Final Passage",41,0,0,1,42
1130700,867266,2019-05-20,Senate,"Senate Final Passage",16,4,0,1,21
1130702,873707,2019-05-28,Assembly,"Assembly Final Passage",40,0,0,1,41
1130702,876076,2019-05-31,Senate,"Senate Final Passage",20,0,0,1,21
1130705,845287,2019-04-16,Senate,"Senate Final Passage",21,0,0,0,21
1130705,860213,2019-05-07,Assembly,"Assembly Final Passage",39,0,0,2,41
1130708,875826,2019-05-31,Senate,"Senate Final Passage",20,0,0,1,21
1130708,876750,2019-06-03,Assembly,"Assembly Final Passage",41,0,0,0,41
1130713,850259,2019-04-23,Senate,"Senate Final Passage",15,6,0,0,21
1130713,867497,2019-05-20,Assembly,"Assembly Final Passage",28,12,0,1,41
1130715,847280,2019-04-18,Senate,"Senate Final Passage",21,0,0,0,21
1130715,859890,2019-05-07,Assembly,"Assembly Final Passage",39,0,0,2,41
1130716,823318,2019-03-18,Senate,"Senate Final Passage",20,0,0,0,20
1130716,860500,2019-05-07,Assembly,"Assembly Final Passage",39,0,0,2,41
1130720,875091,2019-05-30,Senate,"Senate Final Passage",20,0,0,1,21
1130720,876486,2019-06-02,Assembly,"Assembly Final Passage",41,0,0,0,41
1130721,846401,2019-04-17,Senate,"Senate Final Passage",21,0,0,0,21
1130721,872124,2019-05-24,Assembly,"Assembly Final Passage",32,7,0,2,41
1130723,876501,2019-06-03,Senate,"Senate Final Passage",21,0,0,0,21
1130723,877066,2019-06-03,Assembly,"Assembly Final Passage",41,0,0,0,41
1130724,846307,2019-04-17,Senate,"Senate Final Passage",21,0,0,0,21
1130724,861937,2019-05-09,Assembly,"Assembly Final Passage",29,11,0,1,41
1130726,850079,2019-04-23,Assembly,"Assembly Final Passage",39,2,0,1,42
1130726,868088,2019-05-21,Senate,"Senate Final Passage",14,6,0,1,21
1130727,872125,2019-05-24,Assembly,"Assembly Final Passage",39,0,0,2,41
1130727,876797,2019-06-03,Senate,"Senate Final Passage",21,0,0,0,21
1130728,872103,2019-05-24,Assembly,"Assembly Final Passage",27,12,0,2,41
1130728,876573,2019-06-03,Senate,"Senate Final Passage",16,4,1,0,21
1130748,874666,2019-05-29,Senate,"Senate Final Passage",20,0,0,1,21
1130748,876212,2019-06-01,Assembly,"Assembly Final Passage",41,0,0,0,41
1130754,847675,2019-04-18,Senate,"Senate Final Passage",21,0,0,0,21
1130754,876490,2019-06-02,Assembly,"Assembly Final Passage",41,0,0,0,41
1130758,846440,2019-04-17,Senate,"Senate Final Passage",21,0,0,0,21
1130758,870725,2019-05-23,Assembly,"Assembly Final Passage",39,0,0,2,41
1130766,844982,2019-04-16,Assembly,"Assembly Final Passage",39,1,0,2,42
1130766,860208,2019-05-07,Senate,"Senate Final Passage",21,0,0,0,21
1130768,873578,2019-05-28,Assembly,"Assembly Final Passage",39,0,0,2,41
1130768,876580,2019-06-03,Senate,"Senate Final Passage",20,1,0,0,21
1130769,850463,2019-04-23,Assembly,"Assembly Final Passage",40,0,0,2,42
1130769,868747,2019-05-21,Senate,"Senate Final Passage",20,0,0,1,21
1130770,846569,2019-04-17,Assembly,"Assembly Final Passage",41,0,0,1,42
1130770,868349,2019-05-21,Senate,"Senate Final Passage",20,0,0,1,21
1130771,844979,2019-04-16,Assembly,"Assembly Final Passage",40,0,0,2,42
1130771,868146,2019-05-21,Senate,"Senate Final Passage",20,0,0,1,21
1172080,863870,2019-05-14,Senate,"Senate Final Passage",21,0,0,0,21
1172080,871877,2019-05-24,Assembly,"Assembly Final Passage",39,0,0,2,41
1172180,811293,2019-02-28,Senate,"Senate Final Passage",21,0,0,0,21
1172180,862126,2019-05-09,Assembly,"Assembly Final Passage",40,0,0,1,41
1172381,876392,2019-06-02,Senate,"Senate Final Passage",21,0,0,0,21
1172381,876897,2019-06-03,Assembly,"Assembly Final Passage",41,0,0,0,41
1172479,837488,2019-04-05,Senate,"Senate Final Passage",21,0,0,0,21
1172479,871551,2019-05-23,Assembly,"Assembly Final Passage",39,1,0,1,41
1172577,876251,2019-06-01,Senate,"Senate Final Passage",21,0,0,0,21
1172577,876499,2019-06-02,Assembly,"Assembly Final Passage",41,0,0,0,41
1172673,845111,2019-04-16,Senate,"Senate Final Passage",19,2,0,0,21
1172673,860327,2019-05-07,Assembly,"Assembly Final Passage",36,3,0,2,41
1175672,839881,2019-04-09,Senate,"Senate Final Passage",21,0,0,0,21
1175672,867257,2019-05-20,Assembly,"Assembly Final Passage",40,0,0,1,41
1175796,845233,2019-04-16,Senate,"Senate Final Passage",21,0,0,0,21
1175796,871232,2019-05-23,Assembly,"Assembly Final Passage",40,0,0,1,41
1176031,871388,2019-05-23,Senate,"Senate Final Passage",21,0,0,0,21
1176031,876491,2019-06-02,Assembly,"Assembly Final Passage",41,0,0,0,41
1176158,846722,2019-04-17,Senate,"Senate Final Passage",21,0,0,0,21
1176284,839435,2019-04-09,Senate,"Senate Final Passage",21,0,0,0,21
1176284,869565,2019-05-22,Assembly,"Assembly Final Passage",40,0,0,1,41
1176407,839310,2019-04-09,Senate,"Senate Final Passage",21,0,0,0,21
1176407,870758,2019-05-23,Assembly,"Assembly Final Passage",40,0,0,1,41
1176538,874687,2019-05-29,Senate,"Senate Final Passage",20,0,0,1,21
1176538,876227,2019-06-01,Assembly,"Assembly Final Passage",37,4,0,0,41
1176794,846330,2019-04-17,Senate,"Senate Final Passage",21,0,0,0,21
1176794,869170,2019-05-22,Assembly,"Assembly Final Passage",36,4,0,1,41
1176918,848330,2019-04-19,Senate,"Senate Final Passage",21,0,0,0,21
1176918,860520,2019-05-07,Assembly,"Assembly Final Passage",39,0,0,2,41
1176979,875440,2019-05-30,Senate,"Senate Final Passage",12,7,0,2,21
1176979,875741,2019-05-31,Assembly,"Assembly Final Passage",28,13,0,0,41
1177035,815868,2019-03-07,Senate,"Senate Final Passage",19,0,0,1,20
1177035,872172,2019-05-24,Assembly,"Assembly Final Passage",39,0,0,2,41
1177092,839038,2019-04-09,Senate,"Senate Final Passage",21,0,0,0,21
1177092,865639,2019-05-16,Assembly,"Assembly Final Passage",39,0,0,2,41
1178507,846611,2019-04-17,Assembly,"Assembly Final Passage",41,0,0,1,42
1178539,842384,2019-04-11,Assembly,"Assembly Final Passage",40,0,0,1,41
1178539,856643,2019-05-01,Senate,"Senate Final Passage",21,0,0,0,21
1178606,845049,2019-04-16,Assembly,"Assembly Final Passage",40,0,0,2,42
1178606,867302,2019-05-20,Senate,"Senate Final Passage",20,0,0,1,21
1178642,873780,2019-05-28,Assembly,"Assembly Final Passage",40,0,0,1,41
1178642,876836,2019-06-03,Senate,"Senate Final Passage",13,8,0,0,21
1178677,873789,2019-05-28,Assembly,"Assembly Final Passage",39,0,0,2,41
1178677,875443,2019-05-30,Senate,"Senate Final Passage",19,0,0,2,21
1178777,842201,2019-04-11,Assembly,"Assembly Final Passage",40,0,0,1,41
1178777,868100,2019-05-21,Senate,"Senate Final Passage",20,0,0,1,21
1178846,838456,2019-04-08,Assembly,"Assembly Final Passage",39,0,0,2,41
1178846,856690,2019-05-01,Senate,"Senate Final Passage",21,0,0,0,21
1178880,876194,2019-05-31,Assembly,"Assembly Final Passage",41,0,0,0,41
1178880,876733,2019-06-03,Senate,"Senate Final Passage",21,0,0,0,21
1178914,846584,2019-04-17,Assembly,"Assembly Final Passage",29,12,0,1,42
1178947,849475,2019-04-23,Senate,"Senate Final Passage",21,0,0,0,21
1178947,872175,2019-05-24,Assembly,"Assembly Final Passage",39,0,0,2,41
1178982,845008,2019-04-16,Assembly,"Assembly Final Passage",40,0,0,2,42
1178982,860758,2019-05-07,Senate,"Senate Final Passage",21,0,0,0,21
1179089,848217,2019-04-19,Assembly,"Assembly Final Passage",40,0,0,2,42
1179089,868624,2019-05-21,Senate,"Senate Final Passage",20,0,0,1,21
1179235,844882,2019-04-16,Assembly,"Assembly Final Passage",28,12,0,2,42
1179235,870860,2019-05-23,Senate,"Senate Final Passage",11,10,0,0,21
1183196,876267,2019-06-02,Senate,"Senate Final Passage",20,0,0,1,21
1183196,877014,2019-06-03,Assembly,"Assembly Final Passage",40,1,0,0,41
1183838,838301,2019-04-08,Assembly,"Assembly Final Passage",39,0,0,2,41
1184099,846776,2019-04-17,Assembly,"Assembly Final Passage",41,0,0,1,42
1184099,861872,2019-05-09,Senate,"Senate Final Passage",21,0,0,0,21
1184363,845462,2019-04-16,Assembly,"Assembly Final Passage",40,0,0,2,42
1184363,872256,2019-05-24,Senate,"Senate Final Passage",20,0,1,0,21
1184623,875369,2019-05-30,Assembly,"Assembly Final Passage",40,0,0,1,41
1184623,876937,2019-06-03,Senate,"Senate Final Passage",21,0,0,0,21
1184880,849716,2019-04-23,Assembly,"Assembly Final Passage",41,0,0,1,42
1184880,867300,2019-05-20,Senate,"Senate Final Passage",20,0,0,1,21
1185151,827420,2019-03-25,Senate,"Senate Final Passage",20,0,0,1,21
1185331,839904,2019-04-09,Senate,"Senate Final Passage",15,6,0,0,21
1185331,870976,2019-05-23,Assembly,"Assembly Final Passage",33,7,0,1,41
1185423,810224,2019-02-27,Senate,"Senate Final Passage",21,0,0,0,21
1185423,872353,2019-05-24,Assembly,"Assembly Final Passage",37,2,0,2,41
1185889,849406,2019-04-23,Senate,"Senate Final Passage",21,0,0,0,21
1186346,849833,2019-04-23,Senate,"Senate Final Passage",20,1,0,0,21
1186639,850218,2019-04-23,Assembly,"Assembly Final Passage",38,3,0,1,42
1186639,865614,2019-05-16,Senate,"Senate Final Passage",19,2,0,0,21
1190610,818257,2019-03-11,Assembly,"Assembly Final Passage",36,5,0,1,42
1190610,826242,2019-03-21,Senate,"Senate Final Passage",19,0,0,1,20
1190794,832054,2019-03-29,Assembly,"Assembly Final Passage",37,2,0,2,41
1190794,870742,2019-05-23,Senate,"Senate Final Passage",19,2,0,0,21
1190837,804950,2019-02-20,Senate,"Senate Final Passage",21,0,0,0,21
1190837,872272,2019-05-24,Assembly,"Assembly Final Passage",39,0,0,2,41
1191015,825065,2019-03-19,Senate,"Senate Final Passage",20,0,0,0,20
1191015,872183,2019-05-24,Assembly,"Assembly Final Passage",37,2,0,2,41
1192289,871960,2019-05-24,Senate,"Senate Final Passage",21,0,0,0,21
1192289,875463,2019-05-30,Assembly,"Assembly Final Passage",40,0,0,1,41
1192488,839111,2019-04-09,Senate,"Senate Final Passage",21,0,0,0,21
1192488,865419,2019-05-16,Assembly,"Assembly Final Passage",39,0,0,2,41
1193281,846769,2019-04-17,Senate,"Senate Final Passage",21,0,0,0,21
1193281,870813,2019-05-23,Assembly,"Assembly Final Passage",40,0,0,1,41
1194898,876254,2019-06-01,Senate,"Senate Final Passage",13,8,0,0,21
1194898,876433,2019-06-02,Assembly,"Assembly Final Passage",12,6,0,23,41
1194898,880057,2019-06-02,Assembly,"Assembly Final Passage",28,13,0,0,41
1195258,845069,2019-04-16,Senate,"Senate Final Passage",21,0,0,0,21
1195258,871108,2019-05-23,Assembly,"Assembly Final Passage",40,0,0,1,41
1198754,849865,2019-04-23,Assembly,"Assembly Final Passage",41,0,0,1,42
1198754,867463,2019-05-20,Senate,"Senate Final Passage",20,0,0,1,21
1198791,847291,2019-04-18,Assembly,"Assembly Final Passage",41,0,0,1,42
1198910,872214,2019-05-24,Assembly,"Assembly Final Passage",27,12,0,2,41
1198951,846737,2019-04-17,Senate,"Senate Final Passage",21,0,0,0,21
1198951,872065,2019-05-24,Assembly,"Assembly Final Passage",39,0,0,2,41
1198992,848388,2019-04-19,Assembly,"Assembly Final Passage",40,0,0,2,42
1198992,860650,2019-05-07,Senate,"Senate Final Passage",21,0,0,0,21
1199073,798878,2019-02-13,Senate,"Senate Final Passage",13,8,0,0,21
1199073,801614,2019-02-15,Assembly,"Assembly Final Passage",28,13,0,1,42
1199111,846472,2019-04-17,Assembly,"Assembly Final Passage",41,0,0,1,42
1199111,868779,2019-05-21,Senate,"Senate Final Passage",20,0,0,1,21
1199151,826248,2019-03-21,Senate,"Senate Final Passage",19,0,0,1,20
1199151,862408,2019-05-10,Assembly,"Assembly Final Passage",40,0,0,1,41
1200251,844878,2019-04-16,Assembly,"Assembly Final Passage",40,0,0,2,42
1200251,868305,2019-05-21,Senate,"Senate Final Passage",20,0,0,1,21
1200290,820788,2019-03-13,Assembly,"Assembly Final Passage",40,0,0,2,42
1200290,855487,2019-04-30,Senate,"Senate Final Passage",20,0,0,1,21
1200368,850244,2019-04-23,Assembly,"Assembly Final Passage",40,0,0,2,42
1200368,867800,2019-05-20,Senate,"Senate Final Passage",20,0,0,1,21
1200406,846661,2019-04-17,Senate,"Senate Final Passage",21,0,0,0,21
1200406,871573,2019-05-23,Assembly,"Assembly Final Passage",40,0,0,1,41
1200446,850285,2019-04-23,Senate,"Senate Final Passage",13,8,0,0,21
1200446,870773,2019-05-23,Assembly,"Assembly Final Passage",28,12,0,1,41
1200525,871771,2019-05-23,Assembly,"Assembly Final Passage",32,8,0,1,41
1200525,876094,2019-05-31,Senate,"Senate Final Passage",12,8,0,1,21
1200563,848806,2019-04-22,Senate,"Senate Final Passage",20,1,0,0,21
1200601,845154,2019-04-16,Senate,"Senate Final Passage",21,0,0,0,21
1200601,872239,2019-05-24,Assembly,"Assembly Final Passage",39,0,0,2,41
1201531,849538,2019-04-23,Assembly,"Assembly Final Passage",33,8,0,1,42
1201531,872134,2019-05-24,Senate,"Senate Final Passage",12,8,1,0,21
1201655,874898,2019-05-30,Senate,"Senate Final Passage",12,7,0,2,21
1201655,875792,2019-05-31,Assembly,"Assembly Final Passage",28,13,0,0,41
1201897,850369,2019-04-23,Assembly,"Assembly Final Passage",41,0,0,1,42
1201897,861026,2019-05-08,Senate,"Senate Final Passage",21,0,0,0,21
1202021,842221,2019-04-11,Assembly,"Assembly Final Passage",40,0,0,1,41
1202021,856192,2019-05-01,Senate,"Senate Final Passage",21,0,0,0,21
1202145,844879,2019-04-16,Assembly,"Assembly Final Passage",40,0,0,2,42
1202145,861427,2019-05-08,Senate,"Senate Final Passage",21,0,0,0,21
1202269,847334,2019-04-18,Senate,"Senate Final Passage",21,0,0,0,21
1202269,860535,2019-05-07,Assembly,"Assembly Final Passage",38,1,0,2,41
1202953,854154,2019-04-29,Assembly,"Assembly Final Passage",28,12,0,2,42
1202953,867745,2019-05-20,Senate,"Senate Final Passage",12,8,0,1,21
1203827,844880,2019-04-16,Assembly,"Assembly Final Passage",32,8,0,2,42
1203827,872187,2019-05-24,Senate,"Senate Final Passage",15,4,0,2,21
1203914,823290,2019-03-18,Senate,"Senate Final Passage",19,1,0,0,20
1203960,819893,2019-03-12,Senate,"Senate Final Passage",19,1,0,0,20
1203960,865284,2019-05-16,Assembly,"Assembly Final Passage",39,0,0,2,41
1204050,848381,2019-04-19,Senate,"Senate Final Passage",21,0,0,0,21
1204050,872186,2019-05-24,Assembly,"Assembly Final Passage",37,2,0,2,41
1204271,846814,2019-04-17,Senate,"Senate Final Passage",21,0,0,0,21
1204271,877040,2019-06-03,Assembly,"Assembly Final Passage",40,1,0,0,41
1204320,876280,2019-06-01,Senate,"Senate Final Passage",21,0,0,0,21
1204320,876625,2019-06-03,Assembly,"Assembly Final Passage",38,3,0,0,41
1204365,849984,2019-04-23,Assembly,"Assembly Final Passage",41,0,0,1,42
1204365,860356,2019-05-07,Senate,"Senate Final Passage",21,0,0,0,21
1204452,848212,2019-04-19,Assembly,"Assembly Final Passage",40,0,0,2,42
1204452,872102,2019-05-24,Senate,"Senate Final Passage",21,0,0,0,21
1204543,846777,2019-04-17,Senate,"Senate Final Passage",21,0,0,0,21
1204543,865523,2019-05-16,Assembly,"Assembly Final Passage",39,0,0,2,41
1204586,845482,2019-04-16,Senate,"Senate Final Passage",21,0,0,0,21
1204586,872173,2019-05-24,Assembly,"Assembly Final Passage",39,0,0,2,41
1204720,849513,2019-04-23,Assembly,"Assembly Final Passage",41,0,0,1,42
1204720,872219,2019-05-24,Senate,"Senate Final Passage",20,0,1,0,21
1204763,848331,2019-04-19,Assembly,"Assembly Final Passage",40,0,0,2,42
1204763,869269,2019-05-22,Senate,"Senate Final Passage",21,0,0,0,21
1206430,873672,2019-05-28,Assembly,"Assembly Final Passage",40,0,0,1,41
1206430,876866,2019-06-03,Senate,"Senate Final Passage",21,0,0,0,21
1206535,821621,2019-03-14,Assembly,"Assembly Final Passage",40,0,0,1,41
1206535,858987,2019-05-03,Senate,"Senate Final Passage",21,0,0,0,21
1206589,849618,2019-04-23,Assembly,"Assembly Final Passage",38,3,0,1,42
1206589,867586,2019-05-20,Senate,"Senate Final Passage",20,0,0,1,21
1206749,849553,2019-04-23,Assembly,"Assembly Final Passage",32,9,0,1,42
1206802,861483,2019-05-08,Assembly,"Assembly Final Passage",40,0,0,1,41
1206802,872502,2019-05-25,Senate,"Senate Final Passage",19,0,0,2,21
1206910,860551,2019-05-07,Assembly,"Assembly Final Passage",39,0,0,2,41
1207072,873699,2019-05-28,Assembly,"Assembly Final Passage",40,0,0,1,41
1207072,876298,2019-06-02,Senate,"Senate Final Passage",20,1,0,0,21
1207128,848390,2019-04-19,Assembly,"Assembly Final Passage",40,0,0,2,42
1207128,861272,2019-05-08,Senate,"Senate Final Passage",21,0,0,0,21
1207181,845027,2019-04-16,Assembly,"Assembly Final Passage",28,12,0,2,42
1207181,867662,2019-05-20,Senate,"Senate Final Passage",14,6,0,1,21
1207235,821514,2019-03-14,Assembly,"Assembly Final Passage",40,0,0,1,41
1207235,848368,2019-04-19,Senate,"Senate Final Passage",21,0,0,0,21
1207288,846696,2019-04-17,Assembly,"Assembly Final Passage",34,7,0,1,42
1207288,870954,2019-05-23,Senate,"Senate Final Passage",15,5,1,0,21
1207343,875583,2019-05-30,Assembly,"Assembly Final Passage",39,1,0,1,41
1207343,876258,2019-06-01,Senate,"Senate Final Passage",21,0,0,0,21
1207396,849859,2019-04-23,Assembly,"Assembly Final Passage",37,3,0,2,42
1207396,871989,2019-05-24,Senate,"Senate Final Passage",21,0,0,0,21
1207448,845329,2019-04-16,Assembly,"Assembly Final Passage",40,0,0,2,42
1207501,850227,2019-04-23,Assembly,"Assembly Final Passage",39,2,0,1,42
1207501,871962,2019-05-24,Senate,"Senate Final Passage",21,0,0,0,21
1208762,839790,2019-04-09,Senate,"Senate Final Passage",21,0,0,0,21
1208858,845155,2019-04-16,Senate,"Senate Final Passage",21,0,0,0,21
1208858,871985,2019-05-24,Assembly,"Assembly Final Passage",39,0,0,2,41
1208892,848441,2019-04-22,Senate,"Senate Final Passage",20,1,0,0,21
1208892,876149,2019-06-01,Assembly,"Assembly Final Passage",38,3,0,0,41
1208955,876488,2019-06-02,Senate,"Senate Final Passage",21,0,0,0,21
1208988,876263,2019-06-01,Senate,"Senate Final Passage",21,0,0,0,21
1208988,876494,2019-06-02,Assembly,"Assembly Final Passage",41,0,0,0,41
1209052,814781,2019-03-06,Senate,"Senate Final Passage",20,0,0,0,20
1209052,872156,2019-05-24,Assembly,"Assembly Final Passage",39,0,0,2,41
1209086,848380,2019-04-19,Senate,"Senate Final Passage",21,0,0,0,21
1209086,862785,2019-05-10,Assembly,"Assembly Final Passage",40,0,0,1,41
1209195,848389,2019-04-19,Senate,"Senate Final Passage",21,0,0,0,21
1209195,865236,2019-05-16,Assembly,"Assembly Final Passage",39,0,0,2,41
1209203,846998,2019-04-17,Senate,"Senate Final Passage",21,0,0,0,21
1209203,872293,2019-05-24,Assembly,"Assembly Final Passage",38,1,0,2,41
1209209,847303,2019-04-18,Assembly,"Assembly Final Passage",41,0,0,1,42
1209209,860567,2019-05-07,Senate,"Senate Final Passage",21,0,0,0,21
1209212,849942,2019-04-23,Senate,"Senate Final Passage",21,0,0,0,21
1209215,849667,2019-04-23,Senate,"Senate Final Passage",21,0,0,0,21
1209215,870718,2019-05-23,Assembly,"Assembly Final Passage",40,0,0,1,41
1209224,844927,2019-04-16,Assembly,"Assembly Final Passage",23,17,0,2,42
1209224,868047,2019-05-21,Senate,"Senate Final Passage",12,8,0,1,21
1209231,848427,2019-04-22,Senate,"Senate Final Passage",21,0,0,0,21
1209231,871057,2019-05-23,Assembly,"Assembly Final Passage",40,0,0,1,41
1209235,849912,2019-04-23,Senate,"Senate Final Passage",21,0,0,0,21
1209235,871382,2019-05-23,Assembly,"Assembly Final Passage",40,0,0,1,41
1209239,848787,2019-04-22,Senate,"Senate Final Passage",21,0,0,0,21
1209239,872129,2019-05-24,Assembly,"Assembly Final Passage",39,0,0,2,41
1209242,873252,2019-05-27,Senate,"Senate Final Passage",21,0,0,0,21
1209242,876624,2019-06-03,Assembly,"Assembly Final Passage",41,0,0,0,41
1209248,848354,2019-04-19,Senate,"Senate Final Passage",13,8,0,0,21
1209248,872230,2019-05-24,Assembly,"Assembly Final Passage",27,12,0,2,41
1209255,849835,2019-04-23,Assembly,"Assembly Final Passage",37,3,0,2,42
1209255,868098,2019-05-21,Senate,"Senate Final Passage",20,0,0,1,21
1209258,850357,2019-04-23,Senate,"Senate Final Passage",21,0,0,0,21
1209258,866015,2019-05-16,Assembly,"Assembly Final Passage",36,3,0,2,41
1209264,846340,2019-04-17,Senate,"Senate Final Passage",21,0,0,0,21
1209267,848432,2019-04-22,Senate,"Senate Final Passage",20,1,0,0,21
1209267,865651,2019-05-16,Assembly,"Assembly Final Passage",39,0,0,2,41
1209270,848403,2019-04-19,Senate,"Senate Final Passage",21,0,0,0,21
1209270,872191,2019-05-24,Assembly,"Assembly Final Passage",38,1,0,2,41
1209277,876427,2019-06-02,Senate,"Senate Final Passage",21,0,0,0,21
1209277,876926,2019-06-03,Assembly,"Assembly Final Passage",41,0,0,0,41
1209285,823448,2019-03-18,Senate,"Senate Final Passage",20,0,0,0,20
1209285,862779,2019-05-10,Assembly,"Assembly Final Passage",40,0,0,1,41
1209291,844973,2019-04-16,Assembly,"Assembly Final Passage",40,0,0,2,42
1209291,855506,2019-04-30,Senate,"Senate Final Passage",20,0,0,1,21
1209296,847862,2019-04-18,Senate,"Senate Final Passage",13,8,0,0,21
1209296,869653,2019-05-22,Assembly,"Assembly Final Passage",28,12,0,1,41
1209299,821164,2019-03-13,Assembly,"Assembly Final Passage",40,0,0,2,42
1209299,841527,2019-04-10,Senate,"Senate Final Passage",21,0,0,0,21
1209306,823741,2019-03-18,Senate,"Senate Final Passage",20,0,0,0,20
1209306,870774,2019-05-23,Assembly,"Assembly Final Passage",40,0,0,1,41
1209309,848606,2019-04-22,Senate,"Senate Final Passage",11,10,0,0,21
1209309,870568,2019-05-23,Assembly,"Assembly Final Passage",24,16,0,1,41
1209316,846940,2019-04-17,Assembly,"Assembly Final Passage",41,0,0,1,42
1209316,868066,2019-05-21,Senate,"Senate Final Passage",20,0,0,1,21
1209325,825076,2019-03-19,Assembly,"Assembly Final Passage",40,0,0,1,41
1209325,856798,2019-05-01,Senate,"Senate Final Passage",21,0,0,0,21
1209337,876282,2019-06-01,Senate,"Senate Final Passage",19,2,0,0,21
1209337,876983,2019-06-03,Assembly,"Assembly Final Passage",35,6,0,0,41
1209353,845163,2019-04-16,Senate,"Senate Final Passage",21,0,0,0,21
1209353,871023,2019-05-23,Assembly,"Assembly Final Passage",40,0,0,1,41
1209359,849817,2019-04-23,Senate,"Senate Final Passage",21,0,0,0,21
1209359,867446,2019-05-20,Assembly,"Assembly Final Passage",30,10,0,1,41
1209365,839156,2019-04-09,Senate,"Senate Final Passage",21,0,0,0,21
1209365,871997,2019-05-24,Assembly,"Assembly Final Passage",39,0,0,2,41
1209367,849848,2019-04-23,Assembly,"Assembly Final Passage",40,1,0,1,42
1209367,860460,2019-05-07,Senate,"Senate Final Passage",21,0,0,0,21
1209371,844977,2019-04-16,Senate,"Senate Final Passage",12,9,0,0,21
1209371,868129,2019-05-21,Assembly,"Assembly Final Passage",27,13,0,1,41
1209379,846420,2019-04-17,Assembly,"Assembly Final Passage",29,12,0,1,42
1209379,868601,2019-05-21,Senate,"Senate Final Passage",12,8,0,1,21
1209391,849858,2019-04-23,Assembly,"Assembly Final Passage",33,8,0,1,42
1209391,871842,2019-05-24,Senate,"Senate Final Passage",19,2,0,0,21
1209393,845056,2019-04-16,Assembly,"Assembly Final Passage",40,0,0,2,42
1209393,860752,2019-05-07,Senate,"Senate Final Passage",21,0,0,0,21
1209400,847436,2019-04-18,Senate,"Senate Final Passage",21,0,0,0,21
1209400,862822,2019-05-10,Assembly,"Assembly Final Passage",40,0,0,1,41
1209403,824329,2019-03-19,Senate,"Senate Final Passage",20,0,0,0,20
1209403,872075,2019-05-24,Assembly,"Assembly Final Passage",35,4,0,2,41
1209406,846811,2019-04-17,Senate,"Senate Final Passage",21,0,0,0,21
1209406,862053,2019-05-09,Assembly,"Assembly Final Passage",40,0,0,1,41
1209411,847867,2019-04-18,Senate,"Senate Final Passage",14,7,0,0,21
1209411,872253,2019-05-24,Assembly,"Assembly Final Passage",31,8,0,2,41
1209414,876264,2019-06-01,Senate,"Senate Final Passage",21,0,0,0,21
1209414,876864,2019-06-03,Assembly,"Assembly Final Passage",41,0,0,0,41
1209423,876066,2019-05-31,Senate,"Senate Final Passage",20,0,0,1,21
1209423,876999,2019-06-03,Assembly,"Assembly Final Passage",41,0,0,0,41
1209432,873714,2019-05-28,Assembly,"Assembly Final Passage",40,0,0,1,41
1209432,876905,2019-06-03,Senate,"Senate Final Passage",21,0,0,0,21
1209435,840984,2019-04-10,Senate,"Senate Final Passage",21,0,0,0,21
1209435,870690,2019-05-23,Assembly,"Assembly Final Passage",40,0,0,1,41
1209443,875801,2019-05-30,Senate,"Senate Final Passage",19,0,1,1,21
1209443,876182,2019-06-01,Assembly,"Assembly Final Passage",41,0,0,0,41
1209452,868733,2019-05-21,Senate,"Senate Final Passage",17,3,0,1,21
1209452,873967,2019-05-28,Assembly,"Assembly Final Passage",30,9,0,2,41
1209455,875978,2019-05-31,Senate,"Senate Final Passage",20,0,0,1,21
1209455,876801,2019-06-03,Assembly,"Assembly Final Passage",41,0,0,0,41
1209461,844159,2019-04-15,Senate,"Senate Final Passage",21,0,0,0,21
1209461,872291,2019-05-24,Assembly,"Assembly Final Passage",39,0,0,2,41
1209463,850000,2019-04-23,Senate,"Senate Final Passage",21,0,0,0,21
1209466,845537,2019-04-16,Senate,"Senate Final Passage",21,0,0,0,21
1209466,865473,2019-05-16,Assembly,"Assembly Final Passage",39,0,0,2,41
1209468,845152,2019-04-16,Senate,"Senate Final Passage",20,0,1,0,21
1209470,850003,2019-04-23,Assembly,"Assembly Final Passage",29,12,0,1,42
1209470,867529,2019-05-20,Senate,"Senate Final Passage",12,8,0,1,21
1209478,847921,2019-04-18,Assembly,"Assembly Final Passage",40,1,0,1,42
1209478,872069,2019-05-24,Senate,"Senate Final Passage",18,2,0,1,21
1209480,846964,2019-04-17,Assembly,"Assembly Final Passage",41,0,0,1,42
1209480,867727,2019-05-20,Senate,"Senate Final Passage",20,0,0,1,21
1209492,875575,2019-05-30,Assembly,"Assembly Final Passage",40,0,0,1,41
1209492,876278,2019-06-01,Senate,"Senate Final Passage",21,0,0,0,21
1209505,802594,2019-02-18,Assembly,"Assembly Final Passage",34,6,0,2,42
1209505,871995,2019-05-24,Senate,"Senate Final Passage",20,0,0,1,21
1209508,831883,2019-03-29,Assembly,"Assembly Final Passage",39,0,0,2,41
1209508,867751,2019-05-20,Senate,"Senate Final Passage",20,0,0,1,21
1209509,850348,2019-04-23,Assembly,"Assembly Final Passage",41,0,0,1,42
1209509,867715,2019-05-20,Senate,"Senate Final Passage",20,0,0,1,21
1209513,849951,2019-04-23,Assembly,"Assembly Final Passage",39,1,0,2,42
1209516,845028,2019-04-16,Assembly,"Assembly Final Passage",39,1,0,2,42
1209516,856695,2019-05-01,Senate,"Senate Final Passage",21,0,0,0,21
1209529,844952,2019-04-16,Assembly,"Assembly Final Passage",40,0,0,2,42
1209529,855333,2019-04-30,Senate,"Senate Final Passage",20,0,0,1,21
1209536,876265,2019-06-01,Assembly,"Assembly Final Passage",38,0,0,3,41
1209536,876825,2019-06-03,Senate,"Senate Final Passage",21,0,0,0,21
1209538,850350,2019-04-23,Assembly,"Assembly Final Passage",40,1,0,1,42
1209538,867538,2019-05-20,Senate,"Senate Final Passage",20,0,0,1,21
1209541,850153,2019-04-23,Assembly,"Assembly Final Passage",40,1,0,1,42
1209541,876890,2019-06-03,Senate,"Senate Final Passage",21,0,0,0,21
1209543,849962,2019-04-23,Assembly,"Assembly Final Passage",41,0,0,1,42
1209543,867297,2019-05-20,Senate,"Senate Final Passage",20,0,0,1,21
1209544,845001,2019-04-16,Assembly,"Assembly Final Passage",38,2,0,2,42
1209544,872165,2019-05-24,Senate,"Senate Final Passage",13,6,0,2,21
1209922,846566,2019-04-17,Senate,"Senate Final Passage",13,8,0,0,21
1209922,867368,2019-05-20,Assembly,"Assembly Final Passage",28,12,0,1,41
1210176,832021,2019-03-29,Senate,"Senate Final Passage",21,0,0,0,21
1210176,861806,2019-05-09,Assembly,"Assembly Final Passage",40,0,0,1,41
1211442,845226,2019-04-16,Senate,"Senate Final Passage",21,0,0,0,21
1211442,872097,2019-05-24,Assembly,"Assembly Final Passage",39,0,0,2,41
1213217,854270,2019-04-29,Assembly,"Assembly Final Passage",40,0,0,2,42
1213217,868522,2019-05-21,Senate,"Senate Final Passage",20,0,0,1,21
1213294,870593,2019-05-23,Assembly,"Assembly Final Passage",39,1,0,1,41
1213294,876734,2019-06-03,Senate,"Senate Final Passage",19,2,0,0,21
1213373,844988,2019-04-16,Assembly,"Assembly Final Passage",40,0,0,2,42
1213373,856543,2019-05-01,Senate,"Senate Final Passage",21,0,0,0,21
1213448,839298,2019-04-09,Senate,"Senate Final Passage",19,2,0,0,21
1213448,872044,2019-05-24,Assembly,"Assembly Final Passage",32,7,0,2,41
1213527,845003,2019-04-16,Assembly,"Assembly Final Passage",40,0,0,2,42
1213527,872213,2019-05-24,Senate,"Senate Final Passage",21,0,0,0,21
1213606,844180,2019-04-15,Senate,"Senate Final Passage",21,0,0,0,21
1213606,865971,2019-05-16,Assembly,"Assembly Final Passage",39,0,0,2,41
1213760,873886,2019-05-28,Assembly,"Assembly Final Passage",39,0,0,2,41
1213760,875817,2019-05-31,Senate,"Senate Final Passage",20,0,0,1,21
1215029,845620,2019-04-16,Assembly,"Assembly Final Passage",40,0,0,2,42
1215029,870956,2019-05-23,Senate,"Senate Final Passage",20,1,0,0,21
1216433,844503,2019-04-15,Senate,"Senate Final Passage",21,0,0,0,21
1222478,844999,2019-04-16,Assembly,"Assembly Final Passage",40,0,0,2,42
1222478,870908,2019-05-23,Senate,"Senate Final Passage",14,7,0,0,21
1222548,848385,2019-04-19,Senate,"Senate Final Passage",21,0,0,0,21
1222548,872025,2019-05-24,Assembly,"Assembly Final Passage",39,0,0,2,41
1222763,850253,2019-04-23,Assembly,"Assembly Final Passage",41,0,0,1,42
1222763,861267,2019-05-08,Senate,"Senate Final Passage",21,0,0,0,21
1222833,846962,2019-04-17,Senate,"Senate Final Passage",21,0,0,0,21
1222833,871991,2019-05-24,Assembly,"Assembly Final Passage",39,0,0,2,41
1222902,844962,2019-04-16,Assembly,"Assembly Final Passage",40,0,0,2,42
1222902,860643,2019-05-07,Senate,"Senate Final Passage",21,0,0,0,21
1223047,873775,2019-05-28,Assembly,"Assembly Final Passage",40,0,0,1,41
1223047,876925,2019-06-03,Senate,"Senate Final Passage",15,6,0,0,21
1224796,849799,2019-04-23,Senate,"Senate Final Passage",21,0,0,0,21
1224796,872273,2019-05-24,Assembly,"Assembly Final Passage",32,7,0,2,41
1225323,826240,2019-03-21,Senate,"Senate Final Passage",19,0,0,1,20
1225845,848289,2019-04-19,Senate,"Senate Final Passage",21,0,0,0,21
1225845,871857,2019-05-24,Assembly,"Assembly Final Passage",36,3,0,2,41
1227706,874377,2019-05-29,Assembly,"Assembly Final Passage",39,0,0,2,41
1227706,876915,2019-06-03,Senate,"Senate Final Passage",21,0,0,0,21
1227788,873762,2019-05-28,Assembly,"Assembly Final Passage",28,12,0,1,41
1227788,876921,2019-06-03,Senate,"Senate Final Passage",19,2,0,0,21
1227831,876497,2019-06-02,Senate,"Senate Final Passage",21,0,0,0,21
1227831,876722,2019-06-03,Assembly,"Assembly Final Passage",40,1,0,0,41
1227874,847980,2019-04-18,Assembly,"Assembly Final Passage",41,0,0,1,42
1227874,869249,2019-05-22,Senate,"Senate Final Passage",21,0,0,0,21
1227918,872152,2019-05-24,Assembly,"Assembly Final Passage",39,0,0,2,41
1227918,875934,2019-05-31,Senate,"Senate Final Passage",20,0,0,1,21
1228003,844923,2019-04-16,Assembly,"Assembly Final Passage",34,6,0,2,42
1228003,869605,2019-05-22,Senate,"Senate Final Passage",21,0,0,0,21
1230130,848379,2019-04-19,Senate,"Senate Final Passage",21,0,0,0,21
1230130,872282,2019-05-24,Assembly,"Assembly Final Passage",39,0,0,2,41
1230204,849660,2019-04-23,Assembly,"Assembly Final Passage",41,0,0,1,42
1230204,868742,2019-05-21,Senate,"Senate Final Passage",20,0,0,1,21
1230280,848440,2019-04-22,Senate,"Senate Final Passage",21,0,0,0,21
1230357,848361,2019-04-19,Senate,"Senate Final Passage",19,2,0,0,21
1230357,872193,2019-05-24,Assembly,"Assembly Final Passage",38,1,0,2,41
1231450,850181,2019-04-23,Assembly,"Assembly Final Passage",38,3,0,1,42
1231450,868535,2019-05-21,Senate,"Senate Final Passage",19,1,0,1,21
1231719,850440,2019-04-23,Senate,"Senate Final Passage",21,0,0,0,21
1231719,872224,2019-05-24,Assembly,"Assembly Final Passage",39,0,0,2,41
1233896,873301,2019-05-27,Senate,"Senate Final Passage",13,8,0,0,21
1233896,874948,2019-05-30,Assembly,"Assembly Final Passage",28,12,0,1,41
1236890,849554,2019-04-23,Senate,"Senate Final Passage",11,10,0,0,21
1236970,850130,2019-04-23,Assembly,"Assembly Final Passage",32,9,0,1,42
1236970,872088,2019-05-24,Senate,"Senate Final Passage",20,0,0,1,21
1237006,847289,2019-04-18,Senate,"Senate Final Passage",21,0,0,0,21
1237006,872325,2019-05-24,Assembly,"Assembly Final Passage",39,0,0,2,41
1237042,850018,2019-04-23,Assembly,"Assembly Final Passage",40,0,0,2,42
1237042,872304,2019-05-24,Senate,"Senate Final Passage",20,0,0,1,21
1237535,875536,2019-05-30,Senate,"Senate Final Passage",16,3,1,1,21
1237535,875911,2019-05-31,Assembly,"Assembly Final Passage",30,11,0,0,41
1237574,849900,2019-04-23,Assembly,"Assembly Final Passage",41,0,0,1,42
1237616,850211,2019-04-23,Assembly,"Assembly Final Passage",34,7,0,1,42
1237616,868086,2019-05-21,Senate,"Senate Final Passage",20,0,0,1,21
1237634,847316,2019-04-18,Senate,"Senate Final Passage",19,2,0,0,21
1237634,869139,2019-05-22,Assembly,"Assembly Final Passage",28,12,0,1,41
1237744,875462,2019-05-30,Assembly,"Assembly Final Passage",39,1,0,1,41
1237744,876987,2019-06-03,Senate,"Senate Final Passage",21,0,0,0,21
1237780,844188,2019-04-15,Senate,"Senate Final Passage",21,0,0,0,21
1237780,870957,2019-05-23,Assembly,"Assembly Final Passage",40,0,0,1,41
1238407,876705,2019-06-02,Senate,"Senate Final Passage",21,0,0,0,21
1238507,850447,2019-04-23,Assembly,"Assembly Final Passage",30,10,0,2,42
1238524,848019,2019-04-18,Assembly,"Assembly Final Passage",41,0,0,1,42
1238524,868264,2019-05-21,Senate,"Senate Final Passage",20,0,0,1,21
1238553,848400,2019-04-19,Assembly,"Assembly Final Passage",40,0,0,2,42
1238553,869913,2019-05-22,Senate,"Senate Final Passage",21,0,0,0,21
1238569,829709,2019-03-27,Senate,"Senate Final Passage",20,0,0,1,21
1238569,860266,2019-05-07,Assembly,"Assembly Final Passage",39,0,0,2,41
1238585,850090,2019-04-23,Assembly,"Assembly Final Passage",41,0,0,1,42
1238585,869121,2019-05-22,Senate,"Senate Final Passage",21,0,0,0,21
1238626,839041,2019-04-09,Senate,"Senate Final Passage",21,0,0,0,21
1238626,869831,2019-05-22,Assembly,"Assembly Final Passage",38,2,0,1,41
1239117,845192,2019-04-16,Assembly,"Assembly Final Passage",39,1,0,2,42
1239117,871134,2019-05-23,Senate,"Senate Final Passage",21,0,0,0,21
1239138,850006,2019-04-23,Assembly,"Assembly Final Passage",41,0,0,1,42
1239138,868110,2019-05-21,Senate,"Senate Final Passage",20,0,0,1,21
1239197,874177,2019-05-29,Assembly,"Assembly Final Passage",39,0,0,2,41
1239284,867251,2019-05-20,Assembly,"Assembly Final Passage",40,0,0,1,41
1239284,876448,2019-06-02,Senate,"Senate Final Passage",21,0,0,0,21
1239305,840777,2019-04-10,Senate,"Senate Final Passage",21,0,0,0,21
1239305,872254,2019-05-24,Assembly,"Assembly Final Passage",39,0,0,2,41
1239327,846512,2019-04-17,Assembly,"Assembly Final Passage",41,0,0,1,42
1239327,861095,2019-05-08,Senate,"Senate Final Passage",21,0,0,0,21
1239369,873783,2019-05-28,Assembly,"Assembly Final Passage",40,0,0,1,41
1239369,876012,2019-05-31,Senate,"Senate Final Passage",20,0,0,1,21
1239391,848424,2019-04-22,Senate,"Senate Final Passage",21,0,0,0,21
1239391,875629,2019-05-30,Assembly,"Assembly Final Passage",40,0,0,1,41
1239431,846526,2019-04-17,Assembly,"Assembly Final Passage",41,0,0,1,42
1239431,870793,2019-05-23,Senate,"Senate Final Passage",21,0,0,0,21
1239997,873583,2019-05-28,Assembly,"Assembly Final Passage",28,12,0,1,41
1239997,877038,2019-06-03,Senate,"Senate Final Passage",21,0,0,0,21
1240025,849991,2019-04-23,Assembly,"Assembly Final Passage",21,8,0,13,42
1240025,869716,2019-05-22,Senate,"Senate Final Passage",19,2,0,0,21
1240084,850118,2019-04-23,Assembly,"Assembly Final Passage",41,0,0,1,42
1240084,868452,2019-05-21,Senate,"Senate Final Passage",20,0,0,1,21
1240099,845321,2019-04-16,Senate,"Senate Final Passage",21,0,0,0,21
1240099,861945,2019-05-09,Assembly,"Assembly Final Passage",37,3,0,1,41
1240115,873793,2019-05-28,Assembly,"Assembly Final Passage",40,0,0,1,41
1240115,874992,2019-05-30,Senate,"Senate Final Passage",19,0,0,2,21
1240130,850287,2019-04-23,Assembly,"Assembly Final Passage",41,0,0,1,42
1240130,868844,2019-05-21,Senate,"Senate Final Passage",20,0,0,1,21
1240160,850229,2019-04-23,Assembly,"Assembly Final Passage",40,1,0,1,42
1240160,868245,2019-05-21,Senate,"Senate Final Passage",19,1,0,1,21
1240189,876350,2019-06-02,Senate,"Senate Final Passage",21,0,0,0,21
1240189,877016,2019-06-03,Assembly,"Assembly Final Passage",41,0,0,0,41
1240223,839071,2019-04-09,Senate,"Senate Final Passage",21,0,0,0,21
1240223,860243,2019-05-07,Assembly,"Assembly Final Passage",39,0,0,2,41
1240487,846345,2019-04-17,Senate,"Senate Final Passage",21,0,0,0,21
1240487,872300,2019-05-24,Assembly,"Assembly Final Passage",39,0,0,2,41
1240489,874187,2019-05-29,Assembly,"Assembly Final Passage",28,11,0,2,41
1240489,876286,2019-06-02,Senate,"Senate Final Passage",17,4,0,0,21
1240494,850101,2019-04-23,Senate,"Senate Final Passage",21,0,0,0,21
1240494,871344,2019-05-23,Assembly,"Assembly Final Passage",40,0,0,1,41
1240497,845095,2019-04-16,Assembly,"Assembly Final Passage",40,0,0,2,42
1240497,870582,2019-05-23,Senate,"Senate Final Passage",21,0,0,0,21
1240503,849718,2019-04-23,Assembly,"Assembly Final Passage",41,0,0,1,42
1240503,872171,2019-05-24,Senate,"Senate Final Passage",21,0,0,0,21
1240507,876690,2019-06-03,Assembly,"Assembly Final Passage",41,0,0,0,41
1240507,876691,2019-06-02,Senate,"Senate Final Passage",21,0,0,0,21
1240521,844271,2019-04-15,Senate,"Senate Final Passage",21,0,0,0,21
1240521,872199,2019-05-24,Assembly,"Assembly Final Passage",39,0,0,2,41
1240524,872157,2019-05-24,Senate,"Senate Final Passage",21,0,0,0,21
1240524,875505,2019-05-30,Assembly,"Assembly Final Passage",40,0,0,1,41
1240535,849581,2019-04-23,Assembly,"Assembly Final Passage",41,0,0,1,42
1240535,872248,2019-05-24,Senate,"Senate Final Passage",21,0,0,0,21
1240549,850141,2019-04-23,Assembly,"Assembly Final Passage",41,0,0,1,42
1240549,872136,2019-05-24,Senate,"Senate Final Passage",21,0,0,0,21
1240553,850377,2019-04-23,Assembly,"Assembly Final Passage",41,0,0,1,42
1240553,869585,2019-05-22,Senate,"Senate Final Passage",21,0,0,0,21
1240563,861550,2019-05-08,Assembly,"Assembly Final Passage",40,0,0,1,41
1240563,871384,2019-05-23,Senate,"Senate Final Passage",21,0,0,0,21
1240565,848009,2019-04-18,Senate,"Senate Final Passage",21,0,0,0,21
1240565,871486,2019-05-23,Assembly,"Assembly Final Passage",35,5,0,1,41
1240567,873647,2019-05-28,Assembly,"Assembly Final Passage",28,12,0,1,41
1240567,876804,2019-06-03,Senate,"Senate Final Passage",12,9,0,0,21
1240577,849842,2019-04-23,Assembly,"Assembly Final Passage",41,0,0,1,42
1240577,869094,2019-05-22,Senate,"Senate Final Passage",21,0,0,0,21
1240579,849619,2019-04-23,Assembly,"Assembly Final Passage",39,2,0,1,42
1240579,871994,2019-05-24,Senate,"Senate Final Passage",21,0,0,0,21
1240585,846876,2019-04-17,Assembly,"Assembly Final Passage",34,7,0,1,42
1240585,870587,2019-05-23,Senate,"Senate Final Passage",14,7,0,0,21
1240603,839119,2019-04-09,Senate,"Senate Final Passage",21,0,0,0,21
1240603,865074,2019-05-16,Assembly,"Assembly Final Passage",39,0,0,2,41
1240613,849779,2019-04-23,Assembly,"Assembly Final Passage",28,13,0,1,42
1240613,876074,2019-05-31,Senate,"Senate Final Passage",12,8,0,1,21
1240618,880172,2019-06-03,Senate,"Senate Final Passage",20,0,0,1,21
1240631,850044,2019-04-23,Assembly,"Assembly Final Passage",39,2,0,1,42
1240631,872284,2019-05-24,Senate,"Senate Final Passage",19,0,0,2,21
1240633,872335,2019-05-24,Assembly,"Assembly Final Passage",27,12,0,2,41
1240633,876489,2019-06-03,Senate,"Senate Final Passage",13,8,0,0,21
1240636,860343,2019-05-07,Assembly,"Assembly Final Passage",39,0,0,2,41
1240636,871143,2019-05-23,Senate,"Senate Final Passage",21,0,0,0,21
1240643,874732,2019-05-29,Senate,"Senate Final Passage",20,0,0,1,21
1240643,876260,2019-06-01,Assembly,"Assembly Final Passage",41,0,0,0,41
1240645,849666,2019-04-23,Assembly,"Assembly Final Passage",29,12,0,1,42
1240645,872277,2019-05-24,Senate,"Senate Final Passage",20,0,0,1,21
1240648,873295,2019-05-27,Senate,"Senate Final Passage",21,0,0,0,21
1240648,876994,2019-06-03,Assembly,"Assembly Final Passage",41,0,0,0,41
1240658,848586,2019-04-22,Senate,"Senate Final Passage",21,0,0,0,21
1240658,872038,2019-05-24,Assembly,"Assembly Final Passage",39,0,0,2,41
1240663,850154,2019-04-23,Assembly,"Assembly Final Passage",41,0,0,1,42
1240663,872169,2019-05-24,Senate,"Senate Final Passage",17,4,0,0,21
1240670,873331,2019-05-27,Senate,"Senate Final Passage",21,0,0,0,21
1240670,875490,2019-05-30,Assembly,"Assembly Final Passage",40,0,0,1,41
1240685,850168,2019-04-23,Assembly,"Assembly Final Passage",41,0,0,1,42
1240693,845352,2019-04-16,Senate,"Senate Final Passage",21,0,0,0,21
1240693,864688,2019-05-15,Assembly,"Assembly Final Passage",39,1,0,1,41
1240698,850160,2019-04-23,Senate,"Senate Final Passage",21,0,0,0,21
1240698,870156,2019-05-22,Assembly,"Assembly Final Passage",40,0,0,1,41
1240701,849647,2019-04-23,Assembly,"Assembly Final Passage",41,0,0,1,42
1240701,870914,2019-05-23,Senate,"Senate Final Passage",20,1,0,0,21
1240707,875139,2019-05-30,Assembly,"Assembly Final Passage",40,0,0,1,41
1240707,876268,2019-06-01,Senate,"Senate Final Passage",21,0,0,0,21
1240710,864586,2019-05-15,Senate,"Senate Final Passage",21,0,0,0,21
1240710,873823,2019-05-28,Assembly,"Assembly Final Passage",31,9,0,1,41
1240727,875175,2019-05-30,Senate,"Senate Final Passage",20,0,0,1,21
1240727,877063,2019-06-03,Assembly,"Assembly Final Passage",41,0,0,0,41
1240732,850391,2019-04-23,Senate,"Senate Final Passage",21,0,0,0,21
1240732,871509,2019-05-23,Assembly,"Assembly Final Passage",40,0,0,1,41
1240736,850171,2019-04-23,Senate,"Senate Final Passage",21,0,0,0,21
1240736,871979,2019-05-24,Assembly,"Assembly Final Passage",39,0,0,2,41
1240740,848619,2019-04-22,Senate,"Senate Final Passage",20,0,1,0,21
1240740,872261,2019-05-24,Assembly,"Assembly Final Passage",39,0,0,2,41
1240747,839801,2019-04-09,Senate,"Senate Final Passage",21,0,0,0,21
1240747,870679,2019-05-23,Assembly,"Assembly Final Passage",40,0,0,1,41
1240755,849971,2019-04-23,Senate,"Senate Final Passage",21,0,0,0,21
1240755,876420,2019-06-02,Assembly,"Assembly Final Passage",41,0,0,0,41
1240764,848684,2019-04-22,Senate,"Senate Final Passage",21,0,0,0,21
1240766,874846,2019-05-30,Senate,"Senate Final Passage",19,1,0,1,21
1240766,876899,2019-06-03,Assembly,"Assembly Final Passage",41,0,0,0,41
1240773,873303,2019-05-27,Senate,"Senate Final Passage",13,8,0,0,21
1240773,875283,2019-05-30,Assembly,"Assembly Final Passage",29,11,0,1,41
1240774,876285,2019-06-01,Senate,"Senate Final Passage",17,4,0,0,21
1240786,849898,2019-04-23,Senate,"Senate Final Passage",21,0,0,0,21
1240786,872130,2019-05-24,Assembly,"Assembly Final Passage",39,0,0,2,41
1240788,848397,2019-04-19,Senate,"Senate Final Passage",21,0,0,0,21
1240788,865409,2019-05-16,Assembly,"Assembly Final Passage",39,0,0,2,41
1240790,829625,2019-03-27,Senate,"Senate Final Passage",20,0,0,1,21
1240790,860220,2019-05-07,Assembly,"Assembly Final Passage",39,0,0,2,41
1240809,844957,2019-04-16,Senate,"Senate Final Passage",21,0,0,0,21
1240810,846678,2019-04-17,Senate,"Senate Final Passage",21,0,0,0,21
1240810,870861,2019-05-23,Assembly,"Assembly Final Passage",40,0,0,1,41
1240813,872531,2019-05-25,Senate,"Senate Final Passage",18,0,1,2,21
1240813,875548,2019-05-30,Assembly,"Assembly Final Passage",34,6,0,1,41
1240816,845315,2019-04-16,Senate,"Senate Final Passage",21,0,0,0,21
1240816,864161,2019-05-15,Assembly,"Assembly Final Passage",38,2,0,1,41
1240817,841267,2019-04-10,Senate,"Senate Final Passage",21,0,0,0,21
1240817,872033,2019-05-24,Assembly,"Assembly Final Passage",39,0,0,2,41
1240825,850049,2019-04-23,Assembly,"Assembly Final Passage",37,4,0,1,42
1240825,869395,2019-05-22,Senate,"Senate Final Passage",21,0,0,0,21
1240835,850179,2019-04-23,Assembly,"Assembly Final Passage",41,0,0,1,42
1240835,870044,2019-05-22,Senate,"Senate Final Passage",21,0,0,0,21
1240837,850567,2019-04-23,Assembly,"Assembly Final Passage",41,0,0,1,42
1240837,870078,2019-05-22,Senate,"Senate Final Passage",21,0,0,0,21
1240840,874934,2019-05-30,Assembly,"Assembly Final Passage",36,4,0,1,41
1240840,876719,2019-06-03,Senate,"Senate Final Passage",20,1,0,0,21
1240842,873607,2019-05-28,Assembly,"Assembly Final Passage",28,12,0,1,41
1240842,876371,2019-06-02,Senate,"Senate Final Passage",13,8,0,0,21
1240845,849923,2019-04-23,Assembly,"Assembly Final Passage",41,0,0,1,42
1240847,873700,2019-05-28,Assembly,"Assembly Final Passage",39,1,0,1,41
1240847,876771,2019-06-03,Senate,"Senate Final Passage",21,0,0,0,21
1240849,845055,2019-04-16,Assembly,"Assembly Final Passage",40,0,0,2,42
1240849,871560,2019-05-23,Senate,"Senate Final Passage",21,0,0,0,21
1240856,846503,2019-04-17,Assembly,"Assembly Final Passage",41,0,0,1,42
1240862,850265,2019-04-23,Senate,"Senate Final Passage",19,2,0,0,21
1240862,871945,2019-05-24,Assembly,"Assembly Final Passage",34,5,0,2,41
1240865,849790,2019-04-23,Assembly,"Assembly Final Passage",29,12,0,1,42
1240865,877149,2019-06-03,Senate,"Senate Final Passage",13,8,0,0,21
1240868,850116,2019-04-23,Assembly,"Assembly Final Passage",41,0,0,1,42
1240868,865147,2019-05-16,Senate,"Senate Final Passage",21,0,0,0,21
1240870,847288,2019-04-18,Assembly,"Assembly Final Passage",41,0,0,1,42
1240870,861310,2019-05-08,Senate,"Senate Final Passage",21,0,0,0,21
1240872,846581,2019-04-17,Senate,"Senate Final Passage",21,0,0,0,21
1240872,872245,2019-05-24,Assembly,"Assembly Final Passage",39,0,0,2,41
1240877,873862,2019-05-28,Assembly,"Assembly Final Passage",40,0,0,1,41
1240877,876478,2019-06-03,Senate,"Senate Final Passage",21,0,0,0,21
1240884,846969,2019-04-17,Assembly,"Assembly Final Passage",40,1,0,1,42
1240884,872276,2019-05-24,Senate,"Senate Final Passage",21,0,0,0,21
1240893,841298,2019-04-10,Senate,"Senate Final Passage",21,0,0,0,21
1240893,870753,2019-05-23,Assembly,"Assembly Final Passage",40,0,0,1,41
1240905,874007,2019-05-28,Assembly,"Assembly Final Passage",39,0,0,2,41
1240905,876271,2019-06-01,Senate,"Senate Final Passage",21,0,0,0,21
1240910,849723,2019-04-23,Assembly,"Assembly Final Passage",29,12,0,1,42
1240910,860382,2019-05-07,Senate,"Senate Final Passage",13,8,0,0,21
1240912,850222,2019-04-23,Assembly,"Assembly Final Passage",40,1,0,1,42
1240912,870021,2019-05-22,Senate,"Senate Final Passage",21,0,0,0,21
1240916,845257,2019-04-16,Senate,"Senate Final Passage",21,0,0,0,21
1240916,848234,2019-04-19,Assembly,"Assembly Final Passage",40,0,0,2,42
1240919,850474,2019-04-23,Assembly,"Assembly Final Passage",40,0,0,2,42
1240919,860367,2019-05-07,Senate,"Senate Final Passage",21,0,0,0,21
1240921,850270,2019-04-23,Assembly,"Assembly Final Passage",41,0,0,1,42
1240921,872302,2019-05-24,Senate,"Senate Final Passage",19,0,0,2,21
1240929,850281,2019-04-23,Assembly,"Assembly Final Passage",41,0,0,1,42
1240929,876653,2019-06-03,Senate,"Senate Final Passage",21,0,0,0,21
1240931,873790,2019-05-28,Assembly,"Assembly Final Passage",40,0,0,1,41
1240931,876914,2019-06-03,Senate,"Senate Final Passage",21,0,0,0,21
1240934,848450,2019-04-22,Senate,"Senate Final Passage",15,6,0,0,21
1241267,873698,2019-05-28,Assembly,"Assembly Final Passage",40,0,0,1,41
1241267,876743,2019-06-03,Senate,"Senate Final Passage",21,0,0,0,21
1241323,850382,2019-04-23,Senate,"Senate Final Passage",21,0,0,0,21
1241323,872146,2019-05-24,Assembly,"Assembly Final Passage",39,0,0,2,41
1241349,876483,2019-06-03,Senate,"Senate Final Passage",21,0,0,0,21
1241374,850185,2019-04-23,Assembly,"Assembly Final Passage",39,2,0,1,42
1241374,872215,2019-05-24,Senate,"Senate Final Passage",19,0,0,2,21
1241435,849811,2019-04-23,Assembly,"Assembly Final Passage",28,12,1,1,42
1241516,839650,2019-04-09,Senate,"Senate Final Passage",21,0,0,0,21
1241516,871020,2019-05-23,Assembly,"Assembly Final Passage",33,7,0,1,41
1241539,871808,2019-05-24,Senate,"Senate Final Passage",20,1,0,0,21
1241539,875559,2019-05-30,Assembly,"Assembly Final Passage",40,0,0,1,41
1241643,873425,2019-05-27,Senate,"Senate Final Passage",17,4,0,0,21
1241643,876978,2019-06-03,Assembly,"Assembly Final Passage",31,10,0,0,41
1241738,845445,2019-04-16,Senate,"Senate Final Passage",21,0,0,0,21
1241738,871517,2019-05-23,Assembly,"Assembly Final Passage",33,7,0,1,41
1241832,848378,2019-04-19,Senate,"Senate Final Passage",21,0,0,0,21
1241832,872283,2019-05-24,Assembly,"Assembly Final Passage",39,0,0,2,41
1242054,874466,2019-05-29,Senate,"Senate Final Passage",21,0,0,0,21
1242064,847290,2019-04-18,Senate,"Senate Final Passage",21,0,0,0,21
1242064,870800,2019-05-23,Assembly,"Assembly Final Passage",40,0,0,1,41
1242073,850207,2019-04-23,Senate,"Senate Final Passage",21,0,0,0,21
1242073,872329,2019-05-24,Assembly,"Assembly Final Passage",38,1,0,2,41
1242116,845060,2019-04-16,Assembly,"Assembly Final Passage",40,0,0,2,42
1242116,872200,2019-05-24,Senate,"Senate Final Passage",21,0,0,0,21
1242131,875736,2019-05-30,Senate,"Senate Final Passage",20,0,0,1,21
1242131,876980,2019-06-03,Assembly,"Assembly Final Passage",36,5,0,0,41
1242135,850065,2019-04-23,Assembly,"Assembly Final Passage",31,9,0,2,42
1242140,844945,2019-04-16,Assembly,"Assembly Final Passage",39,1,0,2,42
1242140,869351,2019-05-22,Senate,"Senate Final Passage",21,0,0,0,21
1242148,850121,2019-04-23,Assembly,"Assembly Final Passage",41,0,0,1,42
1242148,869845,2019-05-22,Senate,"Senate Final Passage",21,0,0,0,21
1242164,872648,2019-05-25,Senate,"Senate Final Passage",19,0,0,2,21
1242164,875450,2019-05-30,Assembly,"Assembly Final Passage",40,0,0,1,41
1242188,848382,2019-04-19,Senate,"Senate Final Passage",21,0,0,0,21
1242188,865110,2019-05-16,Assembly,"Assembly Final Passage",39,0,0,2,41
1242190,850192,2019-04-23,Assembly,"Assembly Final Passage",41,0,0,1,42
1242190,869912,2019-05-22,Senate,"Senate Final Passage",21,0,0,0,21
1242199,876331,2019-06-01,Senate,"Senate Final Passage",21,0,0,0,21
1242199,876896,2019-06-03,Assembly,"Assembly Final Passage",41,0,0,0,41
1242213,850496,2019-04-23,Assembly,"Assembly Final Passage",38,3,0,1,42
1242213,869558,2019-05-22,Senate,"Senate Final Passage",21,0,0,0,21
1242220,870821,2019-05-23,Assembly,"Assembly Final Passage",40,0,0,1,41
1242220,875895,2019-05-31,Senate,"Senate Final Passage",20,0,0,1,21
1242234,850074,2019-04-23,Assembly,"Assembly Final Passage",41,0,0,1,42
1242234,869202,2019-05-22,Senate,"Senate Final Passage",21,0,0,0,21
1242249,874959,2019-05-30,Senate,"Senate Final Passage",19,0,0,2,21
1242249,876226,2019-06-01,Assembly,"Assembly Final Passage",41,0,0,0,41
1242254,844991,2019-04-16,Assembly,"Assembly Final Passage",39,1,0,2,42
1242254,860244,2019-05-07,Senate,"Senate Final Passage",20,1,0,0,21
1242277,850387,2019-04-23,Senate,"Senate Final Passage",21,0,0,0,21
1242277,871491,2019-05-23,Assembly,"Assembly Final Passage",40,0,0,1,41
1242284,839734,2019-04-09,Senate,"Senate Final Passage",21,0,0,0,21
1242284,865132,2019-05-16,Assembly,"Assembly Final Passage",39,0,0,2,41
1242297,850362,2019-04-23,Assembly,"Assembly Final Passage",32,8,0,2,42
1242297,872216,2019-05-24,Senate,"Senate Final Passage",13,8,0,0,21
1242309,849918,2019-04-23,Senate,"Senate Final Passage",21,0,0,0,21
1242309,871067,2019-05-23,Assembly,"Assembly Final Passage",40,0,0,1,41
1242334,850296,2019-04-23,Senate,"Senate Final Passage",21,0,0,0,21
1242334,872222,2019-05-24,Assembly,"Assembly Final Passage",39,0,0,2,41
1242339,850487,2019-04-23,Senate,"Senate Final Passage",21,0,0,0,21
1242339,867445,2019-05-20,Assembly,"Assembly Final Passage",40,0,0,1,41
1242345,849556,2019-04-23,Senate,"Senate Final Passage",21,0,0,0,21
1242345,871965,2019-05-24,Assembly,"Assembly Final Passage",39,0,0,2,41
1242351,848066,2019-04-18,Senate,"Senate Final Passage",21,0,0,0,21
1242351,871392,2019-05-23,Assembly,"Assembly Final Passage",40,0,0,1,41
1242356,839921,2019-04-09,Senate,"Senate Final Passage",21,0,0,0,21
1242356,871191,2019-05-23,Assembly,"Assembly Final Passage",40,0,0,1,41
1242363,846800,2019-04-17,Senate,"Senate Final Passage",21,0,0,0,21
1242363,871433,2019-05-23,Assembly,"Assembly Final Passage",40,0,0,1,41
1242378,873535,2019-05-27,Senate,"Senate Final Passage",21,0,0,0,21
1242378,876975,2019-06-03,Assembly,"Assembly Final Passage",41,0,0,0,41
1242383,848401,2019-04-19,Senate,"Senate Final Passage",21,0,0,0,21
1242383,872308,2019-05-24,Assembly,"Assembly Final Passage",39,0,0,2,41
1242404,850490,2019-04-23,Senate,"Senate Final Passage",21,0,0,0,21
1242404,872223,2019-05-24,Assembly,"Assembly Final Passage",39,0,0,2,41
1242423,847338,2019-04-18,Senate,"Senate Final Passage",15,6,0,0,21
1242429,876281,2019-06-01,Senate,"Senate Final Passage",15,6,0,0,21
1242429,877093,2019-06-03,Assembly,"Assembly Final Passage",29,12,0,0,41
1242442,848433,2019-04-22,Senate,"Senate Final Passage",21,0,0,0,21
1242442,870685,2019-05-23,Assembly,"Assembly Final Passage",40,0,0,1,41
1242771,849941,2019-04-23,Assembly,"Assembly Final Passage",35,6,0,1,42
1242771,872288,2019-05-24,Senate,"Senate Final Passage",20,0,0,1,21
1242777,845382,2019-04-16,Senate,"Senate Final Passage",19,2,0,0,21
1242777,872174,2019-05-24,Assembly,"Assembly Final Passage",39,0,0,2,41
1242783,845474,2019-04-16,Assembly,"Assembly Final Passage",40,0,0,2,42
1242794,847287,2019-04-18,Assembly,"Assembly Final Passage",33,8,0,1,42
1242794,871361,2019-05-23,Senate,"Senate Final Passage",12,9,0,0,21
1242805,850236,2019-04-23,Assembly,"Assembly Final Passage",36,4,0,2,42
1242805,870805,2019-05-23,Senate,"Senate Final Passage",21,0,0,0,21
1242813,850381,2019-04-23,Assembly,"Assembly Final Passage",41,0,0,1,42
1242813,870059,2019-05-22,Senate,"Senate Final Passage",21,0,0,0,21
1242817,847311,2019-04-18,Assembly,"Assembly Final Passage",41,0,0,1,42
1242817,869256,2019-05-22,Senate,"Senate Final Passage",21,0,0,0,21
1242822,873355,2019-05-27,Senate,"Senate Final Passage",21,0,0,0,21
1242822,876503,2019-06-02,Assembly,"Assembly Final Passage",32,9,0,0,41
1242829,850077,2019-04-23,Assembly,"Assembly Final Passage",41,0,0,1,42
1242829,869920,2019-05-22,Senate,"Senate Final Passage",21,0,0,0,21
1242839,849879,2019-04-23,Assembly,"Assembly Final Passage",41,0,0,1,42
1242839,872176,2019-05-24,Senate,"Senate Final Passage",20,0,0,1,21
1242851,845004,2019-04-16,Assembly,"Assembly Final Passage",40,0,0,2,42
1242851,869527,2019-05-22,Senate,"Senate Final Passage",21,0,0,0,21
1242853,850184,2019-04-23,Assembly,"Assembly Final Passage",28,12,1,1,42
1242853,869335,2019-05-22,Senate,"Senate Final Passage",21,0,0,0,21
1242871,849742,2019-04-23,Senate,"Senate Final Passage",16,5,0,0,21
1242912,850454,2019-04-23,Assembly,"Assembly Final Passage",35,6,0,1,42
1242912,872190,2019-05-24,Senate,"Senate Final Passage",20,0,0,1,21
1242926,850263,2019-04-23,Assembly,"Assembly Final Passage",41,0,0,1,42
1242926,870052,2019-05-22,Senate,"Senate Final Passage",21,0,0,0,21
1242935,850201,2019-04-23,Assembly,"Assembly Final Passage",40,0,0,2,42
1242935,869343,2019-05-22,Senate,"Senate Final Passage",21,0,0,0,21
1242941,845501,2019-04-16,Senate,"Senate Final Passage",21,0,0,0,21
1242941,871485,2019-05-23,Assembly,"Assembly Final Passage",40,0,0,1,41
1242966,845639,2019-04-16,Senate,"Senate Final Passage",21,0,0,0,21
1242966,867741,2019-05-20,Assembly,"Assembly Final Passage",40,0,0,1,41
1242981,850252,2019-04-23,Senate,"Senate Final Passage",21,0,0,0,21
1242981,872264,2019-05-24,Assembly,"Assembly Final Passage",39,0,0,2,41
1242987,833469,2019-04-02,Assembly,"Assembly Final Passage",40,0,0,1,41
1242987,847508,2019-04-18,Senate,"Senate Final Passage",21,0,0,0,21
1243007,873788,2019-05-28,Assembly,"Assembly Final Passage",40,0,0,1,41
1243007,875922,2019-05-31,Senate,"Senate Final Passage",20,0,0,1,21
1243016,848355,2019-04-19,Senate,"Senate Final Passage",21,0,0,0,21
1243016,872266,2019-05-24,Assembly,"Assembly Final Passage",39,0,0,2,41
1243087,875855,2019-05-31,Senate,"Senate Final Passage",20,0,0,1,21
1243087,876929,2019-06-03,Assembly,"Assembly Final Passage",37,4,0,0,41
1243101,845331,2019-04-16,Senate,"Senate Final Passage",21,0,0,0,21
1243101,872252,2019-05-24,Assembly,"Assembly Final Passage",39,0,0,2,41
1243454,874672,2019-05-29,Senate,"Senate Final Passage",20,0,0,1,21
1243454,876005,2019-05-31,Assembly,"Assembly Final Passage",40,1,0,0,41
1243505,875531,2019-05-30,Senate,"Senate Final Passage",20,0,0,1,21
1243505,876648,2019-06-03,Assembly,"Assembly Final Passage",35,6,0,0,41
1243557,845309,2019-04-16,Senate,"Senate Final Passage",21,0,0,0,21
1243557,862784,2019-05-10,Assembly,"Assembly Final Passage",40,0,0,1,41
1243868,850539,2019-04-23,Senate,"Senate Final Passage",21,0,0,0,21
1243868,872034,2019-05-24,Assembly,"Assembly Final Passage",38,1,0,2,41
1243897,849959,2019-04-23,Senate,"Senate Final Passage",21,0,0,0,21
1243897,872198,2019-05-24,Assembly,"Assembly Final Passage",38,1,0,2,41
1243933,847460,2019-04-18,Senate,"Senate Final Passage",21,0,0,0,21
1243933,872268,2019-05-24,Assembly,"Assembly Final Passage",39,0,0,2,41
1243963,847965,2019-04-18,Senate,"Senate Final Passage",21,0,0,0,21
1243963,872209,2019-05-24,Assembly,"Assembly Final Passage",27,12,0,2,41
1243979,877048,2019-06-03,Senate,"Senate Final Passage",13,8,0,0,21
1244011,850532,2019-04-23,Senate,"Senate Final Passage",21,0,0,0,21
1244011,872131,2019-05-24,Assembly,"Assembly Final Passage",38,1,0,2,41
1244030,846446,2019-04-17,Senate,"Senate Final Passage",20,0,1,0,21
1244030,872053,2019-05-24,Assembly,"Assembly Final Passage",31,8,0,2,41
1244046,848612,2019-04-22,Senate,"Senate Final Passage",21,0,0,0,21
1244046,862731,2019-05-10,Assembly,"Assembly Final Passage",40,0,0,1,41
1244057,848437,2019-04-22,Senate,"Senate Final Passage",20,1,0,0,21
1244057,872031,2019-05-24,Assembly,"Assembly Final Passage",39,0,0,2,41
1244192,874896,2019-05-30,Assembly,"Assembly Final Passage",34,6,0,1,41
1244192,876736,2019-06-03,Senate,"Senate Final Passage",21,0,0,0,21
1244193,850212,2019-04-23,Assembly,"Assembly Final Passage",41,0,0,1,42
1244196,850062,2019-04-23,Assembly,"Assembly Final Passage",27,13,0,2,42
1244196,872096,2019-05-24,Senate,"Senate Final Passage",20,0,0,1,21
1244197,849902,2019-04-23,Assembly,"Assembly Final Passage",41,0,0,1,42
1244197,861210,2019-05-08,Senate,"Senate Final Passage",21,0,0,0,21
1244199,850070,2019-04-23,Assembly,"Assembly Final Passage",36,5,0,1,42
1244199,870878,2019-05-23,Senate,"Senate Final Passage",17,4,0,0,21
1244200,846963,2019-04-17,Assembly,"Assembly Final Passage",41,0,0,1,42
1244200,860273,2019-05-07,Senate,"Senate Final Passage",21,0,0,0,21
1244202,850246,2019-04-23,Assembly,"Assembly Final Passage",34,6,0,2,42
1244202,872192,2019-05-24,Senate,"Senate Final Passage",17,3,0,1,21
1244203,849897,2019-04-23,Assembly,"Assembly Final Passage",33,8,0,1,42
1244203,872139,2019-05-24,Senate,"Senate Final Passage",20,0,0,1,21
1244205,850254,2019-04-23,Assembly,"Assembly Final Passage",41,0,0,1,42
1244205,870083,2019-05-22,Senate,"Senate Final Passage",21,0,0,0,21
1244206,875434,2019-05-30,Assembly,"Assembly Final Passage",40,0,0,1,41
1244206,876459,2019-06-02,Senate,"Senate Final Passage",21,0,0,0,21
1244211,848767,2019-04-22,Senate,"Senate Final Passage",21,0,0,0,21
1244211,872019,2019-05-24,Assembly,"Assembly Final Passage",39,0,0,2,41
1244212,850536,2019-04-23,Senate,"Senate Final Passage",19,2,0,0,21
1244212,871933,2019-05-24,Assembly,"Assembly Final Passage",34,5,0,2,41
1244218,849944,2019-04-23,Assembly,"Assembly Final Passage",41,0,0,1,42
1244218,869683,2019-05-22,Senate,"Senate Final Passage",21,0,0,0,21
1244219,849889,2019-04-23,Assembly,"Assembly Final Passage",41,0,0,1,42
1244219,872120,2019-05-24,Senate,"Senate Final Passage",17,3,0,1,21
1244221,846949,2019-04-17,Assembly,"Assembly Final Passage",33,8,0,1,42
1244221,871225,2019-05-23,Senate,"Senate Final Passage",12,9,0,0,21
1244222,849775,2019-04-23,Assembly,"Assembly Final Passage",39,0,0,3,42
1244222,869123,2019-05-22,Senate,"Senate Final Passage",21,0,0,0,21
1244224,850374,2019-04-23,Senate,"Senate Final Passage",21,0,0,0,21
1244224,872324,2019-05-24,Assembly,"Assembly Final Passage",39,0,0,2,41
1244227,876563,2019-06-03,Senate,"Senate Final Passage",21,0,0,0,21
1244227,876990,2019-06-03,Assembly,"Assembly Final Passage",40,0,0,1,41
1244228,844970,2019-04-16,Senate,"Senate Final Passage",20,1,0,0,21
1244228,872133,2019-05-24,Assembly,"Assembly Final Passage",33,6,0,2,41
1244230,876504,2019-06-03,Senate,"Senate Final Passage",21,0,0,0,21
1244230,877015,2019-06-03,Assembly,"Assembly Final Passage",40,0,0,1,41
1244231,838249,2019-04-08,Senate,"Senate Final Passage",21,0,0,0,21
1244231,872109,2019-05-24,Assembly,"Assembly Final Passage",39,0,0,2,41
1244235,846832,2019-04-17,Assembly,"Assembly Final Passage",41,0,0,1,42
1244235,870622,2019-05-23,Senate,"Senate Final Passage",21,0,0,0,21
1244236,873966,2019-05-28,Assembly,"Assembly Final Passage",39,0,0,2,41
1244236,876941,2019-06-03,Senate,"Senate Final Passage",21,0,0,0,21
1244242,845338,2019-04-16,Senate,"Senate Final Passage",21,0,0,0,21
1244244,847715,2019-04-18,Assembly,"Assembly Final Passage",41,0,0,1,42
1244244,871974,2019-05-24,Senate,"Senate Final Passage",20,0,0,1,21
1244248,849776,2019-04-23,Assembly,"Assembly Final Passage",40,1,0,1,42
1244248,865457,2019-05-16,Senate,"Senate Final Passage",20,1,0,0,21
1244251,850278,2019-04-23,Assembly,"Assembly Final Passage",29,12,0,1,42
1244251,872250,2019-05-24,Senate,"Senate Final Passage",20,0,0,1,21
1244252,849003,2019-04-22,Senate,"Senate Final Passage",16,5,0,0,21
1244252,872083,2019-05-24,Assembly,"Assembly Final Passage",27,12,0,2,41
1244254,873263,2019-05-27,Senate,"Senate Final Passage",21,0,0,0,21
1244254,876493,2019-06-02,Assembly,"Assembly Final Passage",41,0,0,0,41
1244259,847933,2019-04-18,Senate,"Senate Final Passage",21,0,0,0,21
1244259,871988,2019-05-24,Assembly,"Assembly Final Passage",39,0,0,2,41
1244262,847420,2019-04-18,Senate,"Senate Final Passage",21,0,0,0,21
1244262,872298,2019-05-24,Assembly,"Assembly Final Passage",39,0,0,2,41
1244263,840564,2019-04-10,Senate,"Senate Final Passage",21,0,0,0,21
1244263,871976,2019-05-24,Assembly,"Assembly Final Passage",39,0,0,2,41
1244268,850258,2019-04-23,Assembly,"Assembly Final Passage",36,5,0,1,42
1244270,877117,2019-06-03,Senate,"Senate Final Passage",21,0,0,0,21
1244273,849714,2019-04-23,Assembly,"Assembly Final Passage",41,0,0,1,42
1244273,870958,2019-05-23,Senate,"Senate Final Passage",21,0,0,0,21
1244274,847024,2019-04-17,Assembly,"Assembly Final Passage",41,0,0,1,42
1244274,860604,2019-05-07,Senate,"Senate Final Passage",21,0,0,0,21
1244277,847937,2019-04-18,Senate,"Senate Final Passage",21,0,0,0,21
1244277,872225,2019-05-24,Assembly,"Assembly Final Passage",34,5,0,2,41
1244278,873614,2019-05-28,Assembly,"Assembly Final Passage",28,12,0,1,41
1244278,875868,2019-05-31,Senate,"Senate Final Passage",13,7,0,1,21
1244283,875936,2019-05-31,Assembly,"Assembly Final Passage",35,6,0,0,41
1244283,876713,2019-06-03,Senate,"Senate Final Passage",20,1,0,0,21
1244285,873665,2019-05-28,Assembly,"Assembly Final Passage",40,0,0,1,41
1244285,876794,2019-06-03,Senate,"Senate Final Passage",21,0,0,0,21
1244286,873766,2019-05-28,Assembly,"Assembly Final Passage",40,0,0,1,41
1244286,876001,2019-05-31,Senate,"Senate Final Passage",19,0,1,1,21
1244288,849883,2019-04-23,Assembly,"Assembly Final Passage",37,4,0,1,42
1244288,870555,2019-05-23,Senate,"Senate Final Passage",21,0,0,0,21
1244289,845036,2019-04-16,Assembly,"Assembly Final Passage",40,0,0,2,42
1244289,871300,2019-05-23,Senate,"Senate Final Passage",21,0,0,0,21
1244295,847704,2019-04-18,Assembly,"Assembly Final Passage",41,0,0,1,42
1244295,861096,2019-05-08,Senate,"Senate Final Passage",21,0,0,0,21
1244296,848538,2019-04-22,Senate,"Senate Final Passage",21,0,0,0,21
1244296,871983,2019-05-24,Assembly,"Assembly Final Passage",39,0,0,2,41
1244298,846875,2019-04-17,Assembly,"Assembly Final Passage",41,0,0,1,42
1244298,871401,2019-05-23,Senate,"Senate Final Passage",21,0,0,0,21
1244301,873629,2019-05-28,Assembly,"Assembly Final Passage",34,6,0,1,41
1244306,850368,2019-04-23,Assembly,"Assembly Final Passage",40,0,0,2,42
1244306,869270,2019-05-22,Senate,"Senate Final Passage",21,0,0,0,21
1244307,846455,2019-04-17,Assembly,"Assembly Final Passage",41,0,0,1,42
1244307,861278,2019-05-08,Senate,"Senate Final Passage",21,0,0,0,21
1244309,850375,2019-04-23,Assembly,"Assembly Final Passage",33,8,0,1,42
1244309,872305,2019-05-24,Senate,"Senate Final Passage",20,0,0,1,21
1244313,850251,2019-04-23,Senate,"Senate Final Passage",21,0,0,0,21
1244313,876601,2019-06-03,Assembly,"Assembly Final Passage",40,1,0,0,41
1244316,839379,2019-04-09,Senate,"Senate Final Passage",21,0,0,0,21
1244316,861938,2019-05-09,Assembly,"Assembly Final Passage",40,0,0,1,41
1244320,848845,2019-04-22,Senate,"Senate Final Passage",21,0,0,0,21
1244320,871972,2019-05-24,Assembly,"Assembly Final Passage",33,6,0,2,41
1244320,876631,2019-06-01,Assembly,"Assembly Final Passage",33,8,0,0,41
1244322,845035,2019-04-16,Assembly,"Assembly Final Passage",39,1,0,2,42
1244322,871204,2019-05-23,Senate,"Senate Final Passage",13,8,0,0,21
1244323,847022,2019-04-17,Assembly,"Assembly Final Passage",41,0,0,1,42
1244323,860573,2019-05-07,Senate,"Senate Final Passage",21,0,0,0,21
1244325,845427,2019-04-16,Assembly,"Assembly Final Passage",28,12,0,2,42
1244325,871127,2019-05-23,Senate,"Senate Final Passage",13,8,0,0,21
1244326,849947,2019-04-23,Senate,"Senate Final Passage",16,5,0,0,21
1244326,872018,2019-05-24,Assembly,"Assembly Final Passage",30,9,0,2,41
1244327,848438,2019-04-22,Senate,"Senate Final Passage",21,0,0,0,21
1244327,871981,2019-05-24,Assembly,"Assembly Final Passage",39,0,0,2,41
1244331,845044,2019-04-16,Assembly,"Assembly Final Passage",40,0,0,2,42
1244331,861572,2019-05-08,Senate,"Senate Final Passage",21,0,0,0,21
1244334,850355,2019-04-23,Assembly,"Assembly Final Passage",41,0,0,1,42
1244334,872168,2019-05-24,Senate,"Senate Final Passage",19,0,0,2,21
1244338,848213,2019-04-19,Assembly,"Assembly Final Passage",40,0,0,2,42
1244338,860276,2019-05-07,Senate,"Senate Final Passage",21,0,0,0,21
1244340,846597,2019-04-17,Senate,"Senate Final Passage",21,0,0,0,21
1244341,844926,2019-04-16,Assembly,"Assembly Final Passage",40,0,0,2,42
1244341,861037,2019-05-08,Senate,"Senate Final Passage",21,0,0,0,21
1244345,872241,2019-05-24,Assembly,"Assembly Final Passage",39,0,0,2,41
1244345,877031,2019-06-03,Senate,"Senate Final Passage",21,0,0,0,21
1244346,849721,2019-04-23,Assembly,"Assembly Final Passage",40,0,0,2,42
1244346,871986,2019-05-24,Senate,"Senate Final Passage",20,0,0,1,21
1244349,844949,2019-04-16,Assembly,"Assembly Final Passage",40,0,0,2,42
1244350,845022,2019-04-16,Assembly,"Assembly Final Passage",33,7,0,2,42
1244353,873802,2019-05-28,Assembly,"Assembly Final Passage",40,0,0,1,41
1244353,876984,2019-06-03,Senate,"Senate Final Passage",21,0,0,0,21
1244356,845572,2019-04-16,Assembly,"Assembly Final Passage",40,0,0,2,42
1244356,871408,2019-05-23,Senate,"Senate Final Passage",21,0,0,0,21
1244357,875645,2019-05-30,Senate,"Senate Final Passage",12,8,0,1,21
1244359,871866,2019-05-24,Assembly,"Assembly Final Passage",39,0,0,2,41
1244359,876480,2019-06-02,Senate,"Senate Final Passage",15,6,0,0,21
1244360,846960,2019-04-17,Senate,"Senate Final Passage",21,0,0,0,21
1244360,872292,2019-05-24,Assembly,"Assembly Final Passage",39,0,0,2,41
1244364,864775,2019-05-15,Senate,"Senate Final Passage",21,0,0,0,21
1244364,872303,2019-05-24,Assembly,"Assembly Final Passage",39,0,0,2,41
1244366,840854,2019-04-10,Senate,"Senate Final Passage",21,0,0,0,21
1244366,872269,2019-05-24,Assembly,"Assembly Final Passage",39,0,0,2,41
1244369,850215,2019-04-23,Assembly,"Assembly Final Passage",38,3,0,1,42
1244369,863740,2019-05-14,Senate,"Senate Final Passage",21,0,0,0,21
1244370,850576,2019-04-23,Assembly,"Assembly Final Passage",33,7,0,2,42
1244370,869300,2019-05-22,Senate,"Senate Final Passage",21,0,0,0,21
1244372,850365,2019-04-23,Senate,"Senate Final Passage",21,0,0,0,21
1244372,871980,2019-05-24,Assembly,"Assembly Final Passage",39,0,0,2,41
1244374,849911,2019-04-23,Assembly,"Assembly Final Passage",35,6,0,1,42
1244374,861403,2019-05-08,Senate,"Senate Final Passage",20,1,0,0,21
1244377,838947,2019-04-09,Senate,"Senate Final Passage",21,0,0,0,21
1244377,872015,2019-05-24,Assembly,"Assembly Final Passage",39,0,0,2,41
1244379,847963,2019-04-18,Senate,"Senate Final Passage",17,4,0,0,21
1244379,871953,2019-05-24,Assembly,"Assembly Final Passage",35,4,0,2,41
1244381,845157,2019-04-16,Assembly,"Assembly Final Passage",31,9,0,2,42
1244385,849917,2019-04-23,Assembly,"Assembly Final Passage",41,0,0,1,42
1244385,876017,2019-05-31,Senate,"Senate Final Passage",20,0,0,1,21
1244387,876248,2019-06-01,Senate,"Senate Final Passage",21,0,0,0,21
1244387,876495,2019-06-02,Assembly,"Assembly Final Passage",41,0,0,0,41
1244391,838416,2019-04-08,Senate,"Senate Final Passage",21,0,0,0,21
1244391,872326,2019-05-24,Assembly,"Assembly Final Passage",39,0,0,2,41
1244394,850032,2019-04-23,Assembly,"Assembly Final Passage",32,9,0,1,42
1244394,869619,2019-05-22,Senate,"Senate Final Passage",13,8,0,0,21
1244395,850367,2019-04-23,Assembly,"Assembly Final Passage",41,0,0,1,42
1244395,869997,2019-05-22,Senate,"Senate Final Passage",21,0,0,0,21
1244397,846972,2019-04-17,Senate,"Senate Final Passage",21,0,0,0,21
1244397,872279,2019-05-24,Assembly,"Assembly Final Passage",39,0,0,2,41
1244399,873604,2019-05-28,Assembly,"Assembly Final Passage",35,5,0,1,41
1244399,876502,2019-06-02,Senate,"Senate Final Passage",21,0,0,0,21
1244401,875996,2019-05-31,Assembly,"Assembly Final Passage",33,8,0,0,41
1244401,876933,2019-06-03,Senate,"Senate Final Passage",17,4,0,0,21
1244402,849763,2019-04-23,Senate,"Senate Final Passage",13,8,0,0,21
1244402,872048,2019-05-24,Assembly,"Assembly Final Passage",39,0,0,2,41
1244404,850353,2019-04-23,Assembly,"Assembly Final Passage",41,0,0,1,42
1244404,871160,2019-05-23,Senate,"Senate Final Passage",21,0,0,0,21
1244405,845532,2019-04-16,Senate,"Senate Final Passage",20,1,0,0,21
1244405,872217,2019-05-24,Assembly,"Assembly Final Passage",39,0,0,2,41
1244408,849914,2019-04-23,Senate,"Senate Final Passage",13,8,0,0,21
1244409,873669,2019-05-28,Assembly,"Assembly Final Passage",38,2,0,1,41
1244409,875874,2019-05-31,Senate,"Senate Final Passage",20,0,0,1,21
1244411,844400,2019-04-15,Senate,"Senate Final Passage",21,0,0,0,21
1244411,872177,2019-05-24,Assembly,"Assembly Final Passage",39,0,0,2,41
1244414,875418,2019-05-30,Senate,"Senate Final Passage",15,5,0,1,21
1244414,877060,2019-06-03,Assembly,"Assembly Final Passage",41,0,0,0,41
1244417,850124,2019-04-23,Assembly,"Assembly Final Passage",39,2,0,1,42
1244417,870497,2019-05-23,Senate,"Senate Final Passage",21,0,0,0,21
1245497,850437,2019-04-23,Senate,"Senate Final Passage",21,0,0,0,21
1245497,872166,2019-05-24,Assembly,"Assembly Final Passage",38,1,0,2,41
1245548,849785,2019-04-23,Assembly,"Assembly Final Passage",36,5,0,1,42
1245548,872316,2019-05-24,Senate,"Senate Final Passage",19,0,0,2,21
1246830,872595,2019-05-25,Senate,"Senate Final Passage",19,0,0,2,21
1246830,875399,2019-05-30,Assembly,"Assembly Final Passage",40,0,0,1,41
1246890,849042,2019-04-22,Senate,"Senate Final Passage",21,0,0,0,21
1246890,872045,2019-05-24,Assembly,"Assembly Final Passage",38,1,0,2,41
1246921,876113,2019-05-31,Senate,"Senate Final Passage",12,8,0,1,21
1246921,876485,2019-06-02,Assembly,"Assembly Final Passage",30,11,0,0,41
1247010,876981,2019-06-03,Senate,"Senate Final Passage",21,0,0,0,21
1249959,871944,2019-05-24,Assembly,"Assembly Final Passage",39,0,0,2,41
1249959,875959,2019-05-31,Senate,"Senate Final Passage",20,0,0,1,21
1249982,876106,2019-05-31,Assembly,"Assembly Final Passage",41,0,0,0,41
1249982,877008,2019-06-03,Senate,"Senate Final Passage",20,0,1,0,21
1250024,861513,2019-05-08,Assembly,"Assembly Final Passage",40,0,0,1,41
1250024,871409,2019-05-23,Senate,"Senate Final Passage",21,0,0,0,21
1250046,874605,2019-05-29,Senate,"Senate Final Passage",14,7,0,0,21
1250046,877032,2019-06-03,Assembly,"Assembly Final Passage",41,0,0,0,41
1250068,873758,2019-05-28,Senate,"Senate Final Passage",21,0,0,0,21
1250068,876939,2019-06-03,Assembly,"Assembly Final Passage",41,0,0,0,41
1251327,872226,2019-05-24,Assembly,"Assembly Final Passage",39,0,0,2,41
1251327,876026,2019-05-31,Senate,"Senate Final Passage",20,0,0,1,21
1252378,864669,2019-05-15,Senate,"Senate Final Passage",21,0,0,0,21
1252378,873939,2019-05-28,Assembly,"Assembly Final Passage",38,1,0,2,41
1253132,860395,2019-05-07,Assembly,"Assembly Final Passage",39,0,0,2,41
1253132,865223,2019-05-16,Senate,"Senate Final Passage",21,0,0,0,21
1255232,870623,2019-05-23,Assembly,"Assembly Final Passage",40,0,0,1,41
1255232,876827,2019-06-03,Senate,"Senate Final Passage",21,0,0,0,21
1255237,872116,2019-05-24,Assembly,"Assembly Final Passage",39,0,0,2,41
1255237,876928,2019-06-03,Senate,"Senate Final Passage",21,0,0,0,21
1255243,872041,2019-05-24,Assembly,"Assembly Final Passage",39,0,0,2,41
1255243,876967,2019-06-03,Senate,"Senate Final Passage",21,0,0,0,21
1255248,873548,2019-05-28,Senate,"Senate Final Passage",21,0,0,0,21
1255248,876377,2019-06-02,Assembly,"Assembly Final Passage",41,0,0,0,41
1255250,871803,2019-05-24,Senate,"Senate Final Passage",21,0,0,0,21
1255250,876479,2019-06-02,Assembly,"Assembly Final Passage",40,1,0,0,41
1255255,873357,2019-05-27,Senate,"Senate Final Passage",21,0,0,0,21
1255255,876440,2019-06-02,Assembly,"Assembly Final Passage",41,0,0,0,41
1255261,873784,2019-05-28,Senate,"Senate Final Passage",21,0,0,0,21
1255261,876458,2019-06-02,Assembly,"Assembly Final Passage",41,0,0,0,41
1255265,872450,2019-05-25,Senate,"Senate Final Passage",19,0,0,2,21
1255265,874029,2019-05-28,Assembly,"Assembly Final Passage",38,1,0,2,41
1255269,871884,2019-05-24,Assembly,"Assembly Final Passage",39,0,0,2,41
1255269,877011,2019-06-03,Senate,"Senate Final Passage",21,0,0,0,21
1255273,871996,2019-05-24,Senate,"Senate Final Passage",21,0,0,0,21
1255273,876468,2019-06-02,Assembly,"Assembly Final Passage",41,0,0,0,41
1255278,872040,2019-05-24,Senate,"Senate Final Passage",21,0,0,0,21
1255278,876469,2019-06-02,Assembly,"Assembly Final Passage",41,0,0,0,41
1255282,868705,2019-05-21,Senate,"Senate Final Passage",20,0,0,1,21
1255282,873870,2019-05-28,Assembly,"Assembly Final Passage",40,0,0,1,41
1255287,873811,2019-05-28,Senate,"Senate Final Passage",21,0,0,0,21
1255287,876470,2019-06-02,Assembly,"Assembly Final Passage",41,0,0,0,41
1255291,872020,2019-05-24,Assembly,"Assembly Final Passage",39,0,0,2,41
1255291,876995,2019-06-03,Senate,"Senate Final Passage",21,0,0,0,21
1255297,871987,2019-05-24,Assembly,"Assembly Final Passage",39,0,0,2,41
1255297,876893,2019-06-03,Senate,"Senate Final Passage",21,0,0,0,21
1255302,870556,2019-05-23,Assembly,"Assembly Final Passage",40,0,0,1,41
1255302,876913,2019-06-03,Senate,"Senate Final Passage",21,0,0,0,21
1255304,872001,2019-05-24,Assembly,"Assembly Final Passage",39,0,0,2,41
1255304,876946,2019-06-03,Senate,"Senate Final Passage",21,0,0,0,21
1255309,872459,2019-05-25,Senate,"Senate Final Passage",19,0,0,2,21
1255309,874019,2019-05-28,Assembly,"Assembly Final Passage",34,5,0,2,41
1255312,870858,2019-05-23,Assembly,"Assembly Final Passage",40,0,0,1,41
1255312,876993,2019-06-03,Senate,"Senate Final Passage",21,0,0,0,21
1255321,863888,2019-05-14,Assembly,"Assembly Final Passage",39,1,0,1,41
1255321,876637,2019-06-03,Senate,"Senate Final Passage",21,0,0,0,21
1255328,873786,2019-05-28,Senate,"Senate Final Passage",21,0,0,0,21
1255328,876447,2019-06-02,Assembly,"Assembly Final Passage",41,0,0,0,41
1255332,862768,2019-05-10,Assembly,"Assembly Final Passage",40,0,0,1,41
1255332,876753,2019-06-03,Senate,"Senate Final Passage",20,0,1,0,21
1255337,872079,2019-05-24,Assembly,"Assembly Final Passage",39,0,0,2,41
1255337,876992,2019-06-03,Senate,"Senate Final Passage",19,2,0,0,21
1255339,873550,2019-05-28,Senate,"Senate Final Passage",21,0,0,0,21
1255339,876487,2019-06-02,Assembly,"Assembly Final Passage",41,0,0,0,41
1255349,871036,2019-05-23,Assembly,"Assembly Final Passage",40,0,0,1,41
1255349,876885,2019-06-03,Senate,"Senate Final Passage",21,0,0,0,21
1255359,862179,2019-05-09,Assembly,"Assembly Final Passage",40,0,0,1,41
1255359,876991,2019-06-03,Senate,"Senate Final Passage",21,0,0,0,21
1255360,868369,2019-05-21,Senate,"Senate Final Passage",20,0,0,1,21
1255360,873772,2019-05-28,Assembly,"Assembly Final Passage",40,0,0,1,41
1255365,871975,2019-05-24,Senate,"Senate Final Passage",21,0,0,0,21
1255365,876453,2019-06-02,Assembly,"Assembly Final Passage",41,0,0,0,41
1255370,875274,2019-05-30,Senate,"Senate Final Passage",19,0,0,2,21
1255370,876506,2019-06-02,Assembly,"Assembly Final Passage",40,1,0,0,41
1255376,873313,2019-05-27,Senate,"Senate Final Passage",21,0,0,0,21
1255376,876395,2019-06-02,Assembly,"Assembly Final Passage",41,0,0,0,41
1255381,873354,2019-05-27,Senate,"Senate Final Passage",21,0,0,0,21
1255381,876434,2019-06-02,Assembly,"Assembly Final Passage",41,0,0,0,41
1255386,868550,2019-05-21,Senate,"Senate Final Passage",20,0,0,1,21
1255386,876512,2019-06-02,Assembly,"Assembly Final Passage",41,0,0,0,41
1255390,873658,2019-05-28,Senate,"Senate Final Passage",21,0,0,0,21
1255390,876475,2019-06-02,Assembly,"Assembly Final Passage",41,0,0,0,41
1255396,871961,2019-05-24,Assembly,"Assembly Final Passage",39,0,0,2,41
1255396,876942,2019-06-03,Senate,"Senate Final Passage",20,1,0,0,21
1255399,876185,2019-06-01,Assembly,"Assembly Final Passage",40,1,0,0,41
1255399,877017,2019-06-03,Senate,"Senate Final Passage",21,0,0,0,21
1255405,873306,2019-05-27,Senate,"Senate Final Passage",21,0,0,0,21
1255405,876386,2019-06-02,Assembly,"Assembly Final Passage",41,0,0,0,41
1255409,875216,2019-05-30,Assembly,"Assembly Final Passage",38,2,0,1,41
1255409,876726,2019-06-03,Senate,"Senate Final Passage",21,0,0,0,21
1255410,861340,2019-05-08,Assembly,"Assembly Final Passage",40,0,0,1,41
1255410,877039,2019-06-03,Senate,"Senate Final Passage",21,0,0,0,21
1255418,873362,2019-05-27,Senate,"Senate Final Passage",21,0,0,0,21
1255418,876442,2019-06-02,Assembly,"Assembly Final Passage",41,0,0,0,41
1255423,864719,2019-05-15,Senate,"Senate Final Passage",21,0,0,0,21
1255423,872147,2019-05-24,Assembly,"Assembly Final Passage",39,0,0,2,41
1255429,873716,2019-05-28,Senate,"Senate Final Passage",21,0,0,0,21
1255429,876416,2019-06-02,Assembly,"Assembly Final Passage",41,0,0,0,41
1255430,873804,2019-05-28,Assembly,"Assembly Final Passage",40,0,0,1,41
1255430,876989,2019-06-03,Senate,"Senate Final Passage",21,0,0,0,21
1255436,871906,2019-05-24,Assembly,"Assembly Final Passage",39,0,0,2,41
1255436,876891,2019-06-03,Senate,"Senate Final Passage",21,0,0,0,21
1255441,874318,2019-05-29,Assembly,"Assembly Final Passage",39,0,0,2,41
1255441,876274,2019-06-01,Senate,"Senate Final Passage",21,0,0,0,21
1255446,875993,2019-05-31,Senate,"Senate Final Passage",20,0,0,1,21
1255446,876809,2019-06-03,Assembly,"Assembly Final Passage",41,0,0,0,41
1255449,874011,2019-05-28,Assembly,"Assembly Final Passage",39,0,0,2,41
1255449,876912,2019-06-03,Senate,"Senate Final Passage",21,0,0,0,21
1255454,873761,2019-05-28,Senate,"Senate Final Passage",21,0,0,0,21
1255454,876455,2019-06-02,Assembly,"Assembly Final Passage",41,0,0,0,41
1255457,875979,2019-05-31,Senate,"Senate Final Passage",19,1,0,1,21
1255457,877052,2019-06-03,Assembly,"Assembly Final Passage",39,2,0,0,41
1255458,871223,2019-05-23,Assembly,"Assembly Final Passage",40,0,0,1,41
1255458,876651,2019-06-03,Senate,"Senate Final Passage",21,0,0,0,21
1255817,873791,2019-05-28,Senate,"Senate Final Passage",21,0,0,0,21
1255817,875456,2019-05-30,Assembly,"Assembly Final Passage",40,0,0,1,41
1255846,873352,2019-05-27,Senate,"Senate Final Passage",21,0,0,0,21
1255846,876445,2019-06-02,Assembly,"Assembly Final Passage",41,0,0,0,41
1256572,873797,2019-05-28,Assembly,"Assembly Final Passage",40,0,0,1,41
1256572,875457,2019-05-30,Senate,"Senate Final Passage",19,0,0,2,21
1256810,873792,2019-05-28,Senate,"Senate Final Passage",21,0,0,0,21
1256810,876986,2019-06-03,Assembly,"Assembly Final Passage",41,0,0,0,41
1256827,873323,2019-05-27,Senate,"Senate Final Passage",21,0,0,0,21
1256827,875310,2019-05-30,Assembly,"Assembly Final Passage",35,5,0,1,41
1256842,873878,2019-05-28,Senate,"Senate Final Passage",21,0,0,0,21
1256842,876467,2019-06-02,Assembly,"Assembly Final Passage",41,0,0,0,41
1256860,873735,2019-05-28,Senate,"Senate Final Passage",21,0,0,0,21
1256860,876412,2019-06-02,Assembly,"Assembly Final Passage",41,0,0,0,41
1256871,872360,2019-05-25,Senate,"Senate Final Passage",19,0,0,2,21
1256871,876006,2019-05-31,Assembly,"Assembly Final Passage",41,0,0,0,41
1257101,867486,2019-05-20,Senate,"Senate Final Passage",17,3,0,1,21
1257101,872294,2019-05-24,Assembly,"Assembly Final Passage",29,10,0,2,41
1257202,871229,2019-05-23,Assembly,"Assembly Final Passage",34,6,0,1,41
1257202,876680,2019-06-03,Senate,"Senate Final Passage",21,0,0,0,21
1257526,873341,2019-05-27,Senate,"Senate Final Passage",17,4,0,0,21
1257526,875353,2019-05-30,Assembly,"Assembly Final Passage",34,6,0,1,41
1257589,873296,2019-05-27,Senate,"Senate Final Passage",21,0,0,0,21
1257589,877065,2019-06-03,Assembly,"Assembly Final Passage",41,0,0,0,41
1257859,876923,2019-06-02,Assembly,"Assembly Final Passage",41,0,0,0,41
1257859,877158,2019-06-03,Senate,"Senate Final Passage",21,0,0,0,21
1257899,871208,2019-05-23,Assembly,"Assembly Final Passage",40,0,0,1,41
1257899,876673,2019-06-03,Senate,"Senate Final Passage",21,0,0,0,21
1257940,871192,2019-05-23,Assembly,"Assembly Final Passage",35,5,0,1,41
1257940,876672,2019-06-03,Senate,"Senate Final Passage",21,0,0,0,21
1260058,872356,2019-05-25,Senate,"Senate Final Passage",18,1,0,2,21
1260058,874958,2019-05-30,Assembly,"Assembly Final Passage",27,13,0,1,41
1260109,873344,2019-05-27,Senate,"Senate Final Passage",13,8,0,0,21
1260109,875829,2019-05-31,Assembly,"Assembly Final Passage",28,13,0,0,41
1260369,874379,2019-05-29,Senate,"Senate Final Passage",18,3,0,0,21
1260369,877053,2019-06-03,Assembly,"Assembly Final Passage",34,7,0,0,41
1260854,873347,2019-05-27,Senate,"Senate Final Passage",20,0,1,0,21
1260854,876007,2019-05-31,Assembly,"Assembly Final Passage",40,1,0,0,41
1260887,871840,2019-05-24,Senate,"Senate Final Passage",21,0,0,0,21
1260887,876710,2019-06-03,Assembly,"Assembly Final Passage",41,0,0,0,41
1260926,875126,2019-05-30,Assembly,"Assembly Final Passage",39,1,0,1,41
1260926,876496,2019-06-02,Senate,"Senate Final Passage",14,6,1,0,21
1260961,876758,2019-06-03,Senate,"Senate Final Passage",21,0,0,0,21
1261928,872301,2019-05-24,Assembly,"Assembly Final Passage",38,1,0,2,41
1261928,876276,2019-06-01,Senate,"Senate Final Passage",21,0,0,0,21
1261929,876457,2019-06-02,Senate,"Senate Final Passage",21,0,0,0,21
1261929,877041,2019-06-03,Assembly,"Assembly Final Passage",40,1,0,0,41
1262727,873801,2019-05-28,Assembly,"Assembly Final Passage",28,12,0,1,41
1262727,876498,2019-06-02,Senate,"Senate Final Passage",16,5,0,0,21
1263394,872286,2019-05-24,Assembly,"Assembly Final Passage",28,11,0,2,41
1263394,876018,2019-05-31,Senate,"Senate Final Passage",20,0,0,1,21
1263427,873916,2019-05-28,Assembly,"Assembly Final Passage",40,0,0,1,41
1263427,876275,2019-06-01,Senate,"Senate Final Passage",21,0,0,0,21
1263462,872327,2019-05-24,Assembly,"Assembly Final Passage",27,12,0,2,41
1263496,873356,2019-05-27,Senate,"Senate Final Passage",21,0,0,0,21
1263496,876922,2019-06-03,Assembly,"Assembly Final Passage",41,0,0,0,41
1263918,873708,2019-05-28,Senate,"Senate Final Passage",21,0,0,0,21
1263918,875336,2019-05-30,Assembly,"Assembly Final Passage",40,0,0,1,41
1263956,873565,2019-05-28,Assembly,"Assembly Final Passage",28,12,0,1,41
1263956,876069,2019-05-31,Senate,"Senate Final Passage",12,8,0,1,21
1263986,872204,2019-05-24,Assembly,"Assembly Final Passage",32,7,0,2,41
1264900,873655,2019-05-28,Senate,"Senate Final Passage",21,0,0,0,21
1264900,876410,2019-06-02,Assembly,"Assembly Final Passage",41,0,0,0,41
1264982,875990,2019-05-31,Senate,"Senate Final Passage",20,0,0,1,21
1264982,876426,2019-06-02,Assembly,"Assembly Final Passage",41,0,0,0,41
1264991,876660,2019-06-03,Senate,"Senate Final Passage",13,8,0,0,21
1264991,877050,2019-06-03,Assembly,"Assembly Final Passage",28,13,0,0,41
1265302,875445,2019-05-30,Assembly,"Assembly Final Passage",40,0,0,1,41
1265302,876982,2019-06-03,Senate,"Senate Final Passage",20,0,0,1,21
1265646,876262,2019-06-01,Senate,"Senate Final Passage",18,3,0,0,21
1265646,877069,2019-06-03,Assembly,"Assembly Final Passage",33,8,0,0,41
1265680,876418,2019-06-02,Senate,"Senate Final Passage",21,0,0,0,21
1265680,876841,2019-06-03,Assembly,"Assembly Final Passage",2,0,0,39,41
1265680,877095,2019-06-03,Assembly,"Assembly Final Passage",41,0,0,0,41
1265697,875857,2019-05-31,Assembly,"Assembly Final Passage",41,0,0,0,41
1265697,876652,2019-06-03,Senate,"Senate Final Passage",21,0,0,0,21
1265698,875957,2019-05-31,Assembly,"Assembly Final Passage",41,0,0,0,41
1265698,876602,2019-06-03,Senate,"Senate Final Passage",21,0,0,0,21
1265704,876253,2019-06-01,Assembly,"Assembly Final Passage",41,0,0,0,41
1265704,876834,2019-06-03,Senate,"Senate Final Passage",21,0,0,0,21
1266093,876429,2019-06-02,Assembly,"Assembly Final Passage",41,0,0,0,41
1266093,876430,2019-06-02,Senate,"Senate Final Passage",21,0,0,0,21
1266099,876288,2019-06-02,Senate,"Senate Final Passage",21,0,0,0,21
1266099,876369,2019-06-02,Assembly,"Assembly Final Passage",41,0,0,0,41
1266116,876887,2019-06-03,Senate,"Senate Final Passage",21,0,0,0,21
1266116,877125,2019-06-03,Assembly,"Assembly Final Passage",40,1,0,0,41
1266121,876466,2019-06-02,Assembly,"Assembly Final Passage",38,3,0,0,41
