bill_id,date,chamber,sequence,action
656220,2014-09-09,Assembly,1,Prefiled.
656220,2014-09-09,Assembly,2,"Referred to Committee of the Whole."
656220,2014-09-09,Assembly,3,"To printer. From printer."
656220,2014-09-10,Assembly,4,"Read first time."
656220,2014-09-10,Assembly,5,"Placed on Chief Clerk's desk."
656220,2014-09-10,Assembly,6,"Taken from Chief Clerk's desk."
656220,2014-09-10,Assembly,7,"To committee."
656220,2014-09-10,Assembly,8,"From committee: Considered."
656220,2014-09-10,Assembly,9,"Declared an emergency measure under the Constitution."
656220,2014-09-11,Assembly,10,"Read third time. Passed. Title approved.  (Yeas: 39, Nays: None, Excused: 2, Vacant: 1.)  To Senate."
656220,2014-09-11,Senate,11,"In Senate."
656220,2014-09-11,Senate,12,"Read first time."
656220,2014-09-11,Senate,13,"Referred to Committee of the Whole."
656220,2014-09-11,Senate,14,"From committee: Do pass. Declared an emergency measure under the Constitution."
656220,2014-09-11,Senate,15,"Read third time. Passed. Title approved.  (Yeas: 21, Nays: None.)  To Assembly."
656220,2014-09-11,Assembly,16,"In Assembly. To enrollment."
656220,2014-09-11,Assembly,17,"Enrolled and delivered to Governor."
656220,2014-09-11,Assembly,18,"Approved by the Governor."
656220,2014-09-12,Assembly,19,"Chapter 3."
656221,2014-09-09,Assembly,1,Prefiled.
656221,2014-09-09,Assembly,2,"Referred to Committee of the Whole."
656221,2014-09-09,Assembly,3,"To printer. From printer."
656221,2014-09-10,Assembly,4,"Read first time."
656221,2014-09-10,Assembly,5,"Placed on Chief Clerk's desk."
656221,2014-09-10,Assembly,6,"Taken from Chief Clerk's desk."
656221,2014-09-10,Assembly,7,"To committee."
656221,2014-09-10,Assembly,8,"From committee: Considered."
656221,2014-09-10,Assembly,9,"Declared an emergency measure under the Constitution."
656221,2014-09-11,Assembly,10,"Read third time. Amended. (Amend. No. 2.) To printer."
656221,2014-09-11,Assembly,11,"From printer. To engrossment. Engrossed. First reprint ."
656221,2014-09-11,Assembly,12,"Read third time. Passed, as amended. Title approved.  (Yeas: 39, Nays: None, Excused: 2, Vacant: 1.)"
656221,2014-09-11,Assembly,13,"To Senate."
656221,2014-09-11,Senate,14,"In Senate."
656221,2014-09-11,Senate,15,"Read first time."
656221,2014-09-11,Senate,16,"Referred to Committee of the Whole."
656221,2014-09-11,Senate,17,"To committee."
656221,2014-09-11,Senate,18,"From committee: Do pass. Declared an emergency measure under the Constitution."
656221,2014-09-11,Senate,19,"Read third time. Passed. Title approved.  (Yeas: 21, Nays: None.)  To Assembly."
656221,2014-09-11,Assembly,20,"In Assembly. To enrollment."
656221,2014-09-11,Assembly,21,"Enrolled and delivered to Governor."
656221,2014-09-11,Assembly,22,"Approved by the Governor."
656221,2014-09-12,Assembly,23,"Chapter 2."
656239,2014-09-10,Assembly,1,"Resolution read and adopted. To printer."
656239,2014-09-10,Assembly,2,"From printer. To enrollment."
656239,2014-09-11,Assembly,3,"Enrolled and delivered to Secretary of State."
656239,2014-09-11,Assembly,4,"File No. 3."
656240,2014-09-10,Assembly,1,"Resolution read and adopted. To printer."
656240,2014-09-10,Assembly,2,"From printer. To enrollment."
656240,2014-09-11,Assembly,3,"Enrolled and delivered to Secretary of State."
656240,2014-09-11,Assembly,4,"File No. 2."
656241,2014-09-10,Assembly,1,"Resolution read and adopted. To printer."
656241,2014-09-10,Assembly,2,"From printer. To enrollment."
656241,2014-09-11,Assembly,3,"Enrolled and delivered to Secretary of State."
656241,2014-09-11,Assembly,4,"File No. 4."
656242,2014-09-10,Assembly,1,"Resolution read and adopted. To printer."
656242,2014-09-10,Assembly,2,"From printer. To Senate."
656242,2014-09-10,Senate,3,"In Senate."
656242,2014-09-10,Senate,4,"Resolution read and adopted. To Assembly."
656242,2014-09-10,Assembly,5,"In Assembly. To enrollment."
656242,2014-09-11,Assembly,6,"Enrolled and delivered to Secretary of State."
656242,2014-09-11,Assembly,7,"File No. 1."
656243,2014-09-10,Senate,1,"Resolution read and adopted."
656243,2014-09-10,Senate,2,"To printer."
656243,2014-09-10,Senate,3,"From printer."
656243,2014-09-10,Senate,4,"To enrollment."
656243,2014-09-10,Senate,5,"Enrolled and delivered to Secretary of State."
656243,2014-09-11,Senate,6,"File No. 6."
656244,2014-09-10,Senate,1,"Resolution read and adopted."
656244,2014-09-10,Senate,2,"To printer."
656244,2014-09-10,Senate,3,"From printer."
656244,2014-09-10,Senate,4,"To enrollment."
656244,2014-09-10,Senate,5,"Enrolled and delivered to Secretary of State."
656244,2014-09-11,Senate,6,"File No. 7."
656245,2014-09-10,Senate,1,"Resolution read and adopted."
656245,2014-09-10,Senate,2,"To printer."
656245,2014-09-10,Senate,3,"From printer."
656245,2014-09-10,Senate,4,"To enrollment."
656245,2014-09-10,Senate,5,"Enrolled and delivered to Secretary of State."
656245,2014-09-11,Senate,6,"File No. 5."
656246,2014-09-10,Assembly,1,"Read first time."
656246,2014-09-10,Assembly,2,"Placed on Chief Clerk's desk."
656246,2014-09-10,Assembly,3,"To printer."
656246,2014-09-10,Assembly,4,"From printer."
656246,2014-09-10,Assembly,5,"To Chief Clerk's desk."
656246,2014-09-10,Assembly,6,"Taken from Chief Clerk's desk."
656246,2014-09-10,Assembly,7,"Referred to Committee of the Whole."
656246,2014-09-10,Assembly,8,"To committee."
656246,2014-09-10,Assembly,9,"From committee: Considered."
656246,2014-09-10,Assembly,10,"Declared an emergency measure under the Constitution."
656246,2014-09-11,Assembly,11,"Read third time. Passed. Title approved.  (Yeas: 39, Nays: None, Excused: 2, Vacant: 1.)  To Senate."
656246,2014-09-11,Senate,12,"In Senate."
656246,2014-09-11,Senate,13,"Read first time."
656246,2014-09-11,Senate,14,"Referred to Committee of the Whole."
656246,2014-09-11,Senate,15,"From committee: Do pass. Declared an emergency measure under the Constitution."
656246,2014-09-11,Senate,16,"Read third time. Passed. Title approved.  (Yeas: 21, Nays: None.)  To Assembly."
656246,2014-09-11,Assembly,17,"In Assembly. To enrollment."
656246,2014-09-11,Assembly,18,"Enrolled and delivered to Governor."
656246,2014-09-11,Assembly,19,"Approved by the Governor."
656246,2014-09-12,Assembly,20,"Chapter 1."
656248,2014-09-10,Senate,1,"Read first time. Referred to Committee of the Whole. To printer."
656248,2014-09-11,Senate,2,"From printer."
656248,2014-09-11,Senate,3,"To committee."
656248,2014-09-11,Senate,4,"From committee: Amend, and do pass as amended."
656248,2014-09-11,Senate,5,"Declared an emergency measure under the Constitution."
656248,2014-09-11,Senate,6,"Read third time. Amended. (Amend. No. 1.)"
656248,2014-09-11,Senate,7,"To printer."
656248,2014-09-11,Senate,8,"From printer. To engrossment. Engrossed. First reprint ."
656248,2014-09-11,Senate,9,"Read third time. Passed, as amended. Title approved.  (Yeas: 21, Nays: None.)  To Assembly."
656248,2014-09-11,Assembly,10,"In Assembly."
656248,2014-09-11,Assembly,11,"Read first time."
656248,2014-09-11,Assembly,12,"Referred to Committee of the Whole."
656248,2014-09-11,Assembly,13,"To committee."
656248,2014-09-11,Assembly,14,"From committee: Considered."
656248,2014-09-11,Assembly,15,"Declared an emergency measure under the Constitution."
656248,2014-09-11,Assembly,16,"Read third time. Passed. Title approved.  (Yeas: 39, Nays: None, Excused: 2, Vacant: 1.)  To Senate."
656248,2014-09-11,Senate,17,"In Senate. To enrollment."
656248,2014-09-11,Senate,18,"Enrolled and delivered to Governor."
656248,2014-09-11,Senate,19,"Approved by the Governor. Chapter 4."
