people_id,name,first_name,middle_name,last_name,suffix,nickname,party_id,party,role_id,role,district,followthemoney_eid,votesmart_id,opensecrets_id,ballotpedia,knowwho_pid,committee_id
8467,"Tom Grady",Tom,,Grady,,,2,R,1,Rep,HD-038,13009118,43822,,Thomas_Grady_(Nevada),211804,0
8468,"John Hambrick",John,C.,Hambrick,,,2,R,1,Rep,HD-002,6676297,106877,,John_Hambrick,272127,0
8469,"Joseph Hardy",Joseph,,Hardy,,Joe,2,R,2,Sen,SD-012,6596468,43876,,Joseph_Hardy,211795,0
8470,"James Settelmeyer",James,Arnold,Settelmeyer,,,2,R,2,Sen,SD-017,6670193,67461,,James_Settelmeyer,249440,0
8471,"Melissa Woodbury",Melissa,,Woodbury,,,2,R,1,Rep,HD-023,6676352,107034,,Melissa_Woodbury,272133,0
8472,"Lynn Stewart",Lynn,,Stewart,,,2,R,1,Rep,HD-022,6665910,43796,,Lynn_Stewart,249429,0
8474,"Mark Manendo",Mark,,Manendo,,,1,D,2,Sen,SD-021,13009051,9059,,Mark_Manendo,197568,0
8491,"Joseph Hogan",Joseph,,Hogan,,,1,D,1,Rep,HD-010,6465012,43931,,Joseph_Hogan_(Nevada),227670,0
8496,"Marilyn Dondero Loop",Marilyn,,"Dondero Loop",,,1,D,2,Sen,SD-008,6491157,106888,,Marilyn_Dondero_Loop,407374,0
8497,"William Horne",William,,Horne,,,1,D,1,Rep,HD-034,6395575,44062,,William_Horne,211799,0
8498,"Marilyn Kirkpatrick",Marilyn,K.,Kirkpatrick,,,1,D,1,Rep,HD-001,6465052,44045,,Marilyn_Kirkpatrick,227665,0
8500,"James Ohrenschall",James,,Ohrenschall,,,1,D,1,Rep,HD-012,6476751,66853,,James_Ohrenschall,249423,0
8501,"Debbie Smith",Debbie,,Smith,,,1,D,2,Sen,SD-013,6395677,43880,,Debbie_Smith,205505,0
8502,"Moises Denis",Moises,,Denis,,Mo,1,D,2,Sen,SD-002,6464977,43820,,Moises_Denis,227681,0
8506,"Maggie Carlton",Maggie,,Carlton,,,1,D,1,Rep,HD-014,6395718,22822,,Maggie_Carlton,197518,0
8508,"Ruben Kihuen",Ruben,,Kihuen,,,1,D,2,Sen,SD-010,6476722,66851,,Ruben_Kihuen,239012,0
8510,"Richard Segerblom",Richard,,Segerblom,,Tick,1,D,2,Sen,SD-003,6476760,65915,,Richard_%22Tick%22_Segerblom,249416,0
8512,"Don Gustavson",Don,,Gustavson,,,2,R,2,Sen,SD-014,13009088,12531,,Don_Gustavson,197582,0
8513,"Ellen Spiegel",Ellen,,Spiegel,,,1,D,1,Rep,HD-020,6491182,107017,,Ellen_Spiegel,272130,0
8514,"Paul Aizley",Paul,,Aizley,,,1,D,1,Rep,HD-041,6559653,107067,,Paul_Aizley,272132,0
8515,"Kelvin Atkinson",Kelvin,,Atkinson,,,1,D,2,Sen,SD-004,6395703,22746,,Kelvin_Atkinson,211794,0
8516,"David Bobzien",David,,Bobzien,,,1,D,1,Rep,HD-024,6015157,44013,,David_Bobzien,249431,0
8518,"Pete Goicoechea",Pete,,Goicoechea,,,2,R,2,Sen,SD-019,6596444,43974,,Peter_Goicoechea,211801,0
8519,"Harvey Munford",Harvey,J.,Munford,,,1,D,1,Rep,HD-006,6436851,44081,,Harvey_Munford,227668,0
8525,"Joyce Woodhouse",Joyce,,Woodhouse,,,1,D,2,Sen,SD-005,6476805,66860,,Joyce_Woodhouse,249443,0
8557,"Barbara Cegavske",Barbara,Katherine,Cegavske,,,2,R,2,Sen,SD-008,6580968,12503,,Barbara_Cegavske,197552,0
8563,"David Parks",David,,Parks,,,1,D,2,Sen,SD-007,13009126,12540,,David_Parks,197591,0
8570,"Elliot Anderson",Elliot,T.,Anderson,,,1,D,1,Rep,HD-015,6508318,121859,,Elliot_Anderson,309988,0
8608,"Committee of the Whole",,,,,,0,,2,Sen,,0,0,,,0,1583
12092,"Pete Livermore",Pete,,Livermore,,,2,R,1,Rep,HD-040,6686540,74696,,Pete_Livermore,290300,0
12093,"Ben Kieckhefer",Ben,,Kieckhefer,,,2,R,2,Sen,SD-016,6686559,121952,,Ben_Kieckhefer,292349,0
12094,"Richard Carrillo",Richard,,Carrillo,,,1,D,1,Rep,HD-018,13009054,121863,,Richard_Carrillo,310006,0
12095,"Randy Kirner",Randy,,Kirner,,,2,R,1,Rep,HD-026,6691566,121889,,Randy_Kirner,310097,0
12097,"Lucy Flores",Lucy,,Flores,,,1,D,1,Rep,HD-028,13009092,148998,,Lucy_Flores,310113,0
12184,"Legislative Operations and Elections",,,,,,0,,1,Rep,,0,0,,,0,2103
12199,"John Ellison",John,,Ellison,,,2,R,1,Rep,HD-033,13009106,90566,,John_Ellison,294536,0
12200,"Ira Hansen",Ira,,Hansen,,,2,R,1,Rep,HD-032,6686502,121908,,Ira_Hansen,292353,0
12202,"Jason Frierson",Jason,,Frierson,,,1,D,1,Rep,HD-008,13009013,121835,,Jason_Frierson,309928,0
12203,"Richard Daly",Richard,,Daly,,Skip,1,D,1,Rep,HD-031,6508393,121904,,Skip_Daly,310124,0
12204,"Olivia Diaz",Olivia,,Diaz,,,1,D,1,Rep,HD-011,6508292,121844,,Olivia_Diaz,309979,0
12205,"Patrick Hickey",Patrick,,Hickey,,Pat,2,R,1,Rep,HD-025,13009079,12527,,Patrick_Hickey,310090,0
12209,"Teresa Benitez-Thompson",Teresa,,Benitez-Thompson,,,1,D,1,Rep,HD-027,6508382,121895,,Teresa_Benitez-Thompson,310106,0
12211,"Irene Bustamante Adams",Irene,,"Bustamante Adams",,,1,D,1,Rep,HD-042,6508404,121922,,Irene_Bustamante_Adams,309738,0
12212,"Scott Hammond",Scott,,Hammond,,,2,R,2,Sen,SD-018,6639723,121853,,Scott_Hammond,309986,0
12213,"Dina Neal",Dina,,Neal,,,1,D,1,Rep,HD-007,13009010,121828,,Dina_Neal,309643,0
12249,"Greg Brower",Greg,,Brower,,,2,R,2,Sen,SD-015,6596673,22804,,Greg_Brower,330205,0
12251,"Michael Roberson",Michael,,Roberson,,,2,R,2,Sen,SD-020,13012994,121938,,Michael_Roberson,309897,0
12728,"Cresent Hardy",Cresent,,Hardy,,,2,R,1,Rep,HD-019,13009059,121872,,Cresent_Hardy,310070,0
15152,"Michele Fiore",Michele,,Fiore,,,2,R,1,Rep,HD-004,9715872,121949,,Michele_Fiore,287981,0
15153,"James Oscarson",James,,Oscarson,,,2,R,1,Rep,HD-036,23594337,138580,,James_Oscarson,407233,0
15869,"Lesley Cohen",Lesley,E.,Cohen,,,1,D,1,Rep,HD-029,9714575,144671,,Lesley_Cohen,446921,0
15870,"Wesley Duncan",Wesley,,Duncan,,,2,R,1,Rep,HD-037,13789861,137797,,Wesley_Duncan,407488,0
15871,"Andy Eisen",Andy,,Eisen,,,1,D,1,Rep,HD-021,9691987,137760,,Andy_Eisen,407459,0
15872,"James Healey",James,W.,Healey,,,1,D,1,Rep,HD-035,13789858,138046,,James_Healey,407484,0
15873,"Andrew Martin",Andrew,,Martin,,,1,D,1,Rep,HD-009,13009032,106986,,Andrew_Martin,407400,0
15874,"Paul Anderson",Paul,,Anderson,,,2,R,1,Rep,HD-013,13789825,138039,,Paul_Anderson_(Nevada),407414,0
15875,"Michael Sprinkle",Michael,,Sprinkle,,,1,D,1,Rep,HD-030,6476765,68339,,Michael_Sprinkle,407350,0
15876,"Heidi Swank",Heidi,,Swank,,,1,D,1,Rep,HD-016,13789833,137744,,Heidi_Swank,407450,0
15877,"Jim Wheeler",Jim,,Wheeler,,,2,R,1,Rep,HD-039,6686531,121918,,Jim_Wheeler,293501,0
15878,"Aaron Ford",Aaron,D.,Ford,,,1,D,2,Sen,SD-011,6508433,121935,,Aaron_Ford,309910,0
15879,"Mark Hutchison",Mark,A.,Hutchison,,,2,R,2,Sen,SD-006,9699673,137689,,Mark_Hutchison,407305,0
15880,"Justin Jones",Justin,C.,Jones,,,1,D,2,Sen,SD-009,13009031,44080,,Justin_Jones_(Nevada),407328,0
15881,"Patricia Spearman",Patricia,,Spearman,,Pat,1,D,2,Sen,SD-001,13789978,137684,,Patricia_Spearman,407281,0
16028,"Tyrone Thompson",Tyrone,,Thompson,,,1,D,1,Rep,HD-017,23593086,144607,,Tyrone_Thompson,457436,0
16041,"Committee of the Whole",,,,,,0,,1,Rep,,0,0,,,0,1571
