bill_id,roll_call_id,date,chamber,description,yea,nay,nv,absent,total
656220,379433,0000-00-00,Assembly,"Assembly Final Passage",39,0,0,2,41
656220,379530,0000-00-00,Senate,"Senate Final Passage",21,0,0,0,21
656221,379820,0000-00-00,Assembly,"Assembly Final Passage",39,0,0,2,41
656221,379821,0000-00-00,Senate,"Senate Final Passage",21,0,0,0,21
656246,379725,0000-00-00,Assembly,"Assembly Final Passage",39,0,0,2,41
656246,379726,0000-00-00,Senate,"Senate Final Passage",21,0,0,0,21
656248,379532,0000-00-00,Senate,"Senate Final Passage",21,0,0,0,21
656248,379823,0000-00-00,Assembly,"Assembly Final Passage",39,0,0,2,41
