people_id,name,first_name,middle_name,last_name,suffix,nickname,party_id,party,role_id,role,district,followthemoney_eid,votesmart_id,opensecrets_id,ballotpedia,knowwho_pid,committee_id
8467,"Tom Grady",Tom,,Grady,,,2,R,1,Rep,HD-038,13009118,43822,,Thomas_Grady_(Nevada),211804,0
8468,"John Hambrick",John,C.,Hambrick,,,2,R,1,Rep,HD-002,6676297,106877,,John_Hambrick,272127,0
8469,"Joseph Hardy",Joseph,,Hardy,,Joe,2,R,2,Sen,SD-012,6596468,43876,,Joseph_Hardy,211795,0
8470,"James Settelmeyer",James,Arnold,Settelmeyer,,,2,R,2,Sen,SD-017,6670193,67461,,James_Settelmeyer,249440,0
8471,"Melissa Woodbury",Melissa,,Woodbury,,,2,R,1,Rep,HD-023,6676352,107034,,Melissa_Woodbury,272133,0
8472,"Lynn Stewart",Lynn,,Stewart,,,2,R,1,Rep,HD-022,6665910,43796,,Lynn_Stewart,249429,0
8474,"Mark Manendo",Mark,,Manendo,,,1,D,2,Sen,SD-021,13009051,9059,,Mark_Manendo,197568,0
8476,Education,,,,,,0,,1,Rep,,0,0,,,0,1573
8477,"Health and Human Services",,,,,,0,,1,Rep,,0,0,,,0,1576
8478,"Ways and Means",,,,,,0,,1,Rep,,0,0,,,0,1581
8480,"Commerce and Labor",,,,,,0,,1,Rep,,0,0,,,0,1570
8482,Transportation,,,,,,0,,1,Rep,,0,0,,,0,1580
8483,Taxation,,,,,,0,,1,Rep,,0,0,,,0,1579
8484,Judiciary,,,,,,0,,1,Rep,,0,0,,,0,1577
8485,"Natural Resources, Agriculture, and Mining",,,,,,0,,1,Rep,,0,0,,,0,1578
8486,"Government Affairs",,,,,,0,,1,Rep,,0,0,,,0,1575
8488,"Sheila Leslie",Sheila,,Leslie,,,1,D,2,Sen,SD-001,6395594,22723,,Sheila_Leslie,197577,0
8490,"John Oceguera",John,,Oceguera,,,1,D,1,Rep,HD-016,296185,22815,,John_Oceguera,205498,0
8491,"Joseph Hogan",Joseph,,Hogan,,,1,D,1,Rep,HD-010,6465012,43931,,Joseph_Hogan_(Nevada),227670,0
8493,"Richard McArthur",Richard,,McArthur,,,2,R,1,Rep,HD-004,6665888,44008,,Richard_McArthur,272128,0
8494,"Marcus Conklin",Marcus,,Conklin,,,1,D,1,Rep,HD-037,6395527,44090,,Marcus_Conklin,211803,0
8495,"Bernie Anderson",Bernie,,Anderson,,,1,D,1,Rep,HD-031,6395692,9035,,Bernard_Anderson,0,0
8496,"Marilyn Dondero Loop",Marilyn,,"Dondero Loop",,,1,D,1,Rep,SD-008,6491157,106888,,Marilyn_Dondero_Loop,407374,0
8497,"William Horne",William,,Horne,,,1,D,1,Rep,HD-034,6395575,44062,,William_Horne,211799,0
8498,"Marilyn Kirkpatrick",Marilyn,K.,Kirkpatrick,,,1,D,1,Rep,HD-001,6465052,44045,,Marilyn_Kirkpatrick,227665,0
8500,"James Ohrenschall",James,,Ohrenschall,,,1,D,1,Rep,HD-012,6476751,66853,,James_Ohrenschall,249423,0
8501,"Debbie Smith",Debbie,,Smith,,,1,D,1,Rep,SD-013,6395677,43880,,Debbie_Smith,205505,0
8502,"Moises Denis",Moises,,Denis,,Mo,1,D,2,Sen,SD-002,6464977,43820,,Moises_Denis,227681,0
8503,"April Mastroluca",April,,Mastroluca,,,1,D,1,Rep,HD-029,6491161,107040,,April_Mastroluca,272131,0
8506,"Maggie Carlton",Maggie,,Carlton,,,1,D,1,Rep,HD-014,6395718,22822,,Maggie_Carlton,197518,0
8508,"Ruben Kihuen",Ruben,,Kihuen,,,1,D,2,Sen,SD-010,6476722,66851,,Ruben_Kihuen,239012,0
8509,"Barbara Buckley",Barbara,,Buckley,,,1,D,1,Rep,HD-008,13009011,9042,,Barbara_Buckley,0,0
8510,"Richard Segerblom",Richard,,Segerblom,,Tick,1,D,1,Rep,SD-003,6476760,65915,,Richard_%22Tick%22_Segerblom,249416,0
8511,"Peggy Pierce",Peggy,,Pierce,,,1,D,1,Rep,HD-003,6395646,44073,,Peggy_Pierce,211790,0
8512,"Don Gustavson",Don,,Gustavson,,,2,R,2,Sen,SD-014,13009088,12531,,Don_Gustavson,197582,0
8513,"Ellen Spiegel",Ellen,,Spiegel,,,1,D,1,Rep,HD-020,6491182,107017,,Ellen_Spiegel,272130,0
8514,"Paul Aizley",Paul,,Aizley,,,1,D,1,Rep,HD-041,6559653,107067,,Paul_Aizley,272132,0
8515,"Kelvin Atkinson",Kelvin,,Atkinson,,,1,D,1,Rep,SD-004,6395703,22746,,Kelvin_Atkinson,211794,0
8516,"David Bobzien",David,,Bobzien,,,1,D,1,Rep,HD-024,6015157,44013,,David_Bobzien,249431,0
8518,"Pete Goicoechea",Pete,,Goicoechea,,,2,R,1,Rep,SD-019,6596444,43974,,Peter_Goicoechea,211801,0
8519,"Harvey Munford",Harvey,J.,Munford,,,1,D,1,Rep,HD-006,6436851,44081,,Harvey_Munford,227668,0
8526,"Edwin Goedhart",Edwin,,Goedhart,,Ed,2,R,1,Rep,HD-036,6670172,67457,,Edwin_Goedhart,249438,0
8527,"Morse Arberry",Morse,,Arberry,Jr.,,1,D,1,Rep,HD-007,6395700,9036,,"Morse_Arberry,_Jr.",197554,0
8530,"Shirley Breeden",Shirley,,Breeden,,,1,D,2,Sen,SD-005,6491120,106861,,Shirley_Breeden,271736,0
8539,Finance,,,,,,0,,2,Sen,,0,0,,,0,1585
8540,"Steven Horsford",Steven,,Horsford,,,1,D,2,Sen,SD-004,13012984,44064,,Steven_Horsford,227658,0
8542,"Michael Schneider",Michael,,Schneider,,,1,D,2,Sen,SD-011,6436471,9068,,Michael_Schneider_(Nevada),197532,0
8543,"Legislative Operations and Elections",,,,,,0,,2,Sen,,0,0,,,0,1589
8545,Judiciary,,,,,,0,,2,Sen,,0,0,,,0,1588
8546,"John Lee",John,,Lee,,,1,D,2,Sen,SD-001,6436659,43937,,John_J._Lee,197546,0
8547,"Valerie Wiener",Valerie,,Wiener,,,1,D,2,Sen,SD-003,13012982,12490,,Valerie_Wiener,197524,0
8554,"Government Affairs",,,,,,0,,2,Sen,,0,0,,,0,1586
8555,"Natural Resources",,,,,,0,,2,Sen,,0,0,,,0,1590
8557,"Barbara Cegavske",Barbara,Katherine,Cegavske,,,2,R,2,Sen,SD-008,6580968,12503,,Barbara_Cegavske,197552,0
8561,"Mike McGinness",Mike,,McGinness,,,2,R,2,Sen,SD-CENT,6639183,2617,,Mike_McGinness,197541,0
8563,"David Parks",David,,Parks,,,1,D,2,Sen,SD-007,13009126,12540,,David_Parks,197591,0
8564,"Dean Rhoads",Dean,A.,Rhoads,,,2,R,2,Sen,SD-RURAL,6639459,2627,,Dean_Rhoads,197542,0
8566,"Allison Copening",Allison,,Copening,,,1,D,2,Sen,SD-006,13012996,106864,,Allison_Copening,272126,0
8570,"Elliot Anderson",Elliot,T.,Anderson,,,1,D,1,Rep,HD-015,6508318,121859,,Elliot_Anderson,309988,0
12091,"Mark Sherwood",Mark,,Sherwood,,,2,R,1,Rep,HD-021,13009065,121876,,Mark_Sherwood,310072,0
12092,"Pete Livermore",Pete,,Livermore,,,2,R,1,Rep,HD-040,6686540,74696,,Pete_Livermore,290300,0
12093,"Ben Kieckhefer",Ben,,Kieckhefer,,,2,R,2,Sen,SD-016,6686559,121952,,Ben_Kieckhefer,292349,0
12094,"Richard Carrillo",Richard,,Carrillo,,,1,D,1,Rep,HD-018,13009054,121863,,Richard_Carrillo,310006,0
12095,"Randy Kirner",Randy,,Kirner,,,2,R,1,Rep,HD-026,6691566,121889,,Randy_Kirner,310097,0
12097,"Lucy Flores",Lucy,,Flores,,,1,D,1,Rep,HD-028,13009092,148998,,Lucy_Flores,310113,0
12182,"Health and Human Services",,,,,,0,,2,Sen,,0,0,,,0,2068
12183,Education,,,,,,0,,2,Sen,,0,0,,,0,2067
12184,"Legislative Operations and Elections",,,,,,0,,1,Rep,,0,0,,,0,2103
12185,Transportation,,,,,,0,,2,Sen,,0,0,,,0,2102
12196,"Commerce, Labor and Energy",,,,,,0,,2,Sen,,0,0,,,0,2197
12199,"John Ellison",John,,Ellison,,,2,R,1,Rep,HD-033,13009106,90566,,John_Ellison,294536,0
12200,"Ira Hansen",Ira,,Hansen,,,2,R,1,Rep,HD-032,6686502,121908,,Ira_Hansen,292353,0
12202,"Jason Frierson",Jason,,Frierson,,,1,D,1,Rep,HD-008,13009013,121835,,Jason_Frierson,309928,0
12203,"Richard Daly",Richard,,Daly,,Skip,1,D,1,Rep,HD-031,6508393,121904,,Skip_Daly,310124,0
12204,"Olivia Diaz",Olivia,,Diaz,,,1,D,1,Rep,HD-011,6508292,121844,,Olivia_Diaz,309979,0
12205,"Patrick Hickey",Patrick,,Hickey,,Pat,2,R,1,Rep,HD-025,13009079,12527,,Patrick_Hickey,310090,0
12209,"Teresa Benitez-Thompson",Teresa,,Benitez-Thompson,,,1,D,1,Rep,HD-027,6508382,121895,,Teresa_Benitez-Thompson,310106,0
12210,"Steven Brooks",Steven,,Brooks,,,1,D,1,Rep,HD-017,6508336,121866,,Steven_Brooks,310010,0
12211,"Irene Bustamante Adams",Irene,,"Bustamante Adams",,,1,D,1,Rep,HD-042,6508404,121922,,Irene_Bustamante_Adams,309738,0
12212,"Scott Hammond",Scott,,Hammond,,,2,R,1,Rep,SD-018,6639723,121853,,Scott_Hammond,309986,0
12213,"Dina Neal",Dina,,Neal,,,1,D,1,Rep,HD-007,13009010,121828,,Dina_Neal,309643,0
12249,"Greg Brower",Greg,,Brower,,,2,R,2,Sen,SD-015,6596673,22804,,Greg_Brower,330205,0
12250,"Elizabeth Halseth",Elizabeth,,Halseth,,,2,R,2,Sen,SD-009,6691637,121855,,Elizabeth_Halseth,309902,0
12251,"Michael Roberson",Michael,,Roberson,,,2,R,2,Sen,SD-020,13012994,121938,,Michael_Roberson,309897,0
12354,Revenue,,,,,,0,,2,Sen,,0,0,,,0,2385
12358,"Kelly Kite",Kelly,,Kite,,,2,R,1,Rep,HD-039,6686525,90522,,Kelly_Kite,293502,0
12728,"Cresent Hardy",Cresent,,Hardy,,,2,R,1,Rep,HD-019,13009059,121872,,Cresent_Hardy,310070,0
