bill_id,roll_call_id,date,chamber,description,yea,nay,nv,absent,total
257146,68655,2011-04-18,Assembly,"Assembly Final Passage",42,0,0,0,42
257146,75563,2011-05-02,Senate,"Senate Final Passage",21,0,0,0,21
257147,45319,2011-03-07,Senate,"Senate Final Passage",21,0,0,0,21
257147,86166,0000-00-00,Assembly,"Assembly Final Passage",37,5,0,0,42
257150,67308,2011-04-14,Senate,"Senate Final Passage",19,2,0,0,21
257152,72643,2011-04-25,Assembly,"Assembly Final Passage",42,0,0,0,42
257152,80090,0000-00-00,Senate,"Senate Final Passage",21,0,0,0,21
257153,72326,2011-04-22,Senate,"Senate Final Passage",21,0,0,0,21
257155,54426,2011-03-17,Senate,"Senate Final Passage",21,0,0,0,21
257155,82724,0000-00-00,Assembly,"Assembly Final Passage",42,0,0,0,42
257156,72377,2011-04-22,Senate,"Senate Final Passage",21,0,0,0,21
257156,85972,0000-00-00,Assembly,"Assembly Final Passage",41,0,0,1,42
257157,68611,2011-04-18,Assembly,"Assembly Final Passage",39,3,0,0,42
257157,83964,0000-00-00,Senate,"Senate Final Passage",21,0,0,0,21
257158,68649,2011-04-18,Assembly,"Assembly Final Passage",42,0,0,0,42
257158,75653,2011-05-02,Senate,"Senate Final Passage",21,0,0,0,21
257161,64781,2011-04-07,Senate,"Senate Final Passage",21,0,0,0,21
257161,84830,0000-00-00,Assembly,"Assembly Final Passage",42,0,0,0,42
257164,81094,0000-00-00,Assembly,"Assembly Final Passage",40,1,0,1,42
257164,85554,0000-00-00,Senate,"Senate Final Passage",21,0,0,0,21
257167,75315,2011-04-26,Assembly,"Assembly Final Passage",42,0,0,0,42
257167,80195,0000-00-00,Senate,"Senate Final Passage",21,0,0,0,21
257169,72405,2011-04-22,Senate,"Senate Final Passage",21,0,0,0,21
257169,85698,0000-00-00,Assembly,"Assembly Final Passage",42,0,0,0,42
257170,72399,2011-04-22,Senate,"Senate Final Passage",21,0,0,0,21
257172,68634,2011-04-18,Assembly,"Assembly Final Passage",42,0,0,0,42
257172,76294,2011-05-04,Senate,"Senate Final Passage",21,0,0,0,21
257173,64734,2011-04-07,Senate,"Senate Final Passage",21,0,0,0,21
257173,82839,0000-00-00,Assembly,"Assembly Final Passage",42,0,0,0,42
257175,64740,2011-04-07,Senate,"Senate Final Passage",21,0,0,0,21
257176,72766,2011-04-25,Assembly,"Assembly Final Passage",42,0,0,0,42
257176,80169,0000-00-00,Senate,"Senate Final Passage",21,0,0,0,21
257177,49285,2011-03-14,Senate,"Senate Final Passage",21,0,0,0,21
257177,80096,0000-00-00,Assembly,"Assembly Final Passage",38,2,0,2,42
257178,80763,0000-00-00,Senate,"Senate Final Passage",20,0,1,0,21
257178,86862,0000-00-00,Assembly,"Assembly Final Passage",38,4,0,0,42
257179,67380,2011-04-14,Senate,"Senate Final Passage",21,0,0,0,21
257179,84662,0000-00-00,Assembly,"Assembly Final Passage",42,0,0,0,42
257180,72791,2011-04-25,Assembly,"Assembly Final Passage",42,0,0,0,42
257180,78344,2011-05-10,Senate,"Senate Final Passage",21,0,0,0,21
257183,44696,2011-03-10,Senate,"Senate Final Passage",21,0,0,0,21
257183,86019,0000-00-00,Assembly,"Assembly Final Passage",40,2,0,0,42
257184,54439,2011-03-16,Assembly,"Assembly Final Passage",41,0,0,1,42
257184,75709,2011-05-02,Senate,"Senate Final Passage",21,0,0,0,21
257185,81206,0000-00-00,Senate,"Senate Final Passage",21,0,0,0,21
257185,85450,0000-00-00,Assembly,"Assembly Final Passage",42,0,0,0,42
257186,81210,0000-00-00,Assembly,"Assembly Final Passage",41,0,0,1,42
257186,88890,0000-00-00,Senate,"Senate Final Passage",21,0,0,0,21
257188,72283,2011-04-22,Senate,"Senate Final Passage",21,0,0,0,21
257188,86077,0000-00-00,Assembly,"Assembly Final Passage",42,0,0,0,42
257189,75338,2011-04-25,Assembly,"Assembly Final Passage",42,0,0,0,42
257189,80031,0000-00-00,Senate,"Senate Final Passage",21,0,0,0,21
257190,75344,2011-04-25,Assembly,"Assembly Final Passage",32,10,0,0,42
257190,84922,0000-00-00,Senate,"Senate Final Passage",21,0,0,0,21
257193,46343,2011-02-21,Senate,"Senate Final Passage",21,0,0,0,21
257194,72629,2011-04-25,Assembly,"Assembly Final Passage",42,0,0,0,42
257194,82191,0000-00-00,Senate,"Senate Final Passage",21,0,0,0,21
257195,72625,2011-04-25,Assembly,"Assembly Final Passage",42,0,0,0,42
257195,80041,0000-00-00,Senate,"Senate Final Passage",21,0,0,0,21
257197,75382,2011-04-26,Senate,"Senate Final Passage",21,0,0,0,21
257197,85939,0000-00-00,Assembly,"Assembly Final Passage",41,0,0,1,42
257199,54469,2011-03-17,Senate,"Senate Final Passage",21,0,0,0,21
257199,81861,0000-00-00,Assembly,"Assembly Final Passage",41,0,0,1,42
257200,68551,2011-04-18,Assembly,"Assembly Final Passage",42,0,0,0,42
257200,77950,2011-05-09,Senate,"Senate Final Passage",21,0,0,0,21
257201,75279,2011-04-26,Assembly,"Assembly Final Passage",41,1,0,0,42
257201,85220,0000-00-00,Senate,"Senate Final Passage",21,0,0,0,21
257202,44635,2011-03-07,Senate,"Senate Final Passage",21,0,0,0,21
257202,82797,0000-00-00,Assembly,"Assembly Final Passage",42,0,0,0,42
257203,72652,2011-04-25,Assembly,"Assembly Final Passage",42,0,0,0,42
257206,73024,2011-04-26,Assembly,"Assembly Final Passage",42,0,0,0,42
257206,80197,0000-00-00,Senate,"Senate Final Passage",21,0,0,0,21
257208,48671,2011-02-22,Senate,"Senate Final Passage",21,0,0,0,21
257208,86299,0000-00-00,Assembly,"Assembly Final Passage",38,4,0,0,42
257209,73027,2011-04-26,Senate,"Senate Final Passage",21,0,0,0,21
257209,85830,0000-00-00,Assembly,"Assembly Final Passage",39,3,0,0,42
257210,68523,2011-04-18,Assembly,"Assembly Final Passage",42,0,0,0,42
257210,77763,2011-05-07,Senate,"Senate Final Passage",21,0,0,0,21
257211,72701,2011-04-25,Assembly,"Assembly Final Passage",42,0,0,0,42
257211,82057,0000-00-00,Senate,"Senate Final Passage",21,0,0,0,21
257212,72282,2011-04-22,Senate,"Senate Final Passage",21,0,0,0,21
257212,82789,0000-00-00,Assembly,"Assembly Final Passage",41,1,0,0,42
257213,55368,2011-03-23,Senate,"Senate Final Passage",21,0,0,0,21
257213,84012,0000-00-00,Assembly,"Assembly Final Passage",42,0,0,0,42
257214,49305,2011-02-10,Senate,"Senate Final Passage",21,0,0,0,21
257214,54534,2011-03-21,Assembly,"Assembly Final Passage",42,0,0,0,42
257215,60910,2011-04-01,Assembly,"Assembly Final Passage",40,1,0,1,42
257215,82421,0000-00-00,Senate,"Senate Final Passage",21,0,0,0,21
257220,85559,0000-00-00,Assembly,"Assembly Final Passage",42,0,0,0,42
257220,89545,0000-00-00,Senate,"Senate Final Passage",21,0,0,0,21
257221,45606,2011-03-02,Senate,"Senate Final Passage",20,0,0,1,21
257221,86139,0000-00-00,Assembly,"Assembly Final Passage",42,0,0,0,42
257223,65021,2011-04-11,Assembly,"Assembly Final Passage",42,0,0,0,42
257223,75514,2011-05-02,Senate,"Senate Final Passage",21,0,0,0,21
257225,44881,2011-03-10,Assembly,"Assembly Final Passage",42,0,0,0,42
257225,79997,0000-00-00,Senate,"Senate Final Passage",21,0,0,0,21
257226,45351,2011-02-22,Assembly,"Assembly Final Passage",39,0,0,3,42
257226,45352,2011-03-10,Senate,"Senate Final Passage",21,0,0,0,21
257228,45620,2011-02-21,Assembly,"Assembly Final Passage",40,0,0,2,42
257228,55319,2011-03-23,Senate,"Senate Final Passage",21,0,0,0,21
257229,85964,0000-00-00,Senate,"Senate Final Passage",21,0,0,0,21
257229,86827,0000-00-00,Assembly,"Assembly Final Passage",42,0,0,0,42
257230,72916,2011-04-25,Assembly,"Assembly Final Passage",42,0,0,0,42
257230,80026,0000-00-00,Senate,"Senate Final Passage",21,0,0,0,21
257231,44872,2011-02-22,Assembly,"Assembly Final Passage",39,0,0,3,42
257231,44873,2011-03-10,Senate,"Senate Final Passage",21,0,0,0,21
257233,75293,2011-04-26,Assembly,"Assembly Final Passage",42,0,0,0,42
257233,86634,0000-00-00,Senate,"Senate Final Passage",21,0,0,0,21
257235,48879,2011-02-16,Assembly,"Assembly Final Passage",41,0,0,1,42
257235,59197,2011-03-31,Senate,"Senate Final Passage",21,0,0,0,21
257236,72210,2011-04-22,Senate,"Senate Final Passage",21,0,0,0,21
257236,82966,0000-00-00,Assembly,"Assembly Final Passage",42,0,0,0,42
257237,73297,2011-04-26,Assembly,"Assembly Final Passage",24,18,0,0,42
257237,84039,0000-00-00,Senate,"Senate Final Passage",9,12,0,0,21
257237,86138,0000-00-00,Senate,"Senate Final Passage",11,10,0,0,21
257241,68555,2011-04-18,Assembly,"Assembly Final Passage",42,0,0,0,42
257241,82573,0000-00-00,Senate,"Senate Final Passage",21,0,0,0,21
257242,72627,2011-04-25,Assembly,"Assembly Final Passage",41,1,0,0,42
257242,82094,0000-00-00,Senate,"Senate Final Passage",11,10,0,0,21
257243,72586,2011-04-22,Senate,"Senate Final Passage",21,0,0,0,21
257243,86174,0000-00-00,Assembly,"Assembly Final Passage",42,0,0,0,42
257244,54003,2011-03-18,Senate,"Senate Final Passage",21,0,0,0,21
257244,75297,2011-04-26,Assembly,"Assembly Final Passage",41,1,0,0,42
257245,55295,2011-03-23,Senate,"Senate Final Passage",21,0,0,0,21
257245,86699,0000-00-00,Assembly,"Assembly Final Passage",42,0,0,0,42
257246,67277,2011-04-14,Senate,"Senate Final Passage",21,0,0,0,21
257246,86128,0000-00-00,Assembly,"Assembly Final Passage",42,0,0,0,42
257247,64290,2011-04-07,Senate,"Senate Final Passage",21,0,0,0,21
257247,84836,0000-00-00,Assembly,"Assembly Final Passage",42,0,0,0,42
257249,68629,2011-04-18,Assembly,"Assembly Final Passage",42,0,0,0,42
257249,77973,2011-05-09,Senate,"Senate Final Passage",21,0,0,0,21
257250,72640,2011-04-25,Assembly,"Assembly Final Passage",41,1,0,0,42
257250,78292,2011-05-10,Senate,"Senate Final Passage",21,0,0,0,21
257252,45007,2011-02-16,Assembly,"Assembly Final Passage",41,0,0,1,42
257252,49421,2011-03-14,Senate,"Senate Final Passage",21,0,0,0,21
257253,90268,0000-00-00,Assembly,"Assembly Final Passage",41,1,0,0,42
257253,90269,0000-00-00,Senate,"Senate Final Passage",21,0,0,0,21
257255,64319,2011-04-07,Senate,"Senate Final Passage",21,0,0,0,21
257255,84675,0000-00-00,Assembly,"Assembly Final Passage",42,0,0,0,42
257257,45817,2011-02-24,Assembly,"Assembly Final Passage",39,0,0,3,42
257257,82476,0000-00-00,Senate,"Senate Final Passage",21,0,0,0,21
257258,72404,2011-04-22,Senate,"Senate Final Passage",20,1,0,0,21
257258,82733,0000-00-00,Assembly,"Assembly Final Passage",42,0,0,0,42
257260,75026,2011-04-26,Assembly,"Assembly Final Passage",32,10,0,0,42
257260,86322,0000-00-00,Senate,"Senate Final Passage",11,10,0,0,21
257262,72408,2011-04-20,Assembly,"Assembly Final Passage",40,2,0,0,42
257262,78763,0000-00-00,Senate,"Senate Final Passage",13,8,0,0,21
257263,72589,2011-04-22,Senate,"Senate Final Passage",21,0,0,0,21
257263,78737,0000-00-00,Assembly,"Assembly Final Passage",35,7,0,0,42
257264,64344,2011-04-07,Senate,"Senate Final Passage",21,0,0,0,21
257264,81515,0000-00-00,Assembly,"Assembly Final Passage",42,0,0,0,42
257265,90427,0000-00-00,Assembly,"Assembly Final Passage",30,8,0,4,42
257265,90428,0000-00-00,Senate,"Senate Final Passage",12,9,0,0,21
257266,64783,2011-04-07,Senate,"Senate Final Passage",21,0,0,0,21
257266,81752,0000-00-00,Assembly,"Assembly Final Passage",42,0,0,0,42
257268,45228,2011-02-16,Senate,"Senate Final Passage",21,0,0,0,21
257268,45229,2011-03-11,Assembly,"Assembly Final Passage",41,0,0,1,42
257269,46416,2011-02-21,Senate,"Senate Final Passage",21,0,0,0,21
257269,85550,0000-00-00,Assembly,"Assembly Final Passage",42,0,0,0,42
257270,54424,2011-03-16,Assembly,"Assembly Final Passage",41,0,0,1,42
257270,59177,2011-03-31,Senate,"Senate Final Passage",21,0,0,0,21
257271,75031,2011-04-26,Assembly,"Assembly Final Passage",42,0,0,0,42
257271,82188,0000-00-00,Senate,"Senate Final Passage",21,0,0,0,21
257273,72671,2011-04-25,Assembly,"Assembly Final Passage",42,0,0,0,42
257273,82207,0000-00-00,Senate,"Senate Final Passage",14,7,0,0,21
257276,46742,2011-02-21,Senate,"Senate Final Passage",21,0,0,0,21
257276,86114,0000-00-00,Assembly,"Assembly Final Passage",41,0,0,1,42
257279,68459,2011-04-18,Assembly,"Assembly Final Passage",42,0,0,0,42
257279,77761,2011-05-07,Senate,"Senate Final Passage",21,0,0,0,21
257281,49647,2011-02-23,Senate,"Senate Final Passage",21,0,0,0,21
257281,83943,0000-00-00,Assembly,"Assembly Final Passage",42,0,0,0,42
257282,90222,0000-00-00,Assembly,"Assembly Final Passage",38,3,0,1,42
257282,90223,0000-00-00,Senate,"Senate Final Passage",21,0,0,0,21
257284,75034,2011-04-26,Senate,"Senate Final Passage",21,0,0,0,21
257284,79982,0000-00-00,Assembly,"Assembly Final Passage",41,0,0,1,42
257293,80927,0000-00-00,Senate,"Senate Final Passage",13,8,0,0,21
257293,80928,0000-00-00,Senate,"Senate Final Passage",12,9,0,0,21
257293,91249,0000-00-00,Assembly,"Assembly Final Passage",28,14,0,0,42
257294,68592,2011-04-18,Assembly,"Assembly Final Passage",41,1,0,0,42
257294,76500,2011-05-04,Senate,"Senate Final Passage",21,0,0,0,21
257295,90229,0000-00-00,Senate,"Senate Final Passage",11,10,0,0,21
257295,90230,0000-00-00,Assembly,"Assembly Final Passage",23,16,0,3,42
257295,90231,0000-00-00,Assembly,"Assembly Final Passage",26,16,0,0,42
257296,68618,2011-04-18,Assembly,"Assembly Final Passage",37,5,0,0,42
257296,68772,2011-04-18,Assembly,"Assembly Final Passage",37,5,0,0,42
257296,80157,0000-00-00,Senate,"Senate Final Passage",20,1,0,0,21
257297,72728,2011-04-25,Senate,"Senate Final Passage",21,0,0,0,21
257297,82837,0000-00-00,Assembly,"Assembly Final Passage",42,0,0,0,42
257298,72454,2011-04-22,Senate,"Senate Final Passage",21,0,0,0,21
257298,82945,0000-00-00,Assembly,"Assembly Final Passage",40,2,0,0,42
257302,49462,2011-02-16,Assembly,"Assembly Final Passage",41,0,0,1,42
257302,55848,2011-03-24,Senate,"Senate Final Passage",21,0,0,0,21
257303,45410,2011-03-10,Senate,"Senate Final Passage",20,1,0,0,21
257303,74397,2011-04-25,Assembly,"Assembly Final Passage",41,1,0,0,42
257304,45587,2011-02-21,Assembly,"Assembly Final Passage",40,0,0,2,42
257304,51928,2011-03-16,Senate,"Senate Final Passage",21,0,0,0,21
257307,90590,0000-00-00,Senate,"Senate Final Passage",21,0,0,0,21
257309,67478,2011-04-14,Senate,"Senate Final Passage",21,0,0,0,21
257310,64431,2011-04-07,Senate,"Senate Final Passage",21,0,0,0,21
257310,87394,0000-00-00,Assembly,"Assembly Final Passage",42,0,0,0,42
257311,61143,2011-04-04,Senate,"Senate Final Passage",21,0,0,0,21
257312,65046,2011-04-11,Assembly,"Assembly Final Passage",42,0,0,0,42
257312,77739,2011-05-07,Senate,"Senate Final Passage",21,0,0,0,21
257313,72335,2011-04-22,Senate,"Senate Final Passage",21,0,0,0,21
257313,86126,0000-00-00,Assembly,"Assembly Final Passage",42,0,0,0,42
257316,66992,2011-04-14,Senate,"Senate Final Passage",21,0,0,0,21
257316,81797,0000-00-00,Assembly,"Assembly Final Passage",42,0,0,0,42
257317,60545,2011-03-31,Assembly,"Assembly Final Passage",42,0,0,0,42
257317,86221,0000-00-00,Senate,"Senate Final Passage",19,2,0,0,21
257318,45385,2011-03-03,Assembly,"Assembly Final Passage",41,0,0,1,42
257318,55313,2011-03-23,Senate,"Senate Final Passage",21,0,0,0,21
257319,64451,2011-04-07,Senate,"Senate Final Passage",21,0,0,0,21
257319,84737,0000-00-00,Assembly,"Assembly Final Passage",42,0,0,0,42
257321,75331,2011-04-26,Senate,"Senate Final Passage",21,0,0,0,21
257321,85705,0000-00-00,Assembly,"Assembly Final Passage",42,0,0,0,42
257322,75087,2011-04-26,Senate,"Senate Final Passage",21,0,0,0,21
257323,72347,2011-04-22,Senate,"Senate Final Passage",21,0,0,0,21
257323,80932,0000-00-00,Assembly,"Assembly Final Passage",42,0,0,0,42
257324,75339,2011-04-26,Senate,"Senate Final Passage",21,0,0,0,21
257325,75092,2011-04-25,Assembly,"Assembly Final Passage",42,0,0,0,42
257325,82212,0000-00-00,Senate,"Senate Final Passage",21,0,0,0,21
257326,55743,2011-03-24,Senate,"Senate Final Passage",21,0,0,0,21
257326,84792,0000-00-00,Assembly,"Assembly Final Passage",42,0,0,0,42
257327,91074,0000-00-00,Senate,"Senate Final Passage",20,0,0,1,21
257327,91075,0000-00-00,Assembly,"Assembly Final Passage",40,2,0,0,42
257329,64814,2011-04-07,Senate,"Senate Final Passage",21,0,0,0,21
257329,84680,0000-00-00,Assembly,"Assembly Final Passage",42,0,0,0,42
257330,87194,0000-00-00,Senate,"Senate Final Passage",21,0,0,0,21
257330,87195,0000-00-00,Assembly,"Assembly Final Passage",42,0,0,0,42
257331,67099,2011-04-14,Senate,"Senate Final Passage",21,0,0,0,21
257331,86845,0000-00-00,Assembly,"Assembly Final Passage",40,1,0,1,42
257332,73147,2011-04-26,Senate,"Senate Final Passage",21,0,0,0,21
257333,72819,2011-04-25,Assembly,"Assembly Final Passage",42,0,0,0,42
257333,80191,0000-00-00,Senate,"Senate Final Passage",21,0,0,0,21
257334,90245,0000-00-00,Senate,"Senate Final Passage",21,0,0,0,21
257334,90246,0000-00-00,Assembly,"Assembly Final Passage",26,16,0,0,42
257335,80156,0000-00-00,Senate,"Senate Final Passage",20,1,0,0,21
257335,86883,0000-00-00,Assembly,"Assembly Final Passage",42,0,0,0,42
257336,75368,2011-04-26,Senate,"Senate Final Passage",21,0,0,0,21
257336,85651,0000-00-00,Assembly,"Assembly Final Passage",42,0,0,0,42
257337,45353,2011-03-07,Senate,"Senate Final Passage",21,0,0,0,21
257337,82472,0000-00-00,Assembly,"Assembly Final Passage",42,0,0,0,42
257338,89901,0000-00-00,Senate,"Senate Final Passage",21,0,0,0,21
257338,89902,0000-00-00,Assembly,"Assembly Final Passage",41,0,0,1,42
257339,72485,2011-04-22,Senate,"Senate Final Passage",21,0,0,0,21
257341,66935,2011-04-14,Senate,"Senate Final Passage",21,0,0,0,21
257341,82627,0000-00-00,Assembly,"Assembly Final Passage",42,0,0,0,42
257342,68458,2011-04-18,Assembly,"Assembly Final Passage",42,0,0,0,42
257342,75609,2011-05-02,Senate,"Senate Final Passage",21,0,0,0,21
257345,54189,2011-03-18,Senate,"Senate Final Passage",21,0,0,0,21
257345,86016,0000-00-00,Assembly,"Assembly Final Passage",42,0,0,0,42
257348,75139,2011-04-26,Senate,"Senate Final Passage",15,6,0,0,21
257348,82699,0000-00-00,Assembly,"Assembly Final Passage",42,0,0,0,42
257349,68524,2011-04-18,Assembly,"Assembly Final Passage",42,0,0,0,42
257349,78712,0000-00-00,Senate,"Senate Final Passage",21,0,0,0,21
257350,75353,2011-04-26,Senate,"Senate Final Passage",21,0,0,0,21
257350,86853,0000-00-00,Assembly,"Assembly Final Passage",42,0,0,0,42
257353,61086,2011-03-31,Senate,"Senate Final Passage",21,0,0,0,21
257355,67287,2011-04-14,Senate,"Senate Final Passage",21,0,0,0,21
257355,86985,0000-00-00,Assembly,"Assembly Final Passage",42,0,0,0,42
257356,75144,2011-04-26,Assembly,"Assembly Final Passage",41,1,0,0,42
257356,84665,0000-00-00,Senate,"Senate Final Passage",21,0,0,0,21
257357,75147,2011-04-26,Senate,"Senate Final Passage",14,7,0,0,21
257359,86002,0000-00-00,Assembly,"Assembly Final Passage",42,0,0,0,42
257359,88771,0000-00-00,Senate,"Senate Final Passage",21,0,0,0,21
257360,46493,2011-02-21,Senate,"Senate Final Passage",21,0,0,0,21
257360,86091,0000-00-00,Assembly,"Assembly Final Passage",42,0,0,0,42
257361,64838,2011-04-07,Senate,"Senate Final Passage",21,0,0,0,21
257361,87415,0000-00-00,Assembly,"Assembly Final Passage",32,10,0,0,42
257362,64136,2011-04-08,Assembly,"Assembly Final Passage",41,0,0,1,42
257362,85968,0000-00-00,Senate,"Senate Final Passage",21,0,0,0,21
257363,68605,2011-04-18,Assembly,"Assembly Final Passage",42,0,0,0,42
257363,78051,2011-05-09,Senate,"Senate Final Passage",21,0,0,0,21
257365,45566,2011-02-21,Senate,"Senate Final Passage",21,0,0,0,21
257365,82764,0000-00-00,Assembly,"Assembly Final Passage",42,0,0,0,42
257370,55348,2011-03-23,Senate,"Senate Final Passage",21,0,0,0,21
257370,81135,0000-00-00,Assembly,"Assembly Final Passage",40,1,0,1,42
257372,75446,2011-04-26,Assembly,"Assembly Final Passage",42,0,0,0,42
257372,82232,0000-00-00,Senate,"Senate Final Passage",21,0,0,0,21
257374,45803,2011-02-14,Senate,"Senate Final Passage",21,0,0,0,21
257375,44642,2011-03-04,Assembly,"Assembly Final Passage",39,0,0,3,42
257375,53934,2011-03-18,Senate,"Senate Final Passage",21,0,0,0,21
257376,67376,2011-04-14,Senate,"Senate Final Passage",21,0,0,0,21
257376,81027,0000-00-00,Assembly,"Assembly Final Passage",42,0,0,0,42
257377,54248,2011-03-16,Assembly,"Assembly Final Passage",41,0,0,1,42
257377,82132,0000-00-00,Senate,"Senate Final Passage",20,0,1,0,21
257378,44716,2011-03-03,Assembly,"Assembly Final Passage",36,5,0,1,42
257378,59385,2011-03-31,Senate,"Senate Final Passage",21,0,0,0,21
257379,73245,2011-04-26,Senate,"Senate Final Passage",21,0,0,0,21
257379,79599,0000-00-00,Assembly,"Assembly Final Passage",40,0,0,2,42
257380,64849,2011-04-11,Assembly,"Assembly Final Passage",42,0,0,0,42
257380,75515,2011-05-02,Senate,"Senate Final Passage",21,0,0,0,21
257384,44725,2011-03-07,Assembly,"Assembly Final Passage",42,0,0,0,42
257384,72472,2011-04-22,Senate,"Senate Final Passage",21,0,0,0,21
257385,72674,2011-04-25,Senate,"Senate Final Passage",14,7,0,0,21
257385,85856,0000-00-00,Assembly,"Assembly Final Passage",37,5,0,0,42
257387,44753,2011-03-04,Assembly,"Assembly Final Passage",37,2,0,3,42
257387,59445,2011-03-31,Senate,"Senate Final Passage",21,0,0,0,21
257388,75313,2011-04-25,Assembly,"Assembly Final Passage",33,9,0,0,42
257388,78566,0000-00-00,Senate,"Senate Final Passage",21,0,0,0,21
257390,73756,2011-04-26,Assembly,"Assembly Final Passage",42,0,0,0,42
257390,82143,0000-00-00,Senate,"Senate Final Passage",21,0,0,0,21
257391,90993,0000-00-00,Assembly,"Assembly Final Passage",42,0,0,0,42
257391,90994,0000-00-00,Senate,"Senate Final Passage",21,0,0,0,21
257392,67220,2011-04-14,Senate,"Senate Final Passage",21,0,0,0,21
257392,85585,0000-00-00,Assembly,"Assembly Final Passage",38,4,0,0,42
257393,67439,2011-04-14,Senate,"Senate Final Passage",21,0,0,0,21
257393,85645,0000-00-00,Assembly,"Assembly Final Passage",40,2,0,0,42
257394,75182,2011-04-26,Assembly,"Assembly Final Passage",42,0,0,0,42
257394,86144,0000-00-00,Senate,"Senate Final Passage",21,0,0,0,21
257395,75183,2011-04-25,Assembly,"Assembly Final Passage",42,0,0,0,42
257395,79990,0000-00-00,Senate,"Senate Final Passage",21,0,0,0,21
257396,44811,2011-03-07,Assembly,"Assembly Final Passage",42,0,0,0,42
257396,76489,2011-05-04,Senate,"Senate Final Passage",21,0,0,0,21
257397,68534,2011-04-18,Assembly,"Assembly Final Passage",42,0,0,0,42
257399,72086,2011-04-22,Senate,"Senate Final Passage",21,0,0,0,21
257399,86013,0000-00-00,Assembly,"Assembly Final Passage",41,0,0,1,42
257400,61125,2011-04-04,Assembly,"Assembly Final Passage",41,0,0,1,42
257400,82175,0000-00-00,Senate,"Senate Final Passage",21,0,0,0,21
257402,62577,2011-04-06,Senate,"Senate Final Passage",21,0,0,0,21
257402,82668,0000-00-00,Assembly,"Assembly Final Passage",41,1,0,0,42
259747,72673,2011-04-18,Assembly,"Assembly Final Passage",42,0,0,0,42
259747,82593,0000-00-00,Senate,"Senate Final Passage",21,0,0,0,21
259807,44985,2011-02-23,Senate,"Senate Final Passage",21,0,0,0,21
259807,85526,0000-00-00,Assembly,"Assembly Final Passage",42,0,0,0,42
259911,49048,2011-02-22,Senate,"Senate Final Passage",21,0,0,0,21
259911,80874,0000-00-00,Assembly,"Assembly Final Passage",42,0,0,0,42
259913,73508,2011-04-25,Assembly,"Assembly Final Passage",42,0,0,0,42
259913,82170,0000-00-00,Senate,"Senate Final Passage",21,0,0,0,21
259959,90435,0000-00-00,Assembly,"Assembly Final Passage",36,5,0,1,42
259959,90436,0000-00-00,Senate,"Senate Final Passage",12,9,0,0,21
259959,90437,0000-00-00,Senate,"Senate Final Passage",20,0,0,1,21
260086,66834,2011-04-14,Senate,"Senate Final Passage",21,0,0,0,21
260086,85793,0000-00-00,Assembly,"Assembly Final Passage",41,1,0,0,42
260109,72696,2011-04-08,Assembly,"Assembly Final Passage",41,0,0,1,42
260109,82572,0000-00-00,Senate,"Senate Final Passage",21,0,0,0,21
260180,73081,2011-04-26,Senate,"Senate Final Passage",21,0,0,0,21
260180,81510,0000-00-00,Assembly,"Assembly Final Passage",40,2,0,0,42
260196,72541,2011-04-22,Senate,"Senate Final Passage",21,0,0,0,21
260196,86074,0000-00-00,Assembly,"Assembly Final Passage",39,2,0,1,42
262895,44840,2011-03-07,Senate,"Senate Final Passage",21,0,0,0,21
262895,82881,0000-00-00,Assembly,"Assembly Final Passage",42,0,0,0,42
263029,73157,2011-04-26,Senate,"Senate Final Passage",21,0,0,0,21
263029,85941,0000-00-00,Assembly,"Assembly Final Passage",41,0,0,1,42
263033,73146,2011-04-26,Senate,"Senate Final Passage",21,0,0,0,21
263284,66933,2011-04-14,Senate,"Senate Final Passage",21,0,0,0,21
263284,85885,0000-00-00,Assembly,"Assembly Final Passage",42,0,0,0,42
264858,73034,2011-04-26,Senate,"Senate Final Passage",21,0,0,0,21
265059,73489,2011-04-26,Senate,"Senate Final Passage",21,0,0,0,21
265059,82815,0000-00-00,Assembly,"Assembly Final Passage",41,1,0,0,42
266653,72383,2011-04-22,Senate,"Senate Final Passage",12,9,0,0,21
266869,72400,2011-04-22,Senate,"Senate Final Passage",21,0,0,0,21
266869,85782,0000-00-00,Assembly,"Assembly Final Passage",42,0,0,0,42
267059,73107,2011-04-26,Senate,"Senate Final Passage",12,9,0,0,21
267059,85930,0000-00-00,Assembly,"Assembly Final Passage",24,17,0,1,42
268030,68646,2011-04-18,Assembly,"Assembly Final Passage",42,0,0,0,42
268030,75615,2011-05-02,Senate,"Senate Final Passage",21,0,0,0,21
268173,75312,2011-04-25,Assembly,"Assembly Final Passage",26,16,0,0,42
268173,82162,0000-00-00,Senate,"Senate Final Passage",11,10,0,0,21
268218,68643,2011-04-18,Assembly,"Assembly Final Passage",32,10,0,0,42
268218,82756,0000-00-00,Senate,"Senate Final Passage",20,1,0,0,21
268257,68583,2011-04-18,Assembly,"Assembly Final Passage",39,3,0,0,42
268257,82081,0000-00-00,Senate,"Senate Final Passage",21,0,0,0,21
268267,48834,2011-02-18,Assembly,"Assembly Final Passage",39,1,0,2,42
268267,72410,2011-04-22,Senate,"Senate Final Passage",21,0,0,0,21
268321,73102,2011-04-26,Assembly,"Assembly Final Passage",33,9,0,0,42
268321,86009,0000-00-00,Senate,"Senate Final Passage",10,11,0,0,21
268321,86010,0000-00-00,Senate,"Senate Final Passage",11,10,0,0,21
268367,75327,2011-04-25,Assembly,"Assembly Final Passage",37,5,0,0,42
268367,82105,0000-00-00,Senate,"Senate Final Passage",21,0,0,0,21
268374,75321,2011-04-26,Assembly,"Assembly Final Passage",42,0,0,0,42
268374,85422,0000-00-00,Senate,"Senate Final Passage",21,0,0,0,21
268380,44655,2011-03-10,Assembly,"Assembly Final Passage",42,0,0,0,42
268380,55887,2011-03-24,Senate,"Senate Final Passage",21,0,0,0,21
268467,81190,0000-00-00,Assembly,"Assembly Final Passage",28,13,0,1,42
268467,89737,0000-00-00,Senate,"Senate Final Passage",12,9,0,0,21
270121,85959,0000-00-00,Assembly,"Assembly Final Passage",42,0,0,0,42
270121,88635,0000-00-00,Senate,"Senate Final Passage",21,0,0,0,21
270143,64905,2011-04-11,Assembly,"Assembly Final Passage",42,0,0,0,42
270143,75524,2011-05-02,Senate,"Senate Final Passage",21,0,0,0,21
270234,69459,2011-04-20,Assembly,"Assembly Final Passage",42,0,0,0,42
270234,78381,2011-05-10,Senate,"Senate Final Passage",21,0,0,0,21
270499,72828,2011-04-25,Assembly,"Assembly Final Passage",42,0,0,0,42
270499,82100,0000-00-00,Senate,"Senate Final Passage",21,0,0,0,21
270509,72814,2011-04-25,Assembly,"Assembly Final Passage",42,0,0,0,42
270509,82078,0000-00-00,Senate,"Senate Final Passage",21,0,0,0,21
270574,72736,2011-04-25,Assembly,"Assembly Final Passage",26,16,0,0,42
274248,89456,0000-00-00,Assembly,"Assembly Final Passage",42,0,0,0,42
274248,89812,0000-00-00,Senate,"Senate Final Passage",21,0,0,0,21
274305,45030,2011-03-10,Senate,"Senate Final Passage",21,0,0,0,21
274305,82930,0000-00-00,Assembly,"Assembly Final Passage",42,0,0,0,42
274435,74126,2011-04-26,Senate,"Senate Final Passage",13,8,0,0,21
274435,85753,0000-00-00,Assembly,"Assembly Final Passage",42,0,0,0,42
274517,72883,2011-04-25,Assembly,"Assembly Final Passage",42,0,0,0,42
274517,82230,0000-00-00,Senate,"Senate Final Passage",21,0,0,0,21
274605,69471,2011-04-20,Assembly,"Assembly Final Passage",42,0,0,0,42
274605,77916,2011-05-09,Senate,"Senate Final Passage",21,0,0,0,21
274832,64234,2011-04-08,Assembly,"Assembly Final Passage",41,0,0,1,42
274832,75380,2011-05-02,Senate,"Senate Final Passage",21,0,0,0,21
274905,73518,2011-04-26,Assembly,"Assembly Final Passage",42,0,0,0,42
274905,82209,0000-00-00,Senate,"Senate Final Passage",20,1,0,0,21
274918,52149,2011-03-16,Assembly,"Assembly Final Passage",41,0,0,1,42
274918,75536,2011-05-02,Senate,"Senate Final Passage",21,0,0,0,21
275018,73559,2011-04-26,Assembly,"Assembly Final Passage",42,0,0,0,42
275018,79259,0000-00-00,Senate,"Senate Final Passage",21,0,0,0,21
275260,67363,2011-04-14,Senate,"Senate Final Passage",11,10,0,0,21
275411,44736,2011-03-01,Senate,"Senate Final Passage",21,0,0,0,21
275411,91511,0000-00-00,Assembly,"Assembly Final Passage",41,0,0,1,42
275514,60115,2011-04-01,Assembly,"Assembly Final Passage",42,0,0,0,42
275514,75595,2011-05-02,Senate,"Senate Final Passage",21,0,0,0,21
275589,72419,2011-04-22,Senate,"Senate Final Passage",21,0,0,0,21
275589,85454,0000-00-00,Assembly,"Assembly Final Passage",38,4,0,0,42
275730,45391,2011-03-03,Assembly,"Assembly Final Passage",25,16,0,1,42
275730,55328,2011-03-23,Senate,"Senate Final Passage",11,10,0,0,21
275776,65029,2011-04-11,Assembly,"Assembly Final Passage",42,0,0,0,42
275776,75533,2011-05-02,Senate,"Senate Final Passage",21,0,0,0,21
275813,64063,2011-04-08,Assembly,"Assembly Final Passage",27,14,0,1,42
275813,85958,0000-00-00,Senate,"Senate Final Passage",12,9,0,0,21
275868,72301,2011-04-22,Senate,"Senate Final Passage",21,0,0,0,21
275868,86212,0000-00-00,Assembly,"Assembly Final Passage",34,8,0,0,42
275934,73427,2011-04-26,Senate,"Senate Final Passage",21,0,0,0,21
275934,86136,0000-00-00,Assembly,"Assembly Final Passage",41,0,0,1,42
275951,70041,2011-04-18,Assembly,"Assembly Final Passage",32,10,0,0,42
275951,82221,0000-00-00,Senate,"Senate Final Passage",14,7,0,0,21
276156,72418,2011-04-22,Senate,"Senate Final Passage",21,0,0,0,21
276156,89557,0000-00-00,Assembly,"Assembly Final Passage",41,0,0,1,42
276157,80033,0000-00-00,Assembly,"Assembly Final Passage",41,0,0,1,42
276157,85237,0000-00-00,Senate,"Senate Final Passage",13,8,0,0,21
276166,77474,2011-05-06,Assembly,"Assembly Final Passage",32,8,0,2,42
276166,91255,0000-00-00,Senate,"Senate Final Passage",21,0,0,0,21
276197,72833,2011-04-25,Assembly,"Assembly Final Passage",28,14,0,0,42
276197,85399,0000-00-00,Senate,"Senate Final Passage",21,0,0,0,21
277721,86413,0000-00-00,Senate,"Senate Final Passage",10,11,0,0,21
277721,89042,0000-00-00,Senate,"Senate Final Passage",11,10,0,0,21
277721,91675,0000-00-00,Assembly,"Assembly Final Passage",26,16,0,0,42
277872,67542,2011-04-14,Senate,"Senate Final Passage",21,0,0,0,21
277947,74260,2011-04-26,Senate,"Senate Final Passage",11,10,0,0,21
278045,72853,2011-04-25,Senate,"Senate Final Passage",10,11,0,0,21
278159,89678,0000-00-00,Senate,"Senate Final Passage",21,0,0,0,21
278159,89679,0000-00-00,Assembly,"Assembly Final Passage",41,0,0,1,42
278257,67083,2011-04-14,Senate,"Senate Final Passage",21,0,0,0,21
278257,82967,0000-00-00,Assembly,"Assembly Final Passage",42,0,0,0,42
284969,72811,2011-04-25,Assembly,"Assembly Final Passage",42,0,0,0,42
284969,82056,0000-00-00,Senate,"Senate Final Passage",21,0,0,0,21
285119,72406,2011-04-22,Senate,"Senate Final Passage",21,0,0,0,21
285119,85575,0000-00-00,Assembly,"Assembly Final Passage",40,2,0,0,42
285217,72642,2011-04-25,Assembly,"Assembly Final Passage",32,10,0,0,42
285217,82161,0000-00-00,Senate,"Senate Final Passage",18,3,0,0,21
285237,68609,2011-04-18,Assembly,"Assembly Final Passage",42,0,0,0,42
285237,78808,0000-00-00,Senate,"Senate Final Passage",21,0,0,0,21
285280,52174,2011-03-16,Assembly,"Assembly Final Passage",41,0,0,1,42
285280,61110,2011-04-04,Senate,"Senate Final Passage",21,0,0,0,21
285376,90258,0000-00-00,Assembly,"Assembly Final Passage",42,0,0,0,42
285376,90259,0000-00-00,Senate,"Senate Final Passage",20,1,0,0,21
286078,90366,0000-00-00,Senate,"Senate Final Passage",21,0,0,0,21
286078,90367,0000-00-00,Assembly,"Assembly Final Passage",30,12,0,0,42
286122,61122,2011-04-04,Senate,"Senate Final Passage",21,0,0,0,21
286122,86067,0000-00-00,Assembly,"Assembly Final Passage",42,0,0,0,42
286257,72317,2011-04-22,Senate,"Senate Final Passage",21,0,0,0,21
286257,85935,0000-00-00,Assembly,"Assembly Final Passage",41,0,0,1,42
286353,85155,0000-00-00,Assembly,"Assembly Final Passage",42,0,0,0,42
286353,86020,0000-00-00,Senate,"Senate Final Passage",21,0,0,0,21
286358,74027,2011-04-26,Assembly,"Assembly Final Passage",42,0,0,0,42
286358,86080,0000-00-00,Senate,"Senate Final Passage",12,9,0,0,21
286361,73352,2011-04-26,Senate,"Senate Final Passage",15,6,0,0,21
286361,85618,0000-00-00,Assembly,"Assembly Final Passage",30,12,0,0,42
286482,59996,2011-04-01,Assembly,"Assembly Final Passage",42,0,0,0,42
286482,78073,2011-05-09,Senate,"Senate Final Passage",21,0,0,0,21
286565,73078,2011-04-26,Senate,"Senate Final Passage",13,8,0,0,21
286777,55832,2011-03-24,Assembly,"Assembly Final Passage",41,0,0,1,42
286777,82079,0000-00-00,Senate,"Senate Final Passage",21,0,0,0,21
286810,73092,2011-04-25,Assembly,"Assembly Final Passage",40,2,0,0,42
286810,85605,0000-00-00,Senate,"Senate Final Passage",21,0,0,0,21
287710,65002,2011-04-11,Assembly,"Assembly Final Passage",42,0,0,0,42
287710,77801,2011-05-07,Senate,"Senate Final Passage",21,0,0,0,21
288000,73151,2011-04-26,Assembly,"Assembly Final Passage",42,0,0,0,42
288000,86110,0000-00-00,Senate,"Senate Final Passage",21,0,0,0,21
288135,45407,2011-03-07,Senate,"Senate Final Passage",11,10,0,0,21
288305,59410,2011-03-31,Senate,"Senate Final Passage",21,0,0,0,21
288305,86036,0000-00-00,Assembly,"Assembly Final Passage",42,0,0,0,42
289261,90238,0000-00-00,Senate,"Senate Final Passage",21,0,0,0,21
289261,90239,0000-00-00,Assembly,"Assembly Final Passage",41,1,0,0,42
289635,72397,2011-04-22,Senate,"Senate Final Passage",21,0,0,0,21
289635,82652,0000-00-00,Assembly,"Assembly Final Passage",42,0,0,0,42
289652,54566,2011-03-21,Senate,"Senate Final Passage",21,0,0,0,21
289652,80042,0000-00-00,Assembly,"Assembly Final Passage",40,0,0,2,42
289700,72407,2011-04-22,Senate,"Senate Final Passage",21,0,0,0,21
289700,86054,0000-00-00,Assembly,"Assembly Final Passage",42,0,0,0,42
289866,72414,2011-04-22,Senate,"Senate Final Passage",21,0,0,0,21
290153,68541,2011-04-18,Assembly,"Assembly Final Passage",29,13,0,0,42
290153,78745,0000-00-00,Senate,"Senate Final Passage",11,10,0,0,21
290337,73275,2011-04-26,Assembly,"Assembly Final Passage",42,0,0,0,42
290337,86014,0000-00-00,Senate,"Senate Final Passage",21,0,0,0,21
290461,72644,2011-04-25,Assembly,"Assembly Final Passage",42,0,0,0,42
290461,82155,0000-00-00,Senate,"Senate Final Passage",21,0,0,0,21
290773,72913,2011-04-22,Senate,"Senate Final Passage",21,0,0,0,21
290773,85819,0000-00-00,Assembly,"Assembly Final Passage",42,0,0,0,42
291007,75364,2011-04-26,Senate,"Senate Final Passage",12,9,0,0,21
291007,86094,0000-00-00,Assembly,"Assembly Final Passage",37,5,0,0,42
291031,72684,2011-04-25,Senate,"Senate Final Passage",12,9,0,0,21
291031,85485,0000-00-00,Assembly,"Assembly Final Passage",27,15,0,0,42
291508,90353,0000-00-00,Assembly,"Assembly Final Passage",40,2,0,0,42
291508,90354,0000-00-00,Senate,"Senate Final Passage",14,7,0,0,21
291513,85966,0000-00-00,Senate,"Senate Final Passage",11,10,0,0,21
291513,89079,0000-00-00,Assembly,"Assembly Final Passage",25,13,0,4,42
291635,64992,2011-04-11,Assembly,"Assembly Final Passage",42,0,0,0,42
291635,78002,2011-05-09,Senate,"Senate Final Passage",21,0,0,0,21
291722,86917,0000-00-00,Assembly,"Assembly Final Passage",42,0,0,0,42
291722,89544,0000-00-00,Senate,"Senate Final Passage",14,7,0,0,21
291784,85977,0000-00-00,Senate,"Senate Final Passage",11,10,0,0,21
291784,89114,0000-00-00,Assembly,"Assembly Final Passage",26,15,0,1,42
291918,73485,2011-04-26,Senate,"Senate Final Passage",12,9,0,0,21
291918,85672,0000-00-00,Assembly,"Assembly Final Passage",39,3,0,0,42
292055,49289,2011-03-14,Assembly,"Assembly Final Passage",42,0,0,0,42
292055,69244,2011-03-14,Assembly,"Assembly Final Passage",42,0,0,0,42
292055,75370,2011-05-02,Senate,"Senate Final Passage",21,0,0,0,21
292105,48861,2011-03-14,Senate,"Senate Final Passage",21,0,0,0,21
292105,85535,0000-00-00,Assembly,"Assembly Final Passage",42,0,0,0,42
292164,69375,2011-04-20,Assembly,"Assembly Final Passage",42,0,0,0,42
292164,95499,0000-00-00,Senate,"Senate Final Passage",21,0,0,0,21
292167,72302,2011-04-22,Senate,"Senate Final Passage",21,0,0,0,21
292167,82822,0000-00-00,Assembly,"Assembly Final Passage",42,0,0,0,42
292229,90445,0000-00-00,Senate,"Senate Final Passage",21,0,0,0,21
292229,90446,0000-00-00,Assembly,"Assembly Final Passage",42,0,0,0,42
292277,82609,0000-00-00,Senate,"Senate Final Passage",21,0,0,0,21
292338,89549,0000-00-00,Senate,"Senate Final Passage",21,0,0,0,21
292338,89550,0000-00-00,Assembly,"Assembly Final Passage",41,0,0,1,42
292447,61153,2011-04-04,Assembly,"Assembly Final Passage",40,1,0,1,42
292447,77776,2011-05-07,Senate,"Senate Final Passage",21,0,0,0,21
292796,67494,2011-04-14,Senate,"Senate Final Passage",21,0,0,0,21
292796,85834,0000-00-00,Assembly,"Assembly Final Passage",42,0,0,0,42
292857,72685,2011-04-25,Senate,"Senate Final Passage",21,0,0,0,21
292857,85686,0000-00-00,Assembly,"Assembly Final Passage",42,0,0,0,42
292925,73392,2011-04-26,Senate,"Senate Final Passage",19,2,0,0,21
292948,69533,2011-04-20,Assembly,"Assembly Final Passage",40,2,0,0,42
292948,82703,0000-00-00,Senate,"Senate Final Passage",21,0,0,0,21
292967,65060,2011-04-11,Assembly,"Assembly Final Passage",33,9,0,0,42
292967,86628,0000-00-00,Senate,"Senate Final Passage",20,1,0,0,21
292994,72641,2011-04-25,Assembly,"Assembly Final Passage",42,0,0,0,42
292994,90543,0000-00-00,Senate,"Senate Final Passage",21,0,0,0,21
293090,73883,2011-04-26,Assembly,"Assembly Final Passage",26,16,0,0,42
293090,86167,0000-00-00,Senate,"Senate Final Passage",12,9,0,0,21
293166,73885,2011-04-25,Assembly,"Assembly Final Passage",42,0,0,0,42
293166,78363,2011-05-10,Senate,"Senate Final Passage",21,0,0,0,21
293185,84021,0000-00-00,Assembly,"Assembly Final Passage",29,13,0,0,42
293185,89294,0000-00-00,Senate,"Senate Final Passage",11,10,0,0,21
293281,66442,2011-04-11,Assembly,"Assembly Final Passage",34,8,0,0,42
293281,86691,0000-00-00,Senate,"Senate Final Passage",18,3,0,0,21
293906,68566,2011-04-18,Assembly,"Assembly Final Passage",42,0,0,0,42
293906,86117,0000-00-00,Senate,"Senate Final Passage",21,0,0,0,21
293975,55874,2011-03-24,Senate,"Senate Final Passage",21,0,0,0,21
294037,60314,2011-03-30,Senate,"Senate Final Passage",21,0,0,0,21
294037,68549,2011-04-18,Assembly,"Assembly Final Passage",42,0,0,0,42
294165,72316,2011-04-22,Senate,"Senate Final Passage",21,0,0,0,21
294165,79472,0000-00-00,Assembly,"Assembly Final Passage",40,0,0,2,42
294243,55930,2011-03-24,Assembly,"Assembly Final Passage",41,0,0,1,42
294243,85190,0000-00-00,Senate,"Senate Final Passage",21,0,0,0,21
294249,71781,2011-04-18,Assembly,"Assembly Final Passage",38,4,0,0,42
294249,82091,0000-00-00,Senate,"Senate Final Passage",21,0,0,0,21
295405,72848,2011-04-25,Assembly,"Assembly Final Passage",42,0,0,0,42
295405,82772,0000-00-00,Senate,"Senate Final Passage",21,0,0,0,21
295411,73331,2011-04-26,Assembly,"Assembly Final Passage",40,2,0,0,42
295411,86053,0000-00-00,Senate,"Senate Final Passage",12,9,0,0,21
295476,73348,2011-04-26,Senate,"Senate Final Passage",21,0,0,0,21
295476,85614,0000-00-00,Assembly,"Assembly Final Passage",28,14,0,0,42
295725,63632,2011-04-07,Senate,"Senate Final Passage",21,0,0,0,21
295725,87542,0000-00-00,Assembly,"Assembly Final Passage",42,0,0,0,42
295736,73162,2011-04-26,Senate,"Senate Final Passage",14,7,0,0,21
295736,85813,0000-00-00,Assembly,"Assembly Final Passage",34,8,0,0,42
295823,72782,2011-04-25,Assembly,"Assembly Final Passage",42,0,0,0,42
295823,85304,0000-00-00,Senate,"Senate Final Passage",15,6,0,0,21
295836,53001,2011-03-17,Senate,"Senate Final Passage",21,0,0,0,21
295836,82603,0000-00-00,Assembly,"Assembly Final Passage",42,0,0,0,42
295956,73130,2011-04-26,Senate,"Senate Final Passage",21,0,0,0,21
295956,85626,0000-00-00,Assembly,"Assembly Final Passage",42,0,0,0,42
296061,73213,2011-04-26,Assembly,"Assembly Final Passage",42,0,0,0,42
296061,86341,0000-00-00,Senate,"Senate Final Passage",21,0,0,0,21
297322,73771,2011-04-26,Assembly,"Assembly Final Passage",42,0,0,0,42
297322,82634,0000-00-00,Senate,"Senate Final Passage",21,0,0,0,21
297359,72372,2011-04-22,Senate,"Senate Final Passage",12,9,0,0,21
297462,73799,2011-04-25,Assembly,"Assembly Final Passage",42,0,0,0,42
297462,82670,0000-00-00,Senate,"Senate Final Passage",21,0,0,0,21
297483,73389,2011-04-25,Assembly,"Assembly Final Passage",42,0,0,0,42
297483,78715,0000-00-00,Senate,"Senate Final Passage",21,0,0,0,21
297497,85606,0000-00-00,Senate,"Senate Final Passage",15,6,0,0,21
297552,90421,0000-00-00,Senate,"Senate Final Passage",21,0,0,0,21
297610,59458,2011-03-31,Senate,"Senate Final Passage",21,0,0,0,21
297610,81776,0000-00-00,Assembly,"Assembly Final Passage",32,9,0,1,42
297657,86070,0000-00-00,Assembly,"Assembly Final Passage",42,0,0,0,42
297657,89682,0000-00-00,Senate,"Senate Final Passage",21,0,0,0,21
297765,85280,0000-00-00,Assembly,"Assembly Final Passage",42,0,0,0,42
297765,88488,0000-00-00,Senate,"Senate Final Passage",14,7,0,0,21
298055,57657,2011-03-29,Assembly,"Assembly Final Passage",40,1,0,1,42
298055,75634,2011-05-02,Senate,"Senate Final Passage",21,0,0,0,21
298057,74548,2011-04-26,Assembly,"Assembly Final Passage",42,0,0,0,42
298057,86320,0000-00-00,Senate,"Senate Final Passage",21,0,0,0,21
298066,73416,2011-04-26,Senate,"Senate Final Passage",21,0,0,0,21
298066,86134,0000-00-00,Assembly,"Assembly Final Passage",42,0,0,0,42
298070,84328,0000-00-00,Assembly,"Assembly Final Passage",27,15,0,0,42
298070,89659,0000-00-00,Senate,"Senate Final Passage",11,10,0,0,21
298117,74101,2011-04-26,Senate,"Senate Final Passage",21,0,0,0,21
298117,85581,0000-00-00,Assembly,"Assembly Final Passage",41,1,0,0,42
298147,84861,0000-00-00,Assembly,"Assembly Final Passage",38,4,0,0,42
298147,89151,0000-00-00,Senate,"Senate Final Passage",11,10,0,0,21
298182,72709,2011-04-25,Assembly,"Assembly Final Passage",27,15,0,0,42
298182,82683,0000-00-00,Senate,"Senate Final Passage",11,10,0,0,21
298230,74354,2011-04-26,Senate,"Senate Final Passage",21,0,0,0,21
298230,81238,0000-00-00,Assembly,"Assembly Final Passage",42,0,0,0,42
298232,72794,2011-04-25,Assembly,"Assembly Final Passage",31,11,0,0,42
298232,82896,0000-00-00,Senate,"Senate Final Passage",11,10,0,0,21
298386,72820,2011-04-25,Assembly,"Assembly Final Passage",42,0,0,0,42
298386,82608,0000-00-00,Senate,"Senate Final Passage",21,0,0,0,21
298419,81523,0000-00-00,Assembly,"Assembly Final Passage",42,0,0,0,42
298419,86065,0000-00-00,Senate,"Senate Final Passage",19,2,0,0,21
298691,75329,2011-04-26,Assembly,"Assembly Final Passage",35,7,0,0,42
298691,86066,0000-00-00,Senate,"Senate Final Passage",11,10,0,0,21
298816,64954,2011-04-11,Assembly,"Assembly Final Passage",42,0,0,0,42
298816,75484,2011-05-02,Senate,"Senate Final Passage",21,0,0,0,21
298827,72719,2011-04-20,Assembly,"Assembly Final Passage",25,17,0,0,42
298830,72824,2011-04-25,Assembly,"Assembly Final Passage",42,0,0,0,42
298830,86100,0000-00-00,Senate,"Senate Final Passage",12,9,0,0,21
298846,68476,2011-04-18,Assembly,"Assembly Final Passage",42,0,0,0,42
298846,75642,2011-05-02,Senate,"Senate Final Passage",21,0,0,0,21
300194,90545,0000-00-00,Assembly,"Assembly Final Passage",41,0,0,1,42
300194,90546,0000-00-00,Senate,"Senate Final Passage",20,1,0,0,21
300202,73374,2011-04-26,Assembly,"Assembly Final Passage",42,0,0,0,42
300202,86090,0000-00-00,Senate,"Senate Final Passage",11,10,0,0,21
300324,72464,2011-04-22,Senate,"Senate Final Passage",21,0,0,0,21
300324,86040,0000-00-00,Assembly,"Assembly Final Passage",29,12,0,1,42
300329,69735,2011-04-18,Assembly,"Assembly Final Passage",42,0,0,0,42
300329,77785,2011-05-07,Senate,"Senate Final Passage",21,0,0,0,21
300452,74009,2011-04-26,Senate,"Senate Final Passage",21,0,0,0,21
300452,86256,0000-00-00,Assembly,"Assembly Final Passage",38,4,0,0,42
300494,72775,2011-04-25,Assembly,"Assembly Final Passage",26,16,0,0,42
300494,86266,0000-00-00,Senate,"Senate Final Passage",12,9,0,0,21
300533,69740,2011-04-14,Senate,"Senate Final Passage",21,0,0,0,21
300533,87747,0000-00-00,Assembly,"Assembly Final Passage",26,15,0,1,42
300558,72780,2011-04-25,Senate,"Senate Final Passage",21,0,0,0,21
300571,90198,0000-00-00,Assembly,"Assembly Final Passage",41,0,0,1,42
300571,90199,0000-00-00,Senate,"Senate Final Passage",21,0,0,0,21
300592,89447,0000-00-00,Assembly,"Assembly Final Passage",41,0,0,1,42
300592,89791,0000-00-00,Senate,"Senate Final Passage",21,0,0,0,21
300610,74014,2011-04-25,Assembly,"Assembly Final Passage",42,0,0,0,42
300610,85293,0000-00-00,Senate,"Senate Final Passage",21,0,0,0,21
300773,90187,0000-00-00,Senate,"Senate Final Passage",21,0,0,0,21
300773,90188,0000-00-00,Assembly,"Assembly Final Passage",30,11,0,1,42
300829,73383,2011-04-26,Assembly,"Assembly Final Passage",27,15,0,0,42
300829,86099,0000-00-00,Senate,"Senate Final Passage",21,0,0,0,21
300846,78775,0000-00-00,Assembly,"Assembly Final Passage",42,0,0,0,42
300846,89751,0000-00-00,Senate,"Senate Final Passage",21,0,0,0,21
300875,72471,2011-04-22,Senate,"Senate Final Passage",21,0,0,0,21
300875,85891,0000-00-00,Assembly,"Assembly Final Passage",42,0,0,0,42
300889,72269,2011-04-22,Senate,"Senate Final Passage",21,0,0,0,21
300889,78709,0000-00-00,Assembly,"Assembly Final Passage",42,0,0,0,42
300960,85947,0000-00-00,Assembly,"Assembly Final Passage",42,0,0,0,42
300960,86112,0000-00-00,Senate,"Senate Final Passage",21,0,0,0,21
300993,72790,2011-04-25,Assembly,"Assembly Final Passage",27,15,0,0,42
300993,85971,0000-00-00,Senate,"Senate Final Passage",11,10,0,0,21
301044,73394,2011-04-26,Assembly,"Assembly Final Passage",42,0,0,0,42
301044,82606,0000-00-00,Senate,"Senate Final Passage",21,0,0,0,21
301053,69803,2011-04-08,Assembly,"Assembly Final Passage",41,0,0,1,42
301053,82549,0000-00-00,Senate,"Senate Final Passage",21,0,0,0,21
301059,77421,2011-05-06,Assembly,"Assembly Final Passage",40,0,0,2,42
301114,69806,2011-04-20,Assembly,"Assembly Final Passage",41,1,0,0,42
301114,82681,0000-00-00,Senate,"Senate Final Passage",20,1,0,0,21
301175,90217,0000-00-00,Assembly,"Assembly Final Passage",42,0,0,0,42
301464,72290,2011-04-22,Senate,"Senate Final Passage",21,0,0,0,21
301476,69849,2011-04-14,Senate,"Senate Final Passage",21,0,0,0,21
301476,81825,0000-00-00,Assembly,"Assembly Final Passage",42,0,0,0,42
301548,73404,2011-04-26,Senate,"Senate Final Passage",17,4,0,0,21
301548,86022,0000-00-00,Assembly,"Assembly Final Passage",39,2,0,1,42
301756,72296,2011-04-22,Senate,"Senate Final Passage",21,0,0,0,21
301756,85905,0000-00-00,Assembly,"Assembly Final Passage",40,2,0,0,42
301863,69887,2011-04-14,Senate,"Senate Final Passage",21,0,0,0,21
301863,79675,0000-00-00,Assembly,"Assembly Final Passage",35,5,0,2,42
301934,74044,2011-04-25,Assembly,"Assembly Final Passage",42,0,0,0,42
301934,82863,0000-00-00,Senate,"Senate Final Passage",21,0,0,0,21
302043,90292,0000-00-00,Assembly,"Assembly Final Passage",36,6,0,0,42
302043,90293,0000-00-00,Senate,"Senate Final Passage",15,6,0,0,21
302173,89375,0000-00-00,Assembly,"Assembly Final Passage",26,16,0,0,42
302173,91704,0000-00-00,Senate,"Senate Final Passage",9,12,0,0,21
302302,86038,0000-00-00,Assembly,"Assembly Final Passage",40,1,0,1,42
302302,89617,0000-00-00,Senate,"Senate Final Passage",21,0,0,0,21
302422,69957,2011-04-20,Assembly,"Assembly Final Passage",41,1,0,0,42
302422,77990,2011-05-09,Senate,"Senate Final Passage",21,0,0,0,21
302422,100892,0000-00-00,Assembly,"Assembly Final Passage",41,1,0,0,42
302422,100893,0000-00-00,Senate,"Senate Final Passage",21,0,0,0,21
302449,90302,0000-00-00,Assembly,"Assembly Final Passage",42,0,0,0,42
302449,90303,0000-00-00,Senate,"Senate Final Passage",21,0,0,0,21
302456,69958,2011-04-06,Senate,"Senate Final Passage",21,0,0,0,21
302456,85659,0000-00-00,Assembly,"Assembly Final Passage",36,6,0,0,42
302468,91072,0000-00-00,Senate,"Senate Final Passage",21,0,0,0,21
302468,91073,0000-00-00,Assembly,"Assembly Final Passage",39,3,0,0,42
302472,90967,0000-00-00,Senate,"Senate Final Passage",21,0,0,0,21
302472,90968,0000-00-00,Assembly,"Assembly Final Passage",42,0,0,0,42
302537,73817,2011-04-26,Assembly,"Assembly Final Passage",27,15,0,0,42
302537,85953,0000-00-00,Senate,"Senate Final Passage",13,8,0,0,21
302608,72829,2011-04-25,Senate,"Senate Final Passage",21,0,0,0,21
302608,82906,0000-00-00,Assembly,"Assembly Final Passage",37,5,0,0,42
302618,90763,0000-00-00,Senate,"Senate Final Passage",21,0,0,0,21
302618,90764,0000-00-00,Assembly,"Assembly Final Passage",40,2,0,0,42
302877,72311,2011-04-22,Senate,"Senate Final Passage",21,0,0,0,21
302883,86064,0000-00-00,Assembly,"Assembly Final Passage",42,0,0,0,42
302883,87363,0000-00-00,Senate,"Senate Final Passage",20,1,0,0,21
303001,86051,0000-00-00,Assembly,"Assembly Final Passage",42,0,0,0,42
303001,89310,0000-00-00,Senate,"Senate Final Passage",18,3,0,0,21
303118,102639,0000-00-00,Senate,"Senate Final Passage",21,0,0,0,21
303118,102640,0000-00-00,Assembly,"Assembly Final Passage",42,0,0,0,42
303180,90235,0000-00-00,Assembly,"Assembly Final Passage",41,0,0,1,42
303236,72851,2011-04-25,Senate,"Senate Final Passage",21,0,0,0,21
303236,85566,0000-00-00,Assembly,"Assembly Final Passage",42,0,0,0,42
303287,73467,2011-04-26,Assembly,"Assembly Final Passage",42,0,0,0,42
303287,86171,0000-00-00,Senate,"Senate Final Passage",21,0,0,0,21
303324,90323,0000-00-00,Assembly,"Assembly Final Passage",38,0,0,4,42
303324,90324,0000-00-00,Senate,"Senate Final Passage",21,0,0,0,21
303367,73466,2011-04-26,Assembly,"Assembly Final Passage",42,0,0,0,42
303384,90342,0000-00-00,Assembly,"Assembly Final Passage",42,0,0,0,42
303384,90343,0000-00-00,Senate,"Senate Final Passage",19,0,0,2,21
303437,84645,0000-00-00,Assembly,"Assembly Final Passage",42,0,0,0,42
303437,89648,0000-00-00,Senate,"Senate Final Passage",21,0,0,0,21
303553,72318,2011-04-22,Senate,"Senate Final Passage",14,7,0,0,21
303553,89520,0000-00-00,Assembly,"Assembly Final Passage",28,14,0,0,42
303565,73474,2011-04-26,Senate,"Senate Final Passage",21,0,0,0,21
303565,85452,0000-00-00,Assembly,"Assembly Final Passage",28,14,0,0,42
303617,89527,0000-00-00,Senate,"Senate Final Passage",21,0,0,0,21
303669,90210,0000-00-00,Assembly,"Assembly Final Passage",25,13,0,4,42
303669,90211,0000-00-00,Senate,"Senate Final Passage",12,9,0,0,21
303777,72857,2011-04-25,Senate,"Senate Final Passage",21,0,0,0,21
303777,86084,0000-00-00,Assembly,"Assembly Final Passage",42,0,0,0,42
303807,81141,0000-00-00,Senate,"Senate Final Passage",21,0,0,0,21
303807,84185,0000-00-00,Assembly,"Assembly Final Passage",42,0,0,0,42
303808,77942,2011-05-09,Assembly,"Assembly Final Passage",41,1,0,0,42
303808,89473,0000-00-00,Senate,"Senate Final Passage",21,0,0,0,21
303871,70142,2011-04-18,Assembly,"Assembly Final Passage",42,0,0,0,42
303871,78570,0000-00-00,Senate,"Senate Final Passage",21,0,0,0,21
304010,72876,2011-04-25,Senate,"Senate Final Passage",21,0,0,0,21
304010,85600,0000-00-00,Assembly,"Assembly Final Passage",30,12,0,0,42
304016,72323,2011-04-22,Senate,"Senate Final Passage",21,0,0,0,21
304158,73239,2011-04-26,Assembly,"Assembly Final Passage",42,0,0,0,42
304158,85987,0000-00-00,Senate,"Senate Final Passage",20,1,0,0,21
304162,78818,0000-00-00,Senate,"Senate Final Passage",21,0,0,0,21
304162,85538,0000-00-00,Assembly,"Assembly Final Passage",42,0,0,0,42
304234,73504,2011-04-26,Assembly,"Assembly Final Passage",37,5,0,0,42
304234,86205,0000-00-00,Senate,"Senate Final Passage",21,0,0,0,21
304253,81185,0000-00-00,Senate,"Senate Final Passage",21,0,0,0,21
304253,84304,0000-00-00,Assembly,"Assembly Final Passage",42,0,0,0,42
304389,90362,0000-00-00,Senate,"Senate Final Passage",20,1,0,0,21
304389,90363,0000-00-00,Assembly,"Assembly Final Passage",42,0,0,0,42
304430,80009,0000-00-00,Assembly,"Assembly Final Passage",41,0,0,1,42
304430,84344,0000-00-00,Senate,"Senate Final Passage",21,0,0,0,21
304583,80013,0000-00-00,Senate,"Senate Final Passage",21,0,0,0,21
304583,86899,0000-00-00,Assembly,"Assembly Final Passage",42,0,0,0,42
304590,80844,0000-00-00,Senate,"Senate Final Passage",21,0,0,0,21
304590,84322,0000-00-00,Assembly,"Assembly Final Passage",42,0,0,0,42
304614,70242,2011-04-18,Assembly,"Assembly Final Passage",42,0,0,0,42
304614,75580,2011-05-02,Senate,"Senate Final Passage",21,0,0,0,21
304666,78831,0000-00-00,Assembly,"Assembly Final Passage",42,0,0,0,42
304666,89778,0000-00-00,Senate,"Senate Final Passage",21,0,0,0,21
304914,70289,2011-04-18,Assembly,"Assembly Final Passage",42,0,0,0,42
304914,82736,0000-00-00,Senate,"Senate Final Passage",21,0,0,0,21
304915,90390,0000-00-00,Senate,"Senate Final Passage",21,0,0,0,21
304915,90391,0000-00-00,Assembly,"Assembly Final Passage",42,0,0,0,42
304956,72894,2011-04-25,Senate,"Senate Final Passage",13,8,0,0,21
305151,73521,2011-04-26,Senate,"Senate Final Passage",11,10,0,0,21
305182,74132,2011-04-26,Senate,"Senate Final Passage",21,0,0,0,21
305182,82599,0000-00-00,Assembly,"Assembly Final Passage",41,1,0,0,42
305183,72897,2011-04-25,Assembly,"Assembly Final Passage",31,11,0,0,42
305183,85528,0000-00-00,Senate,"Senate Final Passage",20,0,1,0,21
305214,86249,0000-00-00,Assembly,"Assembly Final Passage",31,11,0,0,42
305214,89601,0000-00-00,Senate,"Senate Final Passage",13,8,0,0,21
305267,78155,2011-05-10,Senate,"Senate Final Passage",21,0,0,0,21
305267,85558,0000-00-00,Assembly,"Assembly Final Passage",42,0,0,0,42
305302,73264,2011-04-26,Assembly,"Assembly Final Passage",42,0,0,0,42
305302,90484,0000-00-00,Senate,"Senate Final Passage",21,0,0,0,21
305317,72905,2011-04-25,Assembly,"Assembly Final Passage",42,0,0,0,42
305317,82933,0000-00-00,Senate,"Senate Final Passage",21,0,0,0,21
305358,70338,2011-04-18,Assembly,"Assembly Final Passage",42,0,0,0,42
305358,82757,0000-00-00,Senate,"Senate Final Passage",21,0,0,0,21
305396,74148,2011-04-26,Assembly,"Assembly Final Passage",37,5,0,0,42
305396,84695,0000-00-00,Senate,"Senate Final Passage",13,8,0,0,21
305396,85649,0000-00-00,Senate,"Senate Final Passage",14,7,0,0,21
305406,73531,2011-04-26,Assembly,"Assembly Final Passage",39,3,0,0,42
305406,91448,0000-00-00,Senate,"Senate Final Passage",17,4,0,0,21
305428,90400,0000-00-00,Senate,"Senate Final Passage",20,1,0,0,21
305428,90401,0000-00-00,Assembly,"Assembly Final Passage",42,0,0,0,42
305498,70348,2011-04-18,Assembly,"Assembly Final Passage",42,0,0,0,42
305498,84692,0000-00-00,Senate,"Senate Final Passage",16,5,0,0,21
305524,73529,2011-04-26,Senate,"Senate Final Passage",21,0,0,0,21
305524,86238,0000-00-00,Assembly,"Assembly Final Passage",41,0,0,1,42
305630,90386,0000-00-00,Senate,"Senate Final Passage",21,0,0,0,21
305630,90387,0000-00-00,Assembly,"Assembly Final Passage",41,1,0,0,42
305637,90396,0000-00-00,Assembly,"Assembly Final Passage",42,0,0,0,42
305637,90397,0000-00-00,Senate,"Senate Final Passage",21,0,0,0,21
305722,72344,2011-04-22,Senate,"Senate Final Passage",21,0,0,0,21
305722,82605,0000-00-00,Assembly,"Assembly Final Passage",38,3,1,0,42
305790,86097,0000-00-00,Senate,"Senate Final Passage",21,0,0,0,21
305790,86722,0000-00-00,Assembly,"Assembly Final Passage",42,0,0,0,42
305807,89560,0000-00-00,Senate,"Senate Final Passage",21,0,0,0,21
305807,89561,0000-00-00,Assembly,"Assembly Final Passage",33,9,0,0,42
305828,73554,2011-04-25,Assembly,"Assembly Final Passage",42,0,0,0,42
305828,82811,0000-00-00,Senate,"Senate Final Passage",21,0,0,0,21
305990,79471,0000-00-00,Assembly,"Assembly Final Passage",40,0,0,2,42
305990,85628,0000-00-00,Senate,"Senate Final Passage",21,0,0,0,21
306011,73568,2011-04-26,Senate,"Senate Final Passage",21,0,0,0,21
306011,85524,0000-00-00,Assembly,"Assembly Final Passage",42,0,0,0,42
306026,72915,2011-04-25,Assembly,"Assembly Final Passage",42,0,0,0,42
306028,73285,2011-04-26,Assembly,"Assembly Final Passage",42,0,0,0,42
306028,78164,2011-05-10,Senate,"Senate Final Passage",21,0,0,0,21
306089,70430,2011-04-20,Assembly,"Assembly Final Passage",42,0,0,0,42
306089,84396,0000-00-00,Senate,"Senate Final Passage",21,0,0,0,21
306202,91034,0000-00-00,Assembly,"Assembly Final Passage",32,10,0,0,42
306202,91035,0000-00-00,Senate,"Senate Final Passage",20,0,0,1,21
306216,72622,2011-04-25,Senate,"Senate Final Passage",13,8,0,0,21
306216,82706,0000-00-00,Assembly,"Assembly Final Passage",29,13,0,0,42
306255,75270,2011-04-26,Senate,"Senate Final Passage",1,20,0,0,21
306293,80050,0000-00-00,Senate,"Senate Final Passage",21,0,0,0,21
306293,85551,0000-00-00,Assembly,"Assembly Final Passage",42,0,0,0,42
306355,74169,2011-04-25,Assembly,"Assembly Final Passage",42,0,0,0,42
306355,86146,0000-00-00,Senate,"Senate Final Passage",21,0,0,0,21
306416,86103,0000-00-00,Senate,"Senate Final Passage",21,0,0,0,21
306416,89781,0000-00-00,Assembly,"Assembly Final Passage",41,0,0,1,42
306434,72357,2011-04-22,Senate,"Senate Final Passage",21,0,0,0,21
306434,86115,0000-00-00,Assembly,"Assembly Final Passage",42,0,0,0,42
306574,70479,2011-04-08,Assembly,"Assembly Final Passage",35,6,0,1,42
306574,85978,0000-00-00,Senate,"Senate Final Passage",20,1,0,0,21
306621,89822,0000-00-00,Senate,"Senate Final Passage",16,5,0,0,21
306621,91666,0000-00-00,Assembly,"Assembly Final Passage",39,3,0,0,42
306693,90408,0000-00-00,Senate,"Senate Final Passage",21,0,0,0,21
306693,90409,0000-00-00,Assembly,"Assembly Final Passage",42,0,0,0,42
306695,86008,0000-00-00,Assembly,"Assembly Final Passage",41,1,0,0,42
306695,89566,0000-00-00,Senate,"Senate Final Passage",21,0,0,0,21
306720,73585,2011-04-26,Assembly,"Assembly Final Passage",34,8,0,0,42
306720,82869,0000-00-00,Senate,"Senate Final Passage",21,0,0,0,21
306748,73593,2011-04-26,Senate,"Senate Final Passage",21,0,0,0,21
306748,86291,0000-00-00,Assembly,"Assembly Final Passage",41,0,0,1,42
306829,70507,2011-04-07,Senate,"Senate Final Passage",21,0,0,0,21
306839,90676,0000-00-00,Senate,"Senate Final Passage",13,8,0,0,21
306856,90247,0000-00-00,Assembly,"Assembly Final Passage",33,9,0,0,42
306856,90248,0000-00-00,Senate,"Senate Final Passage",21,0,0,0,21
306936,73606,2011-04-26,Assembly,"Assembly Final Passage",42,0,0,0,42
306936,86292,0000-00-00,Senate,"Senate Final Passage",21,0,0,0,21
306939,70518,2011-03-31,Senate,"Senate Final Passage",21,0,0,0,21
306939,88815,0000-00-00,Assembly,"Assembly Final Passage",41,0,0,1,42
306944,78916,0000-00-00,Assembly,"Assembly Final Passage",42,0,0,0,42
306944,89790,0000-00-00,Senate,"Senate Final Passage",21,0,0,0,21
307127,72936,2011-04-25,Assembly,"Assembly Final Passage",42,0,0,0,42
307127,82554,0000-00-00,Senate,"Senate Final Passage",21,0,0,0,21
307173,72961,2011-04-25,Assembly,"Assembly Final Passage",42,0,0,0,42
307173,78728,0000-00-00,Senate,"Senate Final Passage",21,0,0,0,21
307246,78265,2011-05-10,Assembly,"Assembly Final Passage",42,0,0,0,42
307397,82147,0000-00-00,Assembly,"Assembly Final Passage",42,0,0,0,42
307397,85663,0000-00-00,Senate,"Senate Final Passage",21,0,0,0,21
307461,70559,2011-04-18,Assembly,"Assembly Final Passage",42,0,0,0,42
307461,77760,2011-05-07,Senate,"Senate Final Passage",21,0,0,0,21
307471,72633,2011-04-25,Assembly,"Assembly Final Passage",42,0,0,0,42
307471,86528,0000-00-00,Senate,"Senate Final Passage",21,0,0,0,21
307478,90371,0000-00-00,Assembly,"Assembly Final Passage",42,0,0,0,42
307478,90372,0000-00-00,Senate,"Senate Final Passage",21,0,0,0,21
307500,84705,0000-00-00,Senate,"Senate Final Passage",21,0,0,0,21
307500,86959,0000-00-00,Assembly,"Assembly Final Passage",42,0,0,0,42
307552,72376,2011-04-22,Senate,"Senate Final Passage",21,0,0,0,21
307552,82651,0000-00-00,Assembly,"Assembly Final Passage",42,0,0,0,42
307560,73326,2011-04-26,Senate,"Senate Final Passage",16,5,0,0,21
307560,78266,2011-04-26,Senate,"Senate Final Passage",16,5,0,0,21
307560,86047,0000-00-00,Assembly,"Assembly Final Passage",42,0,0,0,42
307600,70566,2011-04-14,Senate,"Senate Final Passage",21,0,0,0,21
307600,85667,0000-00-00,Assembly,"Assembly Final Passage",42,0,0,0,42
307604,72385,2011-04-22,Senate,"Senate Final Passage",12,9,0,0,21
307804,72962,2011-04-25,Assembly,"Assembly Final Passage",42,0,0,0,42
307885,72386,2011-04-22,Senate,"Senate Final Passage",20,1,0,0,21
307885,85625,0000-00-00,Assembly,"Assembly Final Passage",42,0,0,0,42
308139,73367,2011-04-26,Senate,"Senate Final Passage",20,1,0,0,21
308139,82644,0000-00-00,Assembly,"Assembly Final Passage",30,12,0,0,42
308234,80039,0000-00-00,Senate,"Senate Final Passage",21,0,0,0,21
308234,82952,0000-00-00,Assembly,"Assembly Final Passage",42,0,0,0,42
308338,88923,0000-00-00,Assembly,"Assembly Final Passage",41,0,0,1,42
308338,89652,0000-00-00,Senate,"Senate Final Passage",21,0,0,0,21
308389,70688,2011-04-18,Assembly,"Assembly Final Passage",42,0,0,0,42
308389,78756,0000-00-00,Senate,"Senate Final Passage",21,0,0,0,21
308398,85836,0000-00-00,Assembly,"Assembly Final Passage",40,2,0,0,42
308398,89286,0000-00-00,Senate,"Senate Final Passage",21,0,0,0,21
308503,70712,2011-04-18,Assembly,"Assembly Final Passage",42,0,0,0,42
308503,90418,0000-00-00,Senate,"Senate Final Passage",20,1,0,0,21
308519,72664,2011-04-25,Assembly,"Assembly Final Passage",42,0,0,0,42
308519,82551,0000-00-00,Senate,"Senate Final Passage",21,0,0,0,21
308534,72669,2011-04-25,Senate,"Senate Final Passage",21,0,0,0,21
308666,85195,0000-00-00,Assembly,"Assembly Final Passage",31,11,0,0,42
308669,72988,2011-04-25,Assembly,"Assembly Final Passage",42,0,0,0,42
308669,86046,0000-00-00,Senate,"Senate Final Passage",21,0,0,0,21
308673,75287,2011-04-26,Senate,"Senate Final Passage",21,0,0,0,21
308673,82870,0000-00-00,Assembly,"Assembly Final Passage",42,0,0,0,42
308706,91276,0000-00-00,Assembly,"Assembly Final Passage",42,0,0,0,42
308706,91277,0000-00-00,Senate,"Senate Final Passage",21,0,0,0,21
308753,72679,2011-04-25,Senate,"Senate Final Passage",15,6,0,0,21
308921,85164,0000-00-00,Senate,"Senate Final Passage",19,2,0,0,21
308921,91660,0000-00-00,Assembly,"Assembly Final Passage",28,14,0,0,42
309006,72672,2011-04-25,Senate,"Senate Final Passage",21,0,0,0,21
309325,75288,2011-04-26,Senate,"Senate Final Passage",16,5,0,0,21
309325,85685,0000-00-00,Assembly,"Assembly Final Passage",31,11,0,0,42
309367,74296,2011-04-26,Senate,"Senate Final Passage",21,0,0,0,21
309367,85588,0000-00-00,Assembly,"Assembly Final Passage",42,0,0,0,42
309482,75289,2011-04-26,Senate,"Senate Final Passage",15,6,0,0,21
309482,86240,0000-00-00,Assembly,"Assembly Final Passage",35,6,0,1,42
309516,75295,2011-04-26,Senate,"Senate Final Passage",21,0,0,0,21
309516,78284,2011-05-10,Assembly,"Assembly Final Passage",42,0,0,0,42
309616,72422,2011-04-22,Senate,"Senate Final Passage",21,0,0,0,21
309755,78031,2011-05-09,Assembly,"Assembly Final Passage",41,1,0,0,42
309755,85636,0000-00-00,Senate,"Senate Final Passage",21,0,0,0,21
309803,86108,0000-00-00,Senate,"Senate Final Passage",21,0,0,0,21
309803,89448,0000-00-00,Assembly,"Assembly Final Passage",38,0,0,4,42
309892,70868,2011-04-20,Assembly,"Assembly Final Passage",26,16,0,0,42
309892,82851,0000-00-00,Senate,"Senate Final Passage",21,0,0,0,21
309897,70869,2011-04-20,Assembly,"Assembly Final Passage",26,16,0,0,42
309897,78755,0000-00-00,Senate,"Senate Final Passage",21,0,0,0,21
309912,91019,0000-00-00,Senate,"Senate Final Passage",21,0,0,0,21
309912,91020,0000-00-00,Assembly,"Assembly Final Passage",42,0,0,0,42
310004,70894,2011-04-18,Assembly,"Assembly Final Passage",42,0,0,0,42
310004,77782,2011-05-07,Senate,"Senate Final Passage",21,0,0,0,21
310136,73714,2011-04-25,Assembly,"Assembly Final Passage",42,0,0,0,42
310136,85967,0000-00-00,Senate,"Senate Final Passage",21,0,0,0,21
310185,82475,0000-00-00,Assembly,"Assembly Final Passage",42,0,0,0,42
310185,86909,0000-00-00,Senate,"Senate Final Passage",21,0,0,0,21
310222,72660,2011-04-25,Assembly,"Assembly Final Passage",42,0,0,0,42
310222,86130,0000-00-00,Senate,"Senate Final Passage",21,0,0,0,21
310281,72693,2011-04-25,Assembly,"Assembly Final Passage",26,16,0,0,42
310281,73043,2011-04-26,Assembly,"Assembly Final Passage",29,13,0,0,42
310347,88511,0000-00-00,Senate,"Senate Final Passage",11,10,0,0,21
310347,91585,0000-00-00,Assembly,"Assembly Final Passage",26,16,0,0,42
310378,70953,2011-04-20,Assembly,"Assembly Final Passage",42,0,0,0,42
310378,84235,0000-00-00,Senate,"Senate Final Passage",18,3,0,0,21
310389,72436,2011-04-22,Senate,"Senate Final Passage",21,0,0,0,21
310389,86007,0000-00-00,Assembly,"Assembly Final Passage",41,0,0,1,42
310477,74327,2011-04-25,Assembly,"Assembly Final Passage",33,9,0,0,42
310477,78661,0000-00-00,Senate,"Senate Final Passage",20,1,0,0,21
310554,73728,2011-04-26,Assembly,"Assembly Final Passage",41,1,0,0,42
310554,83930,0000-00-00,Senate,"Senate Final Passage",21,0,0,0,21
310622,90182,0000-00-00,Assembly,"Assembly Final Passage",33,9,0,0,42
310685,91288,0000-00-00,Assembly,"Assembly Final Passage",30,8,0,4,42
310717,72444,2011-04-22,Senate,"Senate Final Passage",20,1,0,0,21
310717,85701,0000-00-00,Assembly,"Assembly Final Passage",42,0,0,0,42
310771,72449,2011-04-22,Senate,"Senate Final Passage",21,0,0,0,21
310771,86083,0000-00-00,Assembly,"Assembly Final Passage",41,0,0,1,42
310821,73725,2011-04-26,Assembly,"Assembly Final Passage",42,0,0,0,42
310821,86373,0000-00-00,Senate,"Senate Final Passage",21,0,0,0,21
310948,78044,2011-05-09,Assembly,"Assembly Final Passage",42,0,0,0,42
310948,89533,0000-00-00,Senate,"Senate Final Passage",21,0,0,0,21
310954,71042,2011-04-08,Assembly,"Assembly Final Passage",41,0,0,1,42
310954,75439,2011-05-02,Senate,"Senate Final Passage",21,0,0,0,21
310958,89732,0000-00-00,Senate,"Senate Final Passage",21,0,0,0,21
310958,91554,0000-00-00,Assembly,"Assembly Final Passage",34,8,0,0,42
311043,80071,0000-00-00,Senate,"Senate Final Passage",21,0,0,0,21
311048,71053,2011-04-18,Assembly,"Assembly Final Passage",42,0,0,0,42
311048,86078,0000-00-00,Senate,"Senate Final Passage",21,0,0,0,21
311071,73731,2011-04-26,Senate,"Senate Final Passage",20,1,0,0,21
311071,86042,0000-00-00,Assembly,"Assembly Final Passage",42,0,0,0,42
311229,71085,2011-04-14,Senate,"Senate Final Passage",21,0,0,0,21
311229,82688,0000-00-00,Assembly,"Assembly Final Passage",42,0,0,0,42
311299,73030,2011-04-26,Senate,"Senate Final Passage",11,10,0,0,21
311299,86140,0000-00-00,Assembly,"Assembly Final Passage",28,14,0,0,42
311326,72774,2011-04-25,Senate,"Senate Final Passage",11,10,0,0,21
311326,82846,0000-00-00,Assembly,"Assembly Final Passage",29,13,0,0,42
311523,90185,0000-00-00,Assembly,"Assembly Final Passage",41,0,0,1,42
311523,90186,0000-00-00,Senate,"Senate Final Passage",21,0,0,0,21
311526,86323,0000-00-00,Assembly,"Assembly Final Passage",38,4,0,0,42
311526,89728,0000-00-00,Senate,"Senate Final Passage",21,0,0,0,21
311566,91052,0000-00-00,Assembly,"Assembly Final Passage",26,16,0,0,42
311566,91053,0000-00-00,Senate,"Senate Final Passage",11,10,0,0,21
311820,71146,2011-04-15,Assembly,"Assembly Final Passage",42,0,0,0,42
311820,71147,2011-04-19,Senate,"Senate Final Passage",19,0,0,2,21
311957,72677,2011-04-25,Assembly,"Assembly Final Passage",42,0,0,0,42
311957,82777,0000-00-00,Senate,"Senate Final Passage",21,0,0,0,21
312026,90464,0000-00-00,Senate,"Senate Final Passage",11,10,0,0,21
312026,90465,0000-00-00,Assembly,"Assembly Final Passage",25,17,0,0,42
312131,74363,2011-04-25,Assembly,"Assembly Final Passage",42,0,0,0,42
312131,85634,0000-00-00,Senate,"Senate Final Passage",21,0,0,0,21
312183,72796,2011-04-25,Senate,"Senate Final Passage",21,0,0,0,21
312240,72797,2011-04-25,Senate,"Senate Final Passage",21,0,0,0,21
312240,91274,0000-00-00,Assembly,"Assembly Final Passage",42,0,0,0,42
312326,74265,2011-04-26,Senate,"Senate Final Passage",11,10,0,0,21
312377,75299,2011-04-26,Senate,"Senate Final Passage",21,0,0,0,21
312377,85545,0000-00-00,Assembly,"Assembly Final Passage",42,0,0,0,42
312442,85542,0000-00-00,Assembly,"Assembly Final Passage",42,0,0,0,42
312442,86079,0000-00-00,Senate,"Senate Final Passage",21,0,0,0,21
312584,72682,2011-04-25,Assembly,"Assembly Final Passage",42,0,0,0,42
312584,86176,0000-00-00,Senate,"Senate Final Passage",21,0,0,0,21
312690,75302,2011-04-26,Senate,"Senate Final Passage",21,0,0,0,21
312690,81534,0000-00-00,Assembly,"Assembly Final Passage",42,0,0,0,42
312702,85555,0000-00-00,Senate,"Senate Final Passage",11,10,0,0,21
312703,75306,2011-04-26,Assembly,"Assembly Final Passage",42,0,0,0,42
312703,86270,0000-00-00,Senate,"Senate Final Passage",21,0,0,0,21
312834,90315,0000-00-00,Assembly,"Assembly Final Passage",42,0,0,0,42
312834,90316,0000-00-00,Senate,"Senate Final Passage",21,0,0,0,21
312856,71261,2011-04-20,Assembly,"Assembly Final Passage",39,3,0,0,42
312856,78909,0000-00-00,Senate,"Senate Final Passage",11,10,0,0,21
312865,71262,2011-04-18,Assembly,"Assembly Final Passage",42,0,0,0,42
312925,89057,0000-00-00,Senate,"Senate Final Passage",21,0,0,0,21
312925,89837,0000-00-00,Assembly,"Assembly Final Passage",41,0,0,1,42
312972,72285,2011-04-22,Senate,"Senate Final Passage",21,0,0,0,21
312972,85617,0000-00-00,Assembly,"Assembly Final Passage",42,0,0,0,42
313046,71276,2011-04-18,Assembly,"Assembly Final Passage",41,1,0,0,42
313046,86021,0000-00-00,Senate,"Senate Final Passage",19,2,0,0,21
313119,90344,0000-00-00,Assembly,"Assembly Final Passage",42,0,0,0,42
313119,90345,0000-00-00,Senate,"Senate Final Passage",16,5,0,0,21
313181,74273,2011-04-26,Senate,"Senate Final Passage",21,0,0,0,21
313196,71291,2011-04-14,Senate,"Senate Final Passage",21,0,0,0,21
313196,85597,0000-00-00,Assembly,"Assembly Final Passage",42,0,0,0,42
313270,73763,2011-04-26,Senate,"Senate Final Passage",12,9,0,0,21
313287,71304,2011-04-07,Senate,"Senate Final Passage",21,0,0,0,21
313287,82767,0000-00-00,Assembly,"Assembly Final Passage",42,0,0,0,42
313554,75310,2011-04-26,Senate,"Senate Final Passage",21,0,0,0,21
313601,78688,0000-00-00,Assembly,"Assembly Final Passage",42,0,0,0,42
313601,89828,0000-00-00,Senate,"Senate Final Passage",21,0,0,0,21
313723,85603,0000-00-00,Assembly,"Assembly Final Passage",42,0,0,0,42
313723,86109,0000-00-00,Senate,"Senate Final Passage",21,0,0,0,21
313932,89154,0000-00-00,Senate,"Senate Final Passage",21,0,0,0,21
313932,89155,0000-00-00,Assembly,"Assembly Final Passage",39,3,0,0,42
314015,87803,0000-00-00,Senate,"Senate Final Passage",21,0,0,0,21
314015,87804,0000-00-00,Assembly,"Assembly Final Passage",41,1,0,0,42
314034,72295,2011-04-22,Senate,"Senate Final Passage",21,0,0,0,21
314034,78723,0000-00-00,Assembly,"Assembly Final Passage",34,8,0,0,42
314105,73792,2011-04-26,Senate,"Senate Final Passage",21,0,0,0,21
314105,86445,0000-00-00,Assembly,"Assembly Final Passage",41,0,0,1,42
314216,90715,0000-00-00,Assembly,"Assembly Final Passage",30,12,0,0,42
314216,90716,0000-00-00,Senate,"Senate Final Passage",20,1,0,0,21
314241,72304,2011-04-22,Senate,"Senate Final Passage",21,0,0,0,21
314241,85912,0000-00-00,Assembly,"Assembly Final Passage",42,0,0,0,42
314265,72711,2011-04-25,Assembly,"Assembly Final Passage",42,0,0,0,42
314265,82880,0000-00-00,Senate,"Senate Final Passage",20,1,0,0,21
314303,72716,2011-04-25,Assembly,"Assembly Final Passage",40,2,0,0,42
314303,82673,0000-00-00,Senate,"Senate Final Passage",21,0,0,0,21
314374,85632,0000-00-00,Assembly,"Assembly Final Passage",42,0,0,0,42
314374,88709,0000-00-00,Senate,"Senate Final Passage",21,0,0,0,21
314407,72636,2011-04-25,Assembly,"Assembly Final Passage",39,3,0,0,42
314407,78683,0000-00-00,Senate,"Senate Final Passage",21,0,0,0,21
314417,85248,0000-00-00,Senate,"Senate Final Passage",21,0,0,0,21
314417,89861,0000-00-00,Assembly,"Assembly Final Passage",42,0,0,0,42
314545,85801,0000-00-00,Senate,"Senate Final Passage",21,0,0,0,21
314545,86929,0000-00-00,Assembly,"Assembly Final Passage",42,0,0,0,42
314561,91318,0000-00-00,Assembly,"Assembly Final Passage",42,0,0,0,42
314561,91319,0000-00-00,Senate,"Senate Final Passage",21,0,0,0,21
314692,89329,0000-00-00,Senate,"Senate Final Passage",20,1,0,0,21
314692,89680,0000-00-00,Assembly,"Assembly Final Passage",42,0,0,0,42
314724,73035,2011-04-26,Assembly,"Assembly Final Passage",40,2,0,0,42
314724,84735,0000-00-00,Senate,"Senate Final Passage",21,0,0,0,21
314874,71485,2011-04-14,Senate,"Senate Final Passage",21,0,0,0,21
314894,90523,0000-00-00,Senate,"Senate Final Passage",11,10,0,0,21
315070,87580,0000-00-00,Assembly,"Assembly Final Passage",26,16,0,0,42
315070,89754,0000-00-00,Senate,"Senate Final Passage",11,10,0,0,21
315087,72720,2011-04-25,Assembly,"Assembly Final Passage",36,6,0,0,42
315087,86045,0000-00-00,Senate,"Senate Final Passage",16,5,0,0,21
315279,71506,2011-04-20,Assembly,"Assembly Final Passage",42,0,0,0,42
315279,82741,0000-00-00,Senate,"Senate Final Passage",21,0,0,0,21
315641,72834,2011-04-25,Assembly,"Assembly Final Passage",33,9,0,0,42
315641,78765,0000-00-00,Senate,"Senate Final Passage",21,0,0,0,21
315820,72313,2011-04-22,Senate,"Senate Final Passage",21,0,0,0,21
315820,85741,0000-00-00,Assembly,"Assembly Final Passage",41,1,0,0,42
315878,91348,0000-00-00,Senate,"Senate Final Passage",21,0,0,0,21
315878,91349,0000-00-00,Assembly,"Assembly Final Passage",42,0,0,0,42
315915,71598,2011-04-11,Assembly,"Assembly Final Passage",42,0,0,0,42
315915,82672,0000-00-00,Senate,"Senate Final Passage",21,0,0,0,21
315938,73224,2011-04-26,Senate,"Senate Final Passage",11,10,0,0,21
316185,75319,2011-04-26,Assembly,"Assembly Final Passage",42,0,0,0,42
316185,86003,0000-00-00,Senate,"Senate Final Passage",21,0,0,0,21
316205,72840,2011-04-25,Senate,"Senate Final Passage",21,0,0,0,21
316205,86101,0000-00-00,Assembly,"Assembly Final Passage",34,8,0,0,42
316254,89408,0000-00-00,Senate,"Senate Final Passage",21,0,0,0,21
316254,89409,0000-00-00,Assembly,"Assembly Final Passage",41,0,0,1,42
316345,72743,2011-04-25,Assembly,"Assembly Final Passage",42,0,0,0,42
316345,82785,0000-00-00,Senate,"Senate Final Passage",21,0,0,0,21
316558,72745,2011-04-25,Assembly,"Assembly Final Passage",26,16,0,0,42
316558,78834,0000-00-00,Senate,"Senate Final Passage",20,1,0,0,21
316605,85952,0000-00-00,Assembly,"Assembly Final Passage",41,0,0,1,42
316605,89054,0000-00-00,Senate,"Senate Final Passage",21,0,0,0,21
316723,89779,0000-00-00,Senate,"Senate Final Passage",21,0,0,0,21
316723,91611,0000-00-00,Assembly,"Assembly Final Passage",42,0,0,0,42
316835,82245,0000-00-00,Senate,"Senate Final Passage",21,0,0,0,21
316835,84035,0000-00-00,Assembly,"Assembly Final Passage",42,0,0,0,42
316868,89465,0000-00-00,Senate,"Senate Final Passage",21,0,0,0,21
316868,89824,0000-00-00,Assembly,"Assembly Final Passage",42,0,0,0,42
316893,71705,2011-04-18,Assembly,"Assembly Final Passage",42,0,0,0,42
316893,78918,0000-00-00,Senate,"Senate Final Passage",21,0,0,0,21
316984,72320,2011-04-22,Senate,"Senate Final Passage",19,2,0,0,21
316984,81054,0000-00-00,Assembly,"Assembly Final Passage",39,3,0,0,42
316995,90280,0000-00-00,Senate,"Senate Final Passage",21,0,0,0,21
316995,90281,0000-00-00,Assembly,"Assembly Final Passage",42,0,0,0,42
317057,91387,0000-00-00,Assembly,"Assembly Final Passage",38,4,0,0,42
317057,91388,0000-00-00,Senate,"Senate Final Passage",20,1,0,0,21
317057,91389,0000-00-00,Senate,"Senate Final Passage",21,0,0,0,21
317071,72322,2011-04-22,Senate,"Senate Final Passage",21,0,0,0,21
317087,72875,2011-04-25,Senate,"Senate Final Passage",21,0,0,0,21
317120,75324,2011-04-26,Assembly,"Assembly Final Passage",42,0,0,0,42
317120,84271,0000-00-00,Senate,"Senate Final Passage",21,0,0,0,21
317211,75323,2011-04-26,Assembly,"Assembly Final Passage",42,0,0,0,42
317211,83988,0000-00-00,Senate,"Senate Final Passage",21,0,0,0,21
317270,71779,2011-04-20,Assembly,"Assembly Final Passage",35,7,0,0,42
317320,89579,0000-00-00,Senate,"Senate Final Passage",10,11,0,0,21
317331,71822,2011-04-20,Assembly,"Assembly Final Passage",42,0,0,0,42
317331,85683,0000-00-00,Senate,"Senate Final Passage",21,0,0,0,21
317370,90290,0000-00-00,Assembly,"Assembly Final Passage",38,0,0,4,42
317370,90291,0000-00-00,Senate,"Senate Final Passage",21,0,0,0,21
317402,75351,2011-04-26,Assembly,"Assembly Final Passage",38,4,0,0,42
317462,71843,2011-04-18,Assembly,"Assembly Final Passage",33,9,0,0,42
317462,84791,0000-00-00,Senate,"Senate Final Passage",12,9,0,0,21
317513,72398,2011-04-22,Senate,"Senate Final Passage",21,0,0,0,21
317513,85690,0000-00-00,Assembly,"Assembly Final Passage",32,10,0,0,42
319573,85934,0000-00-00,Assembly,"Assembly Final Passage",41,0,0,1,42
319573,89789,0000-00-00,Senate,"Senate Final Passage",21,0,0,0,21
319590,72698,2011-04-25,Senate,"Senate Final Passage",21,0,0,0,21
319590,85475,0000-00-00,Assembly,"Assembly Final Passage",42,0,0,0,42
319605,85658,0000-00-00,Senate,"Senate Final Passage",21,0,0,0,21
319605,94659,0000-00-00,Assembly,"Assembly Final Passage",40,0,0,2,42
319621,73055,2011-04-26,Assembly,"Assembly Final Passage",33,9,0,0,42
319633,77415,2011-05-06,Assembly,"Assembly Final Passage",40,0,0,2,42
319633,82808,0000-00-00,Senate,"Senate Final Passage",21,0,0,0,21
319652,72439,2011-04-22,Senate,"Senate Final Passage",21,0,0,0,21
319652,85509,0000-00-00,Assembly,"Assembly Final Passage",42,0,0,0,42
319847,90453,0000-00-00,Senate,"Senate Final Passage",10,11,0,0,21
319900,72129,2011-04-07,Senate,"Senate Final Passage",21,0,0,0,21
319900,86307,0000-00-00,Assembly,"Assembly Final Passage",42,0,0,0,42
319927,90615,0000-00-00,Senate,"Senate Final Passage",21,0,0,0,21
319927,90616,0000-00-00,Assembly,"Assembly Final Passage",42,0,0,0,42
319954,72130,2011-04-20,Assembly,"Assembly Final Passage",42,0,0,0,42
319954,85665,0000-00-00,Senate,"Senate Final Passage",21,0,0,0,21
319971,82355,0000-00-00,Senate,"Senate Final Passage",21,0,0,0,21
319971,87465,0000-00-00,Assembly,"Assembly Final Passage",42,0,0,0,42
320026,72717,2011-04-25,Assembly,"Assembly Final Passage",39,3,0,0,42
320026,82570,0000-00-00,Senate,"Senate Final Passage",21,0,0,0,21
320086,89874,0000-00-00,Assembly,"Assembly Final Passage",42,0,0,0,42
320086,89875,0000-00-00,Senate,"Senate Final Passage",21,0,0,0,21
320122,72723,2011-04-25,Assembly,"Assembly Final Passage",30,12,0,0,42
320122,85246,0000-00-00,Senate,"Senate Final Passage",18,3,0,0,21
320134,72141,2011-04-18,Assembly,"Assembly Final Passage",33,9,0,0,42
320134,84005,0000-00-00,Senate,"Senate Final Passage",13,8,0,0,21
320186,78147,2011-05-10,Senate,"Senate Final Passage",21,0,0,0,21
320186,85520,0000-00-00,Assembly,"Assembly Final Passage",42,0,0,0,42
320190,72734,2011-04-25,Assembly,"Assembly Final Passage",28,14,0,0,42
320190,85578,0000-00-00,Senate,"Senate Final Passage",11,10,0,0,21
320265,74210,2011-04-26,Assembly,"Assembly Final Passage",27,15,0,0,42
320265,86398,0000-00-00,Senate,"Senate Final Passage",14,7,0,0,21
320265,86399,0000-00-00,Senate,"Senate Final Passage",21,0,0,0,21
320321,72158,2011-04-20,Assembly,"Assembly Final Passage",42,0,0,0,42
320321,82589,0000-00-00,Senate,"Senate Final Passage",21,0,0,0,21
320323,77430,2011-05-06,Assembly,"Assembly Final Passage",40,0,0,2,42
320323,82809,0000-00-00,Senate,"Senate Final Passage",21,0,0,0,21
320327,72448,2011-04-22,Senate,"Senate Final Passage",14,7,0,0,21
320327,86219,0000-00-00,Assembly,"Assembly Final Passage",38,4,0,0,42
320341,72729,2011-04-25,Senate,"Senate Final Passage",21,0,0,0,21
320355,72725,2011-04-25,Assembly,"Assembly Final Passage",42,0,0,0,42
320363,73350,2011-04-26,Senate,"Senate Final Passage",21,0,0,0,21
320363,85622,0000-00-00,Assembly,"Assembly Final Passage",42,0,0,0,42
320418,90376,0000-00-00,Senate,"Senate Final Passage",21,0,0,0,21
320418,90377,0000-00-00,Assembly,"Assembly Final Passage",35,7,0,0,42
320433,73353,2011-04-26,Senate,"Senate Final Passage",21,0,0,0,21
320458,85936,0000-00-00,Assembly,"Assembly Final Passage",26,15,0,1,42
320458,89780,0000-00-00,Senate,"Senate Final Passage",20,1,0,0,21
320460,86682,0000-00-00,Senate,"Senate Final Passage",12,9,0,0,21
320460,89681,0000-00-00,Assembly,"Assembly Final Passage",29,13,0,0,42
320473,72455,2011-04-22,Senate,"Senate Final Passage",21,0,0,0,21
320484,74382,2011-04-26,Senate,"Senate Final Passage",21,0,0,0,21
320484,86180,0000-00-00,Assembly,"Assembly Final Passage",40,2,0,0,42
320542,72456,2011-04-22,Senate,"Senate Final Passage",19,2,0,0,21
320657,80007,0000-00-00,Senate,"Senate Final Passage",21,0,0,0,21
320657,85668,0000-00-00,Assembly,"Assembly Final Passage",42,0,0,0,42
320658,77374,2011-05-06,Assembly,"Assembly Final Passage",40,0,0,2,42
320658,82615,0000-00-00,Senate,"Senate Final Passage",21,0,0,0,21
320703,73096,2011-04-26,Senate,"Senate Final Passage",11,10,0,0,21
320705,78190,2011-05-10,Assembly,"Assembly Final Passage",42,0,0,0,42
320705,82904,0000-00-00,Senate,"Senate Final Passage",21,0,0,0,21
320749,72458,2011-04-22,Senate,"Senate Final Passage",21,0,0,0,21
320749,85829,0000-00-00,Assembly,"Assembly Final Passage",42,0,0,0,42
320760,85915,0000-00-00,Assembly,"Assembly Final Passage",39,3,0,0,42
320760,89879,0000-00-00,Senate,"Senate Final Passage",21,0,0,0,21
320800,74236,2011-04-26,Senate,"Senate Final Passage",21,0,0,0,21
320800,85897,0000-00-00,Assembly,"Assembly Final Passage",42,0,0,0,42
320921,86127,0000-00-00,Assembly,"Assembly Final Passage",36,6,0,0,42
320921,89848,0000-00-00,Senate,"Senate Final Passage",20,1,0,0,21
320941,80865,0000-00-00,Senate,"Senate Final Passage",21,0,0,0,21
320941,84387,0000-00-00,Assembly,"Assembly Final Passage",42,0,0,0,42
320943,74678,2011-04-26,Senate,"Senate Final Passage",12,9,0,0,21
320943,86427,0000-00-00,Assembly,"Assembly Final Passage",35,7,0,0,42
320991,78215,2011-05-10,Senate,"Senate Final Passage",21,0,0,0,21
320991,86029,0000-00-00,Assembly,"Assembly Final Passage",42,0,0,0,42
321014,72755,2011-04-25,Senate,"Senate Final Passage",21,0,0,0,21
321014,86058,0000-00-00,Assembly,"Assembly Final Passage",42,0,0,0,42
321046,89882,0000-00-00,Senate,"Senate Final Passage",21,0,0,0,21
321086,90180,0000-00-00,Senate,"Senate Final Passage",21,0,0,0,21
321086,90181,0000-00-00,Assembly,"Assembly Final Passage",42,0,0,0,42
321102,72762,2011-04-25,Assembly,"Assembly Final Passage",25,17,0,0,42
321102,72763,2011-04-25,Assembly,"Assembly Final Passage",27,15,0,0,42
321102,78896,0000-00-00,Senate,"Senate Final Passage",21,0,0,0,21
321178,72462,2011-04-22,Senate,"Senate Final Passage",21,0,0,0,21
321178,80941,0000-00-00,Assembly,"Assembly Final Passage",42,0,0,0,42
321215,80171,0000-00-00,Senate,"Senate Final Passage",20,1,0,0,21
321215,91334,0000-00-00,Assembly,"Assembly Final Passage",42,0,0,0,42
321256,72256,2011-04-20,Assembly,"Assembly Final Passage",26,16,0,0,42
321294,84530,0000-00-00,Assembly,"Assembly Final Passage",40,2,0,0,42
321294,89193,0000-00-00,Senate,"Senate Final Passage",21,0,0,0,21
321317,72800,2011-04-25,Senate,"Senate Final Passage",21,0,0,0,21
321363,74708,2011-04-26,Assembly,"Assembly Final Passage",40,2,0,0,42
321363,86540,0000-00-00,Senate,"Senate Final Passage",21,0,0,0,21
321400,74272,2011-04-26,Senate,"Senate Final Passage",21,0,0,0,21
321400,82685,0000-00-00,Assembly,"Assembly Final Passage",41,1,0,0,42
328812,82034,0000-00-00,Assembly,"Assembly Final Passage",26,16,0,0,42
328812,83926,0000-00-00,Senate,"Senate Final Passage",11,10,0,0,21
328879,78433,2011-05-10,Senate,"Senate Final Passage",11,10,0,0,21
328879,78434,2011-05-10,Assembly,"Assembly Final Passage",25,17,0,0,42
328880,85228,0000-00-00,Senate,"Senate Final Passage",21,0,0,0,21
328880,86683,0000-00-00,Assembly,"Assembly Final Passage",42,0,0,0,42
328881,84358,0000-00-00,Senate,"Senate Final Passage",21,0,0,0,21
328881,86621,0000-00-00,Assembly,"Assembly Final Passage",42,0,0,0,42
329321,78225,2011-05-10,Assembly,"Assembly Final Passage",26,16,0,0,42
329321,78226,2011-05-10,Senate,"Senate Final Passage",11,10,0,0,21
330239,85781,0000-00-00,Assembly,"Assembly Final Passage",42,0,0,0,42
330239,88702,0000-00-00,Senate,"Senate Final Passage",21,0,0,0,21
331415,89405,0000-00-00,Assembly,"Assembly Final Passage",23,19,0,0,42
331415,91587,0000-00-00,Senate,"Senate Final Passage",13,8,0,0,21
331415,91588,0000-00-00,Senate,"Senate Final Passage",13,8,0,0,21
331765,86149,0000-00-00,Assembly,"Assembly Final Passage",42,0,0,0,42
331765,89878,0000-00-00,Senate,"Senate Final Passage",21,0,0,0,21
333096,85610,0000-00-00,Assembly,"Assembly Final Passage",27,15,0,0,42
334094,88924,0000-00-00,Assembly,"Assembly Final Passage",41,0,0,1,42
334094,89655,0000-00-00,Senate,"Senate Final Passage",21,0,0,0,21
334285,89378,0000-00-00,Assembly,"Assembly Final Passage",28,14,0,0,42
334285,91549,0000-00-00,Senate,"Senate Final Passage",11,10,0,0,21
334287,89381,0000-00-00,Assembly,"Assembly Final Passage",41,1,0,0,42
334287,91559,0000-00-00,Senate,"Senate Final Passage",21,0,0,0,21
334290,89379,0000-00-00,Assembly,"Assembly Final Passage",42,0,0,0,42
334290,91555,0000-00-00,Senate,"Senate Final Passage",21,0,0,0,21
334299,88453,0000-00-00,Assembly,"Assembly Final Passage",41,0,0,1,42
334299,91553,0000-00-00,Senate,"Senate Final Passage",21,0,0,0,21
335030,89011,0000-00-00,Senate,"Senate Final Passage",15,6,0,0,21
335030,89414,0000-00-00,Assembly,"Assembly Final Passage",36,6,0,0,42
335031,89412,0000-00-00,Senate,"Senate Final Passage",15,6,0,0,21
335031,89413,0000-00-00,Assembly,"Assembly Final Passage",36,6,0,0,42
335032,89420,0000-00-00,Senate,"Senate Final Passage",15,6,0,0,21
335032,89421,0000-00-00,Assembly,"Assembly Final Passage",36,6,0,0,42
335033,89419,0000-00-00,Assembly,"Assembly Final Passage",36,6,0,0,42
335033,89770,0000-00-00,Senate,"Senate Final Passage",15,6,0,0,21
335034,89416,0000-00-00,Assembly,"Assembly Final Passage",34,4,0,4,42
335034,89771,0000-00-00,Senate,"Senate Final Passage",15,6,0,0,21
335035,91424,0000-00-00,Senate,"Senate Final Passage",21,0,0,0,21
335035,91425,0000-00-00,Assembly,"Assembly Final Passage",24,18,0,0,42
335035,91426,0000-00-00,Assembly,"Assembly Final Passage",21,21,0,0,42
335035,91427,0000-00-00,Assembly,"Assembly Final Passage",29,13,0,0,42
335037,89891,0000-00-00,Assembly,"Assembly Final Passage",42,0,0,0,42
335037,91822,0000-00-00,Senate,"Senate Final Passage",11,10,0,0,21
