people_id,name,first_name,middle_name,last_name,suffix,nickname,party_id,party,role_id,role,district,followthemoney_eid,votesmart_id,opensecrets_id,ballotpedia,knowwho_pid,committee_id
8466,"Heidi Gansert",Heidi,,Gansert,,,2,R,2,Sen,SD-015,6665877,43958,,Heidi_Gansert,227679,0
8468,"John Hambrick",John,C.,Hambrick,,,2,R,1,Rep,HD-002,6676297,106877,,John_Hambrick,272127,0
8469,"Joseph Hardy",Joseph,,Hardy,,Joe,2,R,2,Sen,SD-012,6596468,43876,,Joseph_Hardy,211795,0
8470,"James Settelmeyer",James,Arnold,Settelmeyer,,,2,R,2,Sen,SD-017,6670193,67461,,James_Settelmeyer,249440,0
8471,"Melissa Woodbury",Melissa,,Woodbury,,,2,R,1,Rep,HD-023,6676352,107034,,Melissa_Woodbury,272133,0
8472,"Lynn Stewart",Lynn,,Stewart,,,2,R,1,Rep,HD-022,6665910,43796,,Lynn_Stewart,249429,0
8474,"Mark Manendo",Mark,,Manendo,,,1,D,2,Sen,SD-021,13009051,9059,,Mark_Manendo,197568,0
8476,Education,,,,,,0,,1,Rep,,0,0,,,0,1573
8477,"Health and Human Services",,,,,,0,,1,Rep,,0,0,,,0,1576
8478,"Ways and Means",,,,,,0,,1,Rep,,0,0,,,0,1581
8480,"Commerce and Labor",,,,,,0,,1,Rep,,0,0,,,0,1570
8482,Transportation,,,,,,0,,1,Rep,,0,0,,,0,1580
8483,Taxation,,,,,,0,,1,Rep,,0,0,,,0,1579
8484,Judiciary,,,,,,0,,1,Rep,,0,0,,,0,1577
8485,"Natural Resources, Agriculture, and Mining",,,,,,0,,1,Rep,,0,0,,,0,1578
8486,"Government Affairs",,,,,,0,,1,Rep,,0,0,,,0,1575
8487,"Corrections, Parole, and Probation",,,,,,0,,1,Rep,,0,0,,,0,1572
8493,"Richard McArthur",Richard,,McArthur,,,2,R,1,Rep,HD-004,6665888,44008,,Richard_McArthur,272128,0
8500,"James Ohrenschall",James,,Ohrenschall,,,1,D,1,Rep,HD-012,6476751,66853,,James_Ohrenschall,249423,0
8502,"Moises Denis",Moises,,Denis,,Mo,1,D,2,Sen,SD-002,6464977,43820,,Moises_Denis,227681,0
8506,"Maggie Carlton",Maggie,,Carlton,,,1,D,1,Rep,HD-014,6395718,22822,,Maggie_Carlton,197518,0
8510,"Richard Segerblom",Richard,,Segerblom,,Tick,1,D,2,Sen,SD-003,6476760,65915,,Richard_%22Tick%22_Segerblom,249416,0
8512,"Don Gustavson",Don,,Gustavson,,,2,R,2,Sen,SD-014,13009088,12531,,Don_Gustavson,197582,0
8513,"Ellen Spiegel",Ellen,,Spiegel,,,1,D,1,Rep,HD-020,6491182,107017,,Ellen_Spiegel,272130,0
8515,"Kelvin Atkinson",Kelvin,,Atkinson,,,1,D,2,Sen,SD-004,6395703,22746,,Kelvin_Atkinson,211794,0
8518,"Pete Goicoechea",Pete,,Goicoechea,,,2,R,2,Sen,SD-019,6596444,43974,,Peter_Goicoechea,211801,0
8525,"Joyce Woodhouse",Joyce,,Woodhouse,,,1,D,2,Sen,SD-005,6476805,66860,,Joyce_Woodhouse,249443,0
8539,Finance,,,,,,0,,2,Sen,,0,0,,,0,1585
8543,"Legislative Operations and Elections",,,,,,0,,2,Sen,,0,0,,,0,1589
8545,Judiciary,,,,,,0,,2,Sen,,0,0,,,0,1588
8554,"Government Affairs",,,,,,0,,2,Sen,,0,0,,,0,1586
8555,"Natural Resources",,,,,,0,,2,Sen,,0,0,,,0,1590
8563,"David Parks",David,,Parks,,,1,D,2,Sen,SD-007,13009126,12540,,David_Parks,197591,0
8570,"Elliot Anderson",Elliot,T.,Anderson,,,1,D,1,Rep,HD-015,6508318,121859,,Elliot_Anderson,309988,0
12093,"Ben Kieckhefer",Ben,,Kieckhefer,,,2,R,2,Sen,SD-016,6686559,121952,,Ben_Kieckhefer,292349,0
12094,"Richard Carrillo",Richard,,Carrillo,,,1,D,1,Rep,HD-018,13009054,121863,,Richard_Carrillo,310006,0
12182,"Health and Human Services",,,,,,0,,2,Sen,,0,0,,,0,2068
12183,Education,,,,,,0,,2,Sen,,0,0,,,0,2067
12184,"Legislative Operations and Elections",,,,,,0,,1,Rep,,0,0,,,0,2103
12185,Transportation,,,,,,0,,2,Sen,,0,0,,,0,2102
12196,"Commerce, Labor and Energy",,,,,,0,,2,Sen,,0,0,,,0,2197
12199,"John Ellison",John,,Ellison,,,2,R,1,Rep,HD-033,13009106,90566,,John_Ellison,294536,0
12200,"Ira Hansen",Ira,,Hansen,,,2,R,1,Rep,HD-032,6686502,121908,,Ira_Hansen,292353,0
12202,"Jason Frierson",Jason,,Frierson,,,1,D,1,Rep,HD-008,13009013,121835,,Jason_Frierson,309928,0
12203,"Richard Daly",Richard,,Daly,,Skip,1,D,1,Rep,HD-031,6508393,121904,,Skip_Daly,310124,0
12204,"Olivia Diaz",Olivia,,Diaz,,,1,D,1,Rep,HD-011,6508292,121844,,Olivia_Diaz,309979,0
12209,"Teresa Benitez-Thompson",Teresa,,Benitez-Thompson,,,1,D,1,Rep,HD-027,6508382,121895,,Teresa_Benitez-Thompson,310106,0
12211,"Irene Bustamante Adams",Irene,,"Bustamante Adams",,,1,D,1,Rep,HD-042,6508404,121922,,Irene_Bustamante_Adams,309738,0
12212,"Scott Hammond",Scott,,Hammond,,,2,R,2,Sen,SD-018,6639723,121853,,Scott_Hammond,309986,0
12213,"Dina Neal",Dina,,Neal,,,1,D,1,Rep,HD-007,13009010,121828,,Dina_Neal,309643,0
12251,"Michael Roberson",Michael,,Roberson,,,2,R,2,Sen,SD-020,13012994,121938,,Michael_Roberson,309897,0
12728,"Cresent Hardy",Cresent,,Hardy,,,2,R,1,Rep,HD-019,13009059,121872,,Cresent_Hardy,310070,0
15152,"Michele Fiore",Michele,,Fiore,,,2,R,1,Rep,HD-004,9715872,121949,,Michele_Fiore,287981,0
15153,"James Oscarson",James,,Oscarson,,,2,R,1,Rep,HD-036,23594337,138580,,James_Oscarson,407233,0
15869,"Lesley Cohen",Lesley,E.,Cohen,,,1,D,1,Rep,HD-029,9714575,144671,,Lesley_Cohen,446921,0
15874,"Paul Anderson",Paul,,Anderson,,,2,R,1,Rep,HD-013,13789825,138039,,Paul_Anderson_(Nevada),407414,0
15875,"Michael Sprinkle",Michael,,Sprinkle,,,1,D,1,Rep,HD-030,6476765,68339,,Michael_Sprinkle,407350,0
15876,"Heidi Swank",Heidi,,Swank,,,1,D,1,Rep,HD-016,13789833,137744,,Heidi_Swank,407450,0
15877,"Jim Wheeler",Jim,,Wheeler,,,2,R,1,Rep,HD-039,6686531,121918,,Jim_Wheeler,293501,0
15878,"Aaron Ford",Aaron,D.,Ford,,,1,D,2,Sen,SD-011,6508433,121935,,Aaron_Ford,309910,0
15880,"Justin Jones",Justin,C.,Jones,,,1,D,2,Sen,SD-009,13009031,44080,,Justin_Jones_(Nevada),407328,0
15881,"Patricia Spearman",Patricia,,Spearman,,Pat,1,D,2,Sen,SD-001,13789978,137684,,Patricia_Spearman,407281,0
16028,"Tyrone Thompson",Tyrone,,Thompson,,,1,D,1,Rep,HD-017,23593086,144607,,Tyrone_Thompson,457436,0
16404,"Victoria Dooling",Victoria,,Dooling,,Vicki,2,R,1,Rep,HD-041,23594350,152852,,Vicki_Dooling,490333,0
17444,"Robin Titus",Robin,L.,Titus,,,2,R,1,Rep,HD-038,18666378,151015,,Robin_Titus,285979,0
17445,"Becky Harris",Becky,,Harris,,,2,R,2,Sen,SD-009,13789841,137764,,Becky_Harris,407461,0
17446,"Jill Dickman",Jill,,Dickman,,,2,R,1,Rep,HD-031,23594371,152682,,Jill_Dickman,0,0
17447,"Victoria Seaman",Victoria,,Seaman,,,2,R,1,Rep,HD-034,13789819,137717,,Victoria_Seaman,490326,0
17511,"Nelson Araujo",Nelson,,Araujo,,,1,D,1,Rep,HD-003,23560338,152719,,Nelson_Araujo,278765,0
17513,"Amber Joiner",Amber,,Joiner,,,1,D,1,Rep,HD-024,16010823,156160,,Amber_Joiner,523050,0
17514,"Brent Jones",Brent,A.,Jones,,,2,R,1,Rep,HD-035,13790020,137693,,Brent_Jones,407324,0
17515,"Christopher Edwards",Christopher,,Edwards,,Chris,2,R,1,Rep,HD-019,15842513,135889,,Chris_Edwards_(Nevada),405328,0
17516,"David Gardner",David,M.,Gardner,,,2,R,1,Rep,HD-009,23560453,152779,,David_M._Gardner,491426,0
17517,"Derek Armstrong",Derek,W.,Armstrong,,,2,R,1,Rep,HD-021,23593100,152821,,Derek_Armstrong,490314,0
17518,"Edgar Flores",Edgar,,Flores,,,1,D,1,Rep,HD-028,23594326,152832,,Edgar_Flores,491441,0
17520,"Glenn Trowbridge",Glenn,,Trowbridge,,,2,R,1,Rep,HD-037,9721121,156161,,Glenn_Trowbridge,525256,0
17521,"John Moore",John,,Moore,,,2,R,1,Rep,HD-008,13789818,138036,,John_Moore_(Nevada),407393,0
17522,"Philip O'Neill",Philip,,O'Neill,,"P. K.",2,R,1,Rep,HD-008,23594352,151021,,Philip_O%27Neill,490331,0
17523,"Shelly Shelton",Shelly,M.,Shelton,,,2,R,1,Rep,HD-010,23560543,152792,,Shelly_Shelton,491428,0
17524,"Stephen Silberkraus",Stephen,,Silberkraus,,,2,R,1,Rep,HD-029,13789864,137805,,Stephen_Silberkraus,407503,0
17525,"Patricia Farley",Patricia,,Farley,,,3,I,2,Sen,SD-008,23441991,152688,,Patricia_Farley,490253,0
17976,"Julia Ratti",Julia,,Ratti,,,1,D,2,Sen,SD-013,9689751,111905,,Julia_Ratti,574105,0
19219,"Keith Pickard",Keith,,Pickard,,,2,R,2,Sen,SD-020,39827602,169563,,Keith_Pickard,574143,0
19220,"Nicole Cannizzaro",Nicole,,Cannizzaro,,,1,D,2,Sen,SD-006,39827448,169489,,Nicole_Cannizzaro,574111,0
19221,"Shannon Bilbray-Axelrod",Shannon,,Bilbray-Axelrod,,,1,D,1,Rep,HD-034,39827435,169567,,Shannon_Bilbray-Axelrod,279961,0
19222,"Chris Brooks",Chris,,Brooks,,,1,D,2,Sen,SD-003,9693988,169534,,Chris_Brooks,574130,0
19223,"Ozzie Fumo",Ozzie,,Fumo,,,1,D,1,Rep,HD-021,39827494,169551,,Ozzie_Fumo,574136,0
19224,"Sandra Jauregui",Sandra,,Jauregui,,,1,D,1,Rep,HD-041,39827532,169582,,Sandra_Jauregui,338681,0
19225,"Al Kramer",Al,,Kramer,,,2,R,1,Rep,HD-040,9760420,169411,,Al_Kramer,574373,0
19226,"Lisa Krasner",Lisa,,Krasner,,,2,R,1,Rep,HD-026,23594320,155017,,Lisa_Krasner,490319,0
19227,"Jim Marchant",Jim,,Marchant,,,2,R,1,Rep,HD-037,39827563,169580,,Jim_Marchant,574153,0
19228,"William McCurdy",William,,McCurdy,II,,1,D,1,Rep,HD-006,39827571,169523,,William_McCurdy_II,574126,0
19229,"Brittney Miller",Brittney,,Miller,,,1,D,1,Rep,HD-005,39827574,169513,,Brittney_Miller,574124,0
19230,"Daniele Monroe-Moreno",Daniele,,Monroe-Moreno,,,1,D,1,Rep,HD-001,24821003,169498,,Daniele_Monroe-Moreno,574116,0
19231,"Jill Tolles",Jill,,Tolles,,,2,R,1,Rep,HD-025,9699701,169675,,Jill_Tolles,574393,0
19232,"Justin Watkins",Justin,,Watkins,,,1,D,1,Rep,HD-035,39827668,169577,,Justin_Watkins,574151,0
19233,"Steve Yeager",Steve,,Yeager,,,1,D,1,Rep,HD-009,20540066,152786,,Steve_Yeager,490284,0
19234,"Yvanna Cancela",Yvanna,D.,Cancela,,,1,D,2,Sen,SD-010,43482942,176078,,Yvanna_Cancela,609143,0
