bill_id,session_id,bill_number,status,status_desc,status_date,title,description,committee_id,committee,last_action_date,last_action,url,state_link
1770599,2054,AR1,4,Passed,2023-06-15,"Provides that no allowances will be paid for the 35th Special Session for periodicals, stamps, stationery or communications. (BDR R-6)","Providing that no allowances will be paid for the 35th Special Session for periodicals, stamps, stationery or communications.",0,,2023-06-15,"File No. 2.",https://legiscan.com/NV/bill/AR1/2023/X2,https://www.leg.state.nv.us/App/NELIS/REL/35th2023Special/Bill/11736/Overview
1770661,2054,ACR1,4,Passed,2023-06-15,"Adopts the Joint Rules of the Senate and Assembly for the 35th Special Session of the Nevada Legislature. (BDR R-1)","Adopting the Joint Rules of the Senate and Assembly for the 35th Special Session of the Nevada Legislature.",0,,2023-06-15,"File No. 1.",https://legiscan.com/NV/bill/ACR1/2023/X2,https://www.leg.state.nv.us/App/NELIS/REL/35th2023Special/Bill/11737/Overview
1770644,2054,SB1,4,Passed,2023-06-16,"Revises provisions governing economic infrastructure projects. (BDR S-9)","AN ACT relating to economic infrastructure projects; enacting the Southern Nevada Tourism Innovation Act; amending the Southern Nevada Tourism Improvements Act; requiring under certain circumstances the establishment in Clark County of a sports and entertainment improvement district for the financing of a Major League Baseball stadium project; authorizing the Clark County Stadium Authority to carry out the provisions of law governing the Major League Baseball stadium project; authorizing the pledge of certain taxes, fees and charges for the payment of bonds and other purposes relating to the financing of the Major League Baseball stadium project; requiring the State Treasurer, under certain circumstances, to provide a credit enhancement on bonds issued to finance the construction of the Major League Baseball stadium project; requiring the issuance of general obligations of Clark County for the financing of a Major League Baseball stadium project under certain circumstances; authorizing the issuance of transferable tax credits to developer partners for qualified projects relating to the Major League Baseball stadium project; eliminating certain exemptions from prevailing wage requirements relating to railroad companies or monorails; requiring certain new or expanding businesses to provide certain paid family and medical leave to employees in order to qualify for a partial abatement of certain taxes; making an appropriation; and providing other matters properly relating thereto.",0,,2023-06-16,"Chapter 1.",https://legiscan.com/NV/bill/SB1/2023/X2,https://www.leg.state.nv.us/App/NELIS/REL/35th2023Special/Bill/11735/Overview
1770610,2054,SR1,4,Passed,2023-06-15,"Adopts the Rules of the Senate for the 35th Special Session of the Nevada Legislature. (BDR R-2)","Adopting the Rules of the Senate for the 35th Special Session of the Nevada Legislature.",0,,2023-06-15,"File No. 3. (Effective June 7, 2023)",https://legiscan.com/NV/bill/SR1/2023/X2,https://www.leg.state.nv.us/App/NELIS/REL/35th2023Special/Bill/11739/Overview
1770627,2054,SR2,4,Passed,2023-06-15,"Provides that no allowances will be paid for the 35th Special Session of the Nevada Legislature for periodicals, stamps, stationery or communications. (BDR R-5)","Providing that no allowances will be paid for the 35th Special Session of the Nevada Legislature for periodicals, stamps, stationery or communications.",0,,2023-06-15,"File No. 4. (Effective June 7, 2023)",https://legiscan.com/NV/bill/SR2/2023/X2,https://www.leg.state.nv.us/App/NELIS/REL/35th2023Special/Bill/11738/Overview
