bill_id,document_id,document_type,document_size,document_mime,document_desc,url,state_link
1770599,2825394,text,126061,application/pdf,Introduced,https://legiscan.com/NV/text/AR1/id/2825394,https://www.leg.state.nv.us/Session/35th2023Special/Bills/AR/AR1.pdf
1770599,2825833,text,114082,application/pdf,Enrolled,https://legiscan.com/NV/text/AR1/id/2825833,https://www.leg.state.nv.us/Session/35th2023Special/Bills/AR/AR1_EN.pdf
1770661,2825326,text,293408,application/pdf,Introduced,https://legiscan.com/NV/text/ACR1/id/2825326,https://www.leg.state.nv.us/Session/35th2023Special/Bills/ACR/ACR1.pdf
1770661,2827427,text,276922,application/pdf,Enrolled,https://legiscan.com/NV/text/ACR1/id/2827427,https://www.leg.state.nv.us/Session/35th2023Special/Bills/ACR/ACR1_EN.pdf
1770644,2824960,text,521099,application/pdf,Introduced,https://legiscan.com/NV/text/SB1/id/2824960,https://www.leg.state.nv.us/Session/35th2023Special/Bills/SB/SB1.pdf
1770644,2827001,text,578248,application/pdf,Amended,https://legiscan.com/NV/text/SB1/id/2827001,https://www.leg.state.nv.us/Session/35th2023Special/Bills/SB/SB1_R1.pdf
1770644,2827538,text,582601,application/pdf,Amended,https://legiscan.com/NV/text/SB1/id/2827538,https://www.leg.state.nv.us/Session/35th2023Special/Bills/SB/SB1_R2.pdf
1770644,2827634,text,531618,application/pdf,Enrolled,https://legiscan.com/NV/text/SB1/id/2827634,https://www.leg.state.nv.us/Session/35th2023Special/Bills/SB/SB1_EN.pdf
1770610,2824924,text,352255,application/pdf,Introduced,https://legiscan.com/NV/text/SR1/id/2824924,https://www.leg.state.nv.us/Session/35th2023Special/Bills/SR/SR1.pdf
1770610,2825372,text,314823,application/pdf,Enrolled,https://legiscan.com/NV/text/SR1/id/2825372,https://www.leg.state.nv.us/Session/35th2023Special/Bills/SR/SR1_EN.pdf
1770627,2824942,text,126763,application/pdf,Introduced,https://legiscan.com/NV/text/SR2/id/2824942,https://www.leg.state.nv.us/Session/35th2023Special/Bills/SR/SR2.pdf
1770627,2825430,text,114396,application/pdf,Enrolled,https://legiscan.com/NV/text/SR2/id/2825430,https://www.leg.state.nv.us/Session/35th2023Special/Bills/SR/SR2_EN.pdf
1770644,186391,amendment,608609,application/pdf,"Senate Amendment 1",https://legiscan.com/NV/amendment/SB1/id/186391,https://www.leg.state.nv.us/Session/35th2023Special/Bills/Amendments/A_SB1_1.pdf
1770644,186467,amendment,326539,application/pdf,"Assemebly Amendment 2",https://legiscan.com/NV/amendment/SB1/id/186467,https://www.leg.state.nv.us/Session/35th2023Special/Bills/Amendments/A_SB1_R1_2.pdf
