bill_id,date,chamber,sequence,action
1770599,2023-06-07,Assembly,1,"Resolution read and adopted. To printer."
1770599,2023-06-08,Assembly,2,"From printer. To enrollment."
1770599,2023-06-15,Assembly,3,"Enrolled and delivered to Secretary of State."
1770599,2023-06-15,Assembly,4,"File No. 2."
1770610,2023-06-07,Senate,1,"Resolution read and adopted. To printer."
1770610,2023-06-07,Senate,2,"From printer. To enrollment."
1770610,2023-06-15,Senate,3,"Enrolled and delivered to Secretary of State."
1770610,2023-06-15,Senate,4,"File No. 3. (Effective June 7, 2023)"
1770627,2023-06-07,Senate,1,"Resolution read and adopted. To printer."
1770627,2023-06-07,Senate,2,"From printer. To enrollment."
1770627,2023-06-15,Senate,3,"Enrolled and delivered to Secretary of State."
1770627,2023-06-15,Senate,4,"File No. 4. (Effective June 7, 2023)"
1770644,2023-06-07,Senate,1,"Read first time. Referred to Committee of the Whole. To printer."
1770644,2023-06-07,Senate,2,"From printer. To committee."
1770644,2023-06-13,Senate,3,"From committee: Amend, and do pass as amended."
1770644,2023-06-13,Senate,4,"Placed on Second Reading File."
1770644,2023-06-13,Senate,5,"Read second time. Amended. (Amend. No. 1.)"
1770644,2023-06-13,Senate,6,"Reprinting dispensed with."
1770644,2023-06-13,Senate,7,"Declared an emergency measure under the Constitution."
1770644,2023-06-13,Senate,8,"Placed on General File."
1770644,2023-06-13,Senate,9,"Read third time. Passed, as amended. Title approved, as amended. (Yeas: 13, Nays: 8.)"
1770644,2023-06-13,Senate,10,"To printer."
1770644,2023-06-13,Senate,11,"From printer. To engrossment. Engrossed. First reprint. To Assembly."
1770644,2023-06-13,Assembly,12,"In Assembly."
1770644,2023-06-13,Assembly,13,"Read first time. Referred to Committee of the Whole."
1770644,2023-06-13,Assembly,14,"To committee."
1770644,2023-06-14,Assembly,15,"From committee: Without recommendation."
1770644,2023-06-14,Assembly,16,"Declared an emergency measure under the Constitution."
1770644,2023-06-14,Assembly,17,"Read third time. Amended. (Amend. No. 2.)"
1770644,2023-06-14,Assembly,18,"Dispensed with reprinting."
1770644,2023-06-14,Assembly,19,"Read third time. Passed, as amended. Title approved, as amended. (Yeas: 25, Nays: 15, Excused: 2.)"
1770644,2023-06-14,Assembly,20,"To printer."
1770644,2023-06-14,Assembly,21,"From printer. To reengrossment. Reengrossed. Second reprint."
1770644,2023-06-14,Assembly,22,"To Senate."
1770644,2023-06-14,Senate,23,"In Senate."
1770644,2023-06-14,Senate,24,"Assembly Amendment No. 2 concurred in. To enrollment."
1770644,2023-06-15,Senate,25,"Enrolled and delivered to Governor."
1770644,2023-06-15,Senate,26,"Approved by the Governor."
1770644,2023-06-16,Senate,27,"Chapter 1."
1770661,2023-06-07,Assembly,1,"Resolution read and adopted. To Senate."
1770661,2023-06-07,Senate,2,"In Senate."
1770661,2023-06-07,Senate,3,"Resolution read and adopted. To Assembly."
1770661,2023-06-13,Assembly,4,"In Assembly. To printer."
1770661,2023-06-13,Assembly,5,"From printer. To enrollment."
1770661,2023-06-15,Assembly,6,"Enrolled and delivered to Secretary of State."
1770661,2023-06-15,Assembly,7,"File No. 1."
