bill_id,document_id,document_type,document_size,document_mime,document_desc,url,state_link
887215,1432005,text,145884,application/pdf,Introduced,https://legiscan.com/NV/text/AB1/id/1432005,http://www.leg.state.nv.us/Session/30th2016Special/Bills/AB/AB1.pdf
887215,1432151,text,153013,application/pdf,Engrossed,https://legiscan.com/NV/text/AB1/id/1432151,http://www.leg.state.nv.us/Session/30th2016Special/Bills/AB/AB1_R1.pdf
887215,1432309,text,147577,application/pdf,Enrolled,https://legiscan.com/NV/text/AB1/id/1432309,http://www.leg.state.nv.us/Session/30th2016Special/Bills/AB/AB1_EN.pdf
887213,1432003,text,85659,application/pdf,Introduced,https://legiscan.com/NV/text/AR1/id/1432003,http://www.leg.state.nv.us/Session/30th2016Special/Bills/AR/AR1.pdf
887213,1432014,text,64565,application/pdf,Enrolled,https://legiscan.com/NV/text/AR1/id/1432014,http://www.leg.state.nv.us/Session/30th2016Special/Bills/AR/AR1_EN.pdf
887218,1432008,text,85257,application/pdf,Introduced,https://legiscan.com/NV/text/AR2/id/1432008,http://www.leg.state.nv.us/Session/30th2016Special/Bills/AR/AR2.pdf
887218,1432017,text,63161,application/pdf,Enrolled,https://legiscan.com/NV/text/AR2/id/1432017,http://www.leg.state.nv.us/Session/30th2016Special/Bills/AR/AR2_EN.pdf
887280,1432084,text,83251,application/pdf,Introduced,https://legiscan.com/NV/text/AR3/id/1432084,http://www.leg.state.nv.us/Session/30th2016Special/Bills/AR/AR3.pdf
887280,1432139,text,60764,application/pdf,Enrolled,https://legiscan.com/NV/text/AR3/id/1432139,http://www.leg.state.nv.us/Session/30th2016Special/Bills/AR/AR3_EN.pdf
887214,1432004,text,130917,application/pdf,Introduced,https://legiscan.com/NV/text/ACR1/id/1432004,http://www.leg.state.nv.us/Session/30th2016Special/Bills/ACR/ACR1.pdf
887214,1432015,text,116782,application/pdf,Enrolled,https://legiscan.com/NV/text/ACR1/id/1432015,http://www.leg.state.nv.us/Session/30th2016Special/Bills/ACR/ACR1_EN.pdf
887217,1432007,text,299866,application/pdf,Introduced,https://legiscan.com/NV/text/SB1/id/1432007,http://www.leg.state.nv.us/Session/30th2016Special/Bills/SB/SB1.pdf
887217,1432104,text,323702,application/pdf,Engrossed,https://legiscan.com/NV/text/SB1/id/1432104,http://www.leg.state.nv.us/Session/30th2016Special/Bills/SB/SB1_R1.pdf
887217,1432264,text,331825,application/pdf,Engrossed,https://legiscan.com/NV/text/SB1/id/1432264,http://www.leg.state.nv.us/Session/30th2016Special/Bills/SB/SB1_R2.pdf
887217,1432312,text,299372,application/pdf,Enrolled,https://legiscan.com/NV/text/SB1/id/1432312,http://www.leg.state.nv.us/Session/30th2016Special/Bills/SB/SB1_EN.pdf
887220,1432010,text,151206,application/pdf,Introduced,https://legiscan.com/NV/text/SR1/id/1432010,http://www.leg.state.nv.us/Session/30th2016Special/Bills/SR/SR1.pdf
887220,1432018,text,133314,application/pdf,Enrolled,https://legiscan.com/NV/text/SR1/id/1432018,http://www.leg.state.nv.us/Session/30th2016Special/Bills/SR/SR1_EN.pdf
887219,1432009,text,84414,application/pdf,Introduced,https://legiscan.com/NV/text/SR2/id/1432009,http://www.leg.state.nv.us/Session/30th2016Special/Bills/SR/SR2.pdf
887219,1432019,text,62363,application/pdf,Enrolled,https://legiscan.com/NV/text/SR2/id/1432019,http://www.leg.state.nv.us/Session/30th2016Special/Bills/SR/SR2_EN.pdf
887216,1432006,text,86593,application/pdf,Introduced,https://legiscan.com/NV/text/SR3/id/1432006,http://www.leg.state.nv.us/Session/30th2016Special/Bills/SR/SR3.pdf
887216,1432016,text,64892,application/pdf,Enrolled,https://legiscan.com/NV/text/SR3/id/1432016,http://www.leg.state.nv.us/Session/30th2016Special/Bills/SR/SR3_EN.pdf
887274,1432079,text,120375,application/pdf,Introduced,https://legiscan.com/NV/text/SR4/id/1432079,http://www.leg.state.nv.us/Session/30th2016Special/Bills/SR/SR4.pdf
887274,1432080,text,100626,application/pdf,Enrolled,https://legiscan.com/NV/text/SR4/id/1432080,http://www.leg.state.nv.us/Session/30th2016Special/Bills/SR/SR4_EN.pdf
