bill_id,session_id,bill_number,status,status_desc,status_date,title,description,committee_id,committee,last_action_date,last_action,url,state_link
1372854,1755,AB1,1,Introduced,2020-07-09,"Revises provisions relating to public employment. (BDR 23-11)","AN ACT relating to programs for public personnel; temporarily increasing the limitation on the amount of annual leave that certain state employees are authorized to carry forward to the next calendar year; providing for a 1-month suspension during Fiscal Year 2020-2021 of the payment of subsidies by the State to the Public Employees&#39; Benefits Program for group insurance for certain active and retired public officers and employees; requiring state employees to take a certain number of hours of unpaid furlough leave during Fiscal Year 2020-2021; providing exceptions to the furlough requirement; providing that employees who take certain furlough leave are held harmless in the accumulation of service credit and reported salary for retirement under the Public Employees&#39; Retirement System; prohibiting the granting of any merit pay increases to state employees during Fiscal Year 2020-2021; and providing other matters properly relating thereto.",0,,2020-07-20,"No further action taken.",https://legiscan.com/NV/bill/AB1/2020/X1,https://www.leg.state.nv.us/App/NELIS/REL/31st2020Special/Bill/7125/Overview
1372844,1755,AB2,1,Introduced,2020-07-09,"Temporarily removes a requirement for year-end balances of certain local school precincts to be carried forward as restricted fund balances. (BDR S-17)","AN ACT relating to large school districts; temporarily removing a requirement for the year-end balances of local school precincts in a large school district to be carried forward as a restricted fund balance; and providing other matters properly relating thereto.",0,,2020-07-20,"No further action taken.",https://legiscan.com/NV/bill/AB2/2020/X1,https://www.leg.state.nv.us/App/NELIS/REL/31st2020Special/Bill/7126/Overview
1372900,1755,AB3,4,Passed,2020-07-20,"Makes various changes relating to state financial administration. (BDR S-8)","AN ACT relating to state financial administration; reducing certain appropriations and other money budgeted for Fiscal Year 2020-2021; authorizing certain sums appropriated to the Department of Health and Human Services to be transferred among the various budget accounts of the Department under certain circumstances; requiring the transfer of certain money to the State General Fund; revising various provisions relating to the authority for such transfers; authorizing certain expenditures; temporarily suspending the transfer from the State General Fund to the Account to Stabilize the Operation of the State Government for Fiscal Year 2020-2021; temporarily increasing the limitation on the amount of annual leave that certain state employees are authorized to carry forward to the next calendar year; providing for a 1-month suspension during Fiscal Year 2020-2021 of the payment of subsidies by the State to the Public Employees&#39; Benefits Program for group insurance for certain active and retired public officers and employees; requiring state employees to take a certain number of hours of unpaid furlough leave during a certain period of Fiscal Year 2020-2021; providing exceptions and requirements relating to the furlough leave; and providing other matters properly relating thereto.",0,,2020-07-20,"Chapter 5.",https://legiscan.com/NV/bill/AB3/2020/X1,https://www.leg.state.nv.us/App/NELIS/REL/31st2020Special/Bill/7127/Overview
1373848,1755,AB4,2,Engrossed,2020-07-16,"Revises provisions relating to the tax on the net proceeds of minerals extracted and the use thereof. (BDR 32-25)","AN ACT relating to governmental financial administration; revising the formula for determining the measure of the tax on the net proceeds of minerals; creating the Supplemental Support for Classroom Instruction Account; requiring the transfer of a portion of the tax on the net proceeds of minerals to the Account; providing for the use of money in the Account; making an appropriation; and providing other matters properly relating thereto.",0,,2020-07-20,"No further action taken.",https://legiscan.com/NV/bill/AB4/2020/X1,https://www.leg.state.nv.us/App/NELIS/REL/31st2020Special/Bill/7130/Overview
1372820,1755,AR1,4,Passed,2020-07-10,"Amends the Standing Rules of the Assembly of the 80th Session of the Nevada Legislature. (BDR R-7)","Amending the Standing Rules of the Assembly of the 80th Session of the Nevada Legislature.",0,,2020-07-10,"File No. 5.",https://legiscan.com/NV/bill/AR1/2020/X1,https://www.leg.state.nv.us/App/NELIS/REL/31st2020Special/Bill/7114/Overview
1372815,1755,AR2,4,Passed,2020-07-10,"Adopts Special Rules of the Assembly for the 31st Special Session of the Nevada Legislature concerning the use of remote-technology systems by members of the Assembly. (BDR R-16)","Adopting Special Rules of the Assembly for the 31st Special Session of the Nevada Legislature concerning the use of remote-technology systems by members of the Assembly.",0,,2020-07-10,"File No. 6.",https://legiscan.com/NV/bill/AR2/2020/X1,https://www.leg.state.nv.us/App/NELIS/REL/31st2020Special/Bill/7115/Overview
1372821,1755,AR3,4,Passed,2020-07-10,"Provides for the appointment of the Assembly attaches. (BDR R-4)","Providing for the appointment of the Assembly attaches.",0,,2020-07-10,"File No. 7.",https://legiscan.com/NV/bill/AR3/2020/X1,https://www.leg.state.nv.us/App/NELIS/REL/31st2020Special/Bill/7116/Overview
1372813,1755,AR4,4,Passed,2020-07-10,"Provides that no allowances will be paid for the 31st Special Session of the Nevada Legislature for periodicals, stamps, stationery or communications. (BDR R-6)","Providing that no allowances will be paid for the 31st Special Session of the Nevada Legislature for periodicals, stamps, stationery or communications.",0,,2020-07-10,"File No. 8.",https://legiscan.com/NV/bill/AR4/2020/X1,https://www.leg.state.nv.us/App/NELIS/REL/31st2020Special/Bill/7117/Overview
1373850,1755,AR5,4,Passed,2020-07-20,"Expresses appreciation to the Assembly staff for their service during the 31st Special Session of the Nevada Legislature. (BDR R-21)","Expressing appreciation to the Assembly staff for their service during the 31st Special Session of the Nevada Legislature.",0,,2020-07-20,"File No. 14.",https://legiscan.com/NV/bill/AR5/2020/X1,https://www.leg.state.nv.us/App/NELIS/REL/31st2020Special/Bill/7135/Overview
1372814,1755,ACR1,4,Passed,2020-07-10,"Adopts the Joint Rules of the Senate and Assembly for the 31st Special Session of the Nevada Legislature. (BDR R-1)","Adopting the Joint Rules of the Senate and Assembly for the 31st Special Session of the Nevada Legislature.",0,,2020-07-10,"File No. 9.",https://legiscan.com/NV/bill/ACR1/2020/X1,https://www.leg.state.nv.us/App/NELIS/REL/31st2020Special/Bill/7118/Overview
1373851,1755,ACR2,4,Passed,2020-07-20,"Expresses appreciation to the staff of the Legislative Counsel Bureau for their service during the 31st Special Session of the Nevada Legislature. (BDR R-20)","Expressing appreciation to the staff of the Legislative Counsel Bureau for their service during the 31st Special Session of the Nevada Legislature.",0,,2020-07-20,"File No. 13.",https://legiscan.com/NV/bill/ACR2/2020/X1,https://www.leg.state.nv.us/App/NELIS/REL/31st2020Special/Bill/7134/Overview
1373313,1755,AJR1,4,Passed,2020-07-17,"Urges the President and Congress of the United States to provide flexible funding for state, local and tribal governments to account for anticipated public budget shortfalls as a result of the COVID-19 pandemic. (BDR R-18)","Urging the President and Congress of the United States to provide flexible funding for state, local and tribal governments to account for anticipated public budget shortfalls as a result of the COVID-19 pandemic.",0,,2020-07-17,"File No. 10.",https://legiscan.com/NV/bill/AJR1/2020/X1,https://www.leg.state.nv.us/App/NELIS/REL/31st2020Special/Bill/7129/Overview
1372819,1755,SB1,4,Passed,2020-07-17,"Revises provisions relating to capital improvement projects. (BDR S-9)","AN ACT relating to projects of capital improvement; revising the funding for certain projects; and providing other matters properly relating thereto.",0,,2020-07-17,"Approved by the Governor. Chapter 3.",https://legiscan.com/NV/bill/SB1/2020/X1,https://www.leg.state.nv.us/App/NELIS/REL/31st2020Special/Bill/7120/Overview
1372823,1755,SB2,4,Passed,2020-07-17,"Temporarily authorizes certain changes to eligibility requirements for the Governor Guinn Millennium Scholarship. (BDR 34-13)","AN ACT relating to education; temporarily authorizing the Board of Regents of the University of Nevada to waive or modify certain requirements for eligibility to receive a Governor Guinn Millennium Scholarship in response to a state of emergency or declaration of disaster; and providing other matters properly relating thereto.",0,,2020-07-17,"Approved by the Governor. Chapter 2.",https://legiscan.com/NV/bill/SB2/2020/X1,https://www.leg.state.nv.us/App/NELIS/REL/31st2020Special/Bill/7121/Overview
1372862,1755,SB3,4,Passed,2020-07-20,"Revises provisions governing governmental financial administration. (BDR 32-10)","AN ACT relating to governmental financial administration; temporarily accelerating the collection of a portion of the tax upon the net proceeds of minerals; temporarily requiring persons who extract minerals to pay a portion of the tax on the net proceeds of the estimated royalties that will be paid for certain years; temporarily altering the allocation of a portion of the proceeds of the basic governmental services tax; requiring the Department of Taxation to allow for the payment of delinquent taxes, fees or assessments without a penalty for a limited period in certain circumstances; and providing other matters properly relating thereto.",0,,2020-07-20,"Approved by the Governor. Chapter 4.",https://legiscan.com/NV/bill/SB3/2020/X1,https://www.leg.state.nv.us/App/NELIS/REL/31st2020Special/Bill/7122/Overview
1372901,1755,SB4,4,Passed,2020-07-17,"Temporarily revises provisions governing public borrowing. (BDR 30-19)","AN ACT relating to state securities; authorizing the State Board of Finance to issue interim debentures for a temporary period to fund the general operations of the State under certain circumstances; temporarily revising provisions governing payments made from the Consolidated Bond Interest and Redemption Fund; temporarily revising provisions governing the fixing of interest rates for certain state securities; temporarily revising provisions governing the issuance of interim debentures; and providing other matters properly relating thereto.",0,,2020-07-17,"Approved by the Governor. Chapter 1.",https://legiscan.com/NV/bill/SB4/2020/X1,https://www.leg.state.nv.us/App/NELIS/REL/31st2020Special/Bill/7128/Overview
1372818,1755,SR1,4,Passed,2020-07-10,"Adopts the Rules of the Senate for the 31st Special Session of the Nevada Legislature. (BDR R-2)","Adopting the Rules of the Senate for the 31st Special Session of the Nevada Legislature.",0,,2020-07-10,"File No. 1.",https://legiscan.com/NV/bill/SR1/2020/X1,https://www.leg.state.nv.us/App/NELIS/REL/31st2020Special/Bill/7109/Overview
1372817,1755,SR2,4,Passed,2020-07-10,"Provides that no allowances will be paid for the 31st Special Session of the Nevada Legislature for periodicals, stamps, stationery or communications. (BDR R-5)","Providing that no allowances will be paid for the 31st Special Session of the Nevada Legislature for periodicals, stamps, stationery or communications.",0,,2020-07-10,"File No. 2.",https://legiscan.com/NV/bill/SR2/2020/X1,https://www.leg.state.nv.us/App/NELIS/REL/31st2020Special/Bill/7110/Overview
1372816,1755,SR3,4,Passed,2020-07-10,"Recognizes the appointment of the Senate staff. (BDR R-3)","Recognizing the appointment of the Senate staff.",0,,2020-07-10,"File No. 3.",https://legiscan.com/NV/bill/SR3/2020/X1,https://www.leg.state.nv.us/App/NELIS/REL/31st2020Special/Bill/7111/Overview
1372822,1755,SR4,4,Passed,2020-07-10,"Adopts Special Rules of the Senate for the 31st Special Session of the Nevada Legislature concerning the use of remote-technology systems by members of the Senate. (BDR R-15)","Adopting Special Rules of the Senate for the 31st Special Session of the Nevada Legislature concerning the use of remote-technology systems by members of the Senate.",0,,2020-07-10,"File No. 4.",https://legiscan.com/NV/bill/SR4/2020/X1,https://www.leg.state.nv.us/App/NELIS/REL/31st2020Special/Bill/7112/Overview
1373849,1755,SR5,4,Passed,2020-07-20,"Expresses appreciation to the Senate staff for their service during the 31st Special Session of the Nevada Legislature. (BDR R-23)","Expressing appreciation to the Senate staff for their service during the 31st Special Session of the Nevada Legislature.",0,,2020-07-20,"File No. 12.",https://legiscan.com/NV/bill/SR5/2020/X1,https://www.leg.state.nv.us/App/NELIS/REL/31st2020Special/Bill/7133/Overview
1373847,1755,SCR1,4,Passed,2020-07-20,"Expresses appreciation to persons and organizations who offered their services and assistance during the 31st Special Session of the Nevada Legislature. (BDR R-22)","Expressing appreciation to persons and organizations who offered their services and assistance during the 31st Special Session of the Nevada Legislature.",0,,2020-07-20,"File No. 11.",https://legiscan.com/NV/bill/SCR1/2020/X1,https://www.leg.state.nv.us/App/NELIS/REL/31st2020Special/Bill/7132/Overview
