bill_id,document_id,document_type,document_size,document_mime,document_desc,url,state_link
1372854,2200079,text,274760,application/pdf,Introduced,https://legiscan.com/NV/text/AB1/id/2200079,https://www.leg.state.nv.us/Session/31st2020Special/Bills/AB/AB1.pdf
1372844,2200066,text,217386,application/pdf,Introduced,https://legiscan.com/NV/text/AB2/id/2200066,https://www.leg.state.nv.us/Session/31st2020Special/Bills/AB/AB2.pdf
1372900,2200121,text,669034,application/pdf,Introduced,https://legiscan.com/NV/text/AB3/id/2200121,https://www.leg.state.nv.us/Session/31st2020Special/Bills/AB/AB3.pdf
1372900,2201311,text,721921,application/pdf,Amended,https://legiscan.com/NV/text/AB3/id/2201311,https://www.leg.state.nv.us/Session/31st2020Special/Bills/AB/AB3_R1.pdf
1372900,2201312,text,795733,application/pdf,Amended,https://legiscan.com/NV/text/AB3/id/2201312,https://www.leg.state.nv.us/Session/31st2020Special/Bills/AB/AB3_R2.pdf
1372900,2201418,text,731826,application/pdf,Enrolled,https://legiscan.com/NV/text/AB3/id/2201418,https://www.leg.state.nv.us/Session/31st2020Special/Bills/AB/AB3_EN.pdf
1373848,2201526,text,245708,application/pdf,Introduced,https://legiscan.com/NV/text/AB4/id/2201526,https://www.leg.state.nv.us/Session/31st2020Special/Bills/AB/AB4.pdf
1373848,2201527,text,248401,application/pdf,Amended,https://legiscan.com/NV/text/AB4/id/2201527,https://www.leg.state.nv.us/Session/31st2020Special/Bills/AB/AB4_R1.pdf
1373848,2201528,text,276264,application/pdf,Amended,https://legiscan.com/NV/text/AB4/id/2201528,https://www.leg.state.nv.us/Session/31st2020Special/Bills/AB/AB4_R2.pdf
1372820,2199858,text,414398,application/pdf,Introduced,https://legiscan.com/NV/text/AR1/id/2199858,https://www.leg.state.nv.us/Session/31st2020Special/Bills/AR/AR1.pdf
1372820,2199988,text,360624,application/pdf,Enrolled,https://legiscan.com/NV/text/AR1/id/2199988,https://www.leg.state.nv.us/Session/31st2020Special/Bills/AR/AR1_EN.pdf
1372815,2199842,text,259762,application/pdf,Introduced,https://legiscan.com/NV/text/AR2/id/2199842,https://www.leg.state.nv.us/Session/31st2020Special/Bills/AR/AR2.pdf
1372815,2199996,text,243991,application/pdf,Enrolled,https://legiscan.com/NV/text/AR2/id/2199996,https://www.leg.state.nv.us/Session/31st2020Special/Bills/AR/AR2_EN.pdf
1372821,2199853,text,128394,application/pdf,Introduced,https://legiscan.com/NV/text/AR3/id/2199853,https://www.leg.state.nv.us/Session/31st2020Special/Bills/AR/AR3.pdf
1372821,2200004,text,117253,application/pdf,Enrolled,https://legiscan.com/NV/text/AR3/id/2200004,https://www.leg.state.nv.us/Session/31st2020Special/Bills/AR/AR3_EN.pdf
1372813,2199757,text,128013,application/pdf,Introduced,https://legiscan.com/NV/text/AR4/id/2199757,https://www.leg.state.nv.us/Session/31st2020Special/Bills/AR/AR4.pdf
1372813,2199994,text,116644,application/pdf,Enrolled,https://legiscan.com/NV/text/AR4/id/2199994,https://www.leg.state.nv.us/Session/31st2020Special/Bills/AR/AR4_EN.pdf
1373850,2201531,text,133980,application/pdf,Introduced,https://legiscan.com/NV/text/AR5/id/2201531,https://www.leg.state.nv.us/Session/31st2020Special/Bills/AR/AR5.pdf
1373850,2201532,text,122462,application/pdf,Enrolled,https://legiscan.com/NV/text/AR5/id/2201532,https://www.leg.state.nv.us/Session/31st2020Special/Bills/AR/AR5_EN.pdf
1372814,2199758,text,278438,application/pdf,Introduced,https://legiscan.com/NV/text/ACR1/id/2199758,https://www.leg.state.nv.us/Session/31st2020Special/Bills/ACR/ACR1.pdf
1372814,2199942,text,265481,application/pdf,Enrolled,https://legiscan.com/NV/text/ACR1/id/2199942,https://www.leg.state.nv.us/Session/31st2020Special/Bills/ACR/ACR1_EN.pdf
1373851,2201533,text,134414,application/pdf,Introduced,https://legiscan.com/NV/text/ACR2/id/2201533,https://www.leg.state.nv.us/Session/31st2020Special/Bills/ACR/ACR2.pdf
1373851,2201534,text,122579,application/pdf,Enrolled,https://legiscan.com/NV/text/ACR2/id/2201534,https://www.leg.state.nv.us/Session/31st2020Special/Bills/ACR/ACR2_EN.pdf
1373313,2200818,text,134673,application/pdf,Introduced,https://legiscan.com/NV/text/AJR1/id/2200818,https://www.leg.state.nv.us/Session/31st2020Special/Bills/AJR/AJR1.pdf
1373313,2200998,text,124943,application/pdf,Enrolled,https://legiscan.com/NV/text/AJR1/id/2200998,https://www.leg.state.nv.us/Session/31st2020Special/Bills/AJR/AJR1_EN.pdf
1372819,2199851,text,392209,application/pdf,Introduced,https://legiscan.com/NV/text/SB1/id/2199851,https://www.leg.state.nv.us/Session/31st2020Special/Bills/SB/SB1.pdf
1372819,2200826,text,364339,application/pdf,Enrolled,https://legiscan.com/NV/text/SB1/id/2200826,https://www.leg.state.nv.us/Session/31st2020Special/Bills/SB/SB1_EN.pdf
1372823,2199857,text,262492,application/pdf,Introduced,https://legiscan.com/NV/text/SB2/id/2199857,https://www.leg.state.nv.us/Session/31st2020Special/Bills/SB/SB2.pdf
1372823,2200503,text,272158,application/pdf,Amended,https://legiscan.com/NV/text/SB2/id/2200503,https://www.leg.state.nv.us/Session/31st2020Special/Bills/SB/SB2_R1.pdf
1372823,2200827,text,249769,application/pdf,Enrolled,https://legiscan.com/NV/text/SB2/id/2200827,https://www.leg.state.nv.us/Session/31st2020Special/Bills/SB/SB2_EN.pdf
1372862,2199927,text,276820,application/pdf,Introduced,https://legiscan.com/NV/text/SB3/id/2199927,https://www.leg.state.nv.us/Session/31st2020Special/Bills/SB/SB3.pdf
1372862,2201098,text,270585,application/pdf,Amended,https://legiscan.com/NV/text/SB3/id/2201098,https://www.leg.state.nv.us/Session/31st2020Special/Bills/SB/SB3_R1.pdf
1372862,2201241,text,247861,application/pdf,Enrolled,https://legiscan.com/NV/text/SB3/id/2201241,https://www.leg.state.nv.us/Session/31st2020Special/Bills/SB/SB3_EN.pdf
1372901,2200008,text,347002,application/pdf,Introduced,https://legiscan.com/NV/text/SB4/id/2200008,https://www.leg.state.nv.us/Session/31st2020Special/Bills/SB/SB4.pdf
1372901,2200831,text,358947,application/pdf,Amended,https://legiscan.com/NV/text/SB4/id/2200831,https://www.leg.state.nv.us/Session/31st2020Special/Bills/SB/SB4_R1.pdf
1372901,2200890,text,339775,application/pdf,Enrolled,https://legiscan.com/NV/text/SB4/id/2200890,https://www.leg.state.nv.us/Session/31st2020Special/Bills/SB/SB4_EN.pdf
1372818,2199848,text,318329,application/pdf,Introduced,https://legiscan.com/NV/text/SR1/id/2199848,https://www.leg.state.nv.us/Session/31st2020Special/Bills/SR/SR1.pdf
1372818,2200003,text,299298,application/pdf,Enrolled,https://legiscan.com/NV/text/SR1/id/2200003,https://www.leg.state.nv.us/Session/31st2020Special/Bills/SR/SR1_EN.pdf
1372817,2199843,text,128016,application/pdf,Introduced,https://legiscan.com/NV/text/SR2/id/2199843,https://www.leg.state.nv.us/Session/31st2020Special/Bills/SR/SR2.pdf
1372817,2200001,text,115610,application/pdf,Enrolled,https://legiscan.com/NV/text/SR2/id/2200001,https://www.leg.state.nv.us/Session/31st2020Special/Bills/SR/SR2_EN.pdf
1372816,2199759,text,128631,application/pdf,Introduced,https://legiscan.com/NV/text/SR3/id/2199759,https://www.leg.state.nv.us/Session/31st2020Special/Bills/SR/SR3.pdf
1372816,2199945,text,115336,application/pdf,Enrolled,https://legiscan.com/NV/text/SR3/id/2199945,https://www.leg.state.nv.us/Session/31st2020Special/Bills/SR/SR3_EN.pdf
1372822,2199854,text,259732,application/pdf,Introduced,https://legiscan.com/NV/text/SR4/id/2199854,https://www.leg.state.nv.us/Session/31st2020Special/Bills/SR/SR4.pdf
1372822,2200006,text,243982,application/pdf,Enrolled,https://legiscan.com/NV/text/SR4/id/2200006,https://www.leg.state.nv.us/Session/31st2020Special/Bills/SR/SR4_EN.pdf
1373849,2201529,text,133219,application/pdf,Introduced,https://legiscan.com/NV/text/SR5/id/2201529,https://www.leg.state.nv.us/Session/31st2020Special/Bills/SR/SR5.pdf
1373849,2201530,text,121647,application/pdf,Enrolled,https://legiscan.com/NV/text/SR5/id/2201530,https://www.leg.state.nv.us/Session/31st2020Special/Bills/SR/SR5_EN.pdf
1373847,2201524,text,142406,application/pdf,Introduced,https://legiscan.com/NV/text/SCR1/id/2201524,https://www.leg.state.nv.us/Session/31st2020Special/Bills/SCR/SCR1.pdf
1373847,2201525,text,131222,application/pdf,Enrolled,https://legiscan.com/NV/text/SCR1/id/2201525,https://www.leg.state.nv.us/Session/31st2020Special/Bills/SCR/SCR1_EN.pdf
