bill_id,date,chamber,sequence,action
1372813,2020-07-08,Assembly,1,"Resolution read and adopted. To printer."
1372813,2020-07-09,Assembly,2,"From printer. To enrollment."
1372813,2020-07-10,Assembly,3,"Enrolled and delivered to Secretary of State."
1372813,2020-07-10,Assembly,4,"File No. 8."
1372814,2020-07-08,Assembly,1,"Resolution read and adopted. To Senate."
1372814,2020-07-08,Senate,2,"In Senate."
1372814,2020-07-08,Senate,3,"Resolution read and adopted. To Assembly."
1372814,2020-07-08,Assembly,4,"In Assembly. To printer."
1372814,2020-07-09,Assembly,5,"From printer. To enrollment."
1372814,2020-07-10,Assembly,6,"Enrolled and delivered to Secretary of State."
1372814,2020-07-10,Assembly,7,"File No. 9."
1372815,2020-07-08,Assembly,1,"Resolution read and adopted. To printer."
1372815,2020-07-09,Assembly,2,"From printer. To enrollment."
1372815,2020-07-10,Assembly,3,"Enrolled and delivered to Secretary of State."
1372815,2020-07-10,Assembly,4,"File No. 6."
1372816,2020-07-08,Senate,1,"Resolution read and adopted. To printer."
1372816,2020-07-09,Senate,2,"From printer. To enrollment."
1372816,2020-07-10,Senate,3,"Enrolled and delivered to Secretary of State."
1372816,2020-07-10,Senate,4,"File No. 3."
1372817,2020-07-08,Senate,1,"Resolution read and adopted. To printer."
1372817,2020-07-09,Senate,2,"From printer. To enrollment."
1372817,2020-07-10,Senate,3,"Enrolled and delivered to Secretary of State."
1372817,2020-07-10,Senate,4,"File No. 2."
1372818,2020-07-08,Senate,1,"Resolution read and adopted. To printer."
1372818,2020-07-09,Senate,2,"From printer. To enrollment."
1372818,2020-07-10,Senate,3,"Enrolled and delivered to Secretary of State."
1372818,2020-07-10,Senate,4,"File No. 1."
1372819,2020-07-08,Senate,1,"Read first time. Referred to Committee of the Whole. To printer."
1372819,2020-07-09,Senate,2,"From printer. To committee."
1372819,2020-07-13,Senate,3,"From committee: Do pass."
1372819,2020-07-13,Senate,4,"Declared an emergency measure under the Constitution."
1372819,2020-07-13,Senate,5,"Read third time. Passed. Title approved. (Yeas: 21, Nays: None.) To Assembly."
1372819,2020-07-13,Assembly,6,"In Assembly."
1372819,2020-07-13,Assembly,7,"Read first time. Referred to Committee of the Whole. To committee."
1372819,2020-07-13,Assembly,8,"From committee: Do pass."
1372819,2020-07-13,Assembly,9,"Declared an emergency measure under the Constitution."
1372819,2020-07-13,Assembly,10,"Read third time. Passed. Title approved. (Yeas: 42, Nays: None.) To Senate."
1372819,2020-07-14,Senate,11,"In Senate. To enrollment."
1372819,2020-07-15,Senate,12,"Enrolled and delivered to Governor."
1372819,2020-07-17,Senate,13,"Approved by the Governor. Chapter 3."
1372820,2020-07-08,Assembly,1,"Resolution read and adopted. To printer."
1372820,2020-07-09,Assembly,2,"From printer. To enrollment."
1372820,2020-07-10,Assembly,3,"Enrolled and delivered to Secretary of State."
1372820,2020-07-10,Assembly,4,"File No. 5."
1372821,2020-07-08,Assembly,1,"Resolution read and adopted. To printer."
1372821,2020-07-09,Assembly,2,"From printer. To enrollment."
1372821,2020-07-10,Assembly,3,"Enrolled and delivered to Secretary of State."
1372821,2020-07-10,Assembly,4,"File No. 7."
1372822,2020-07-08,Senate,1,"Resolution read and adopted. To printer."
1372822,2020-07-09,Senate,2,"From printer. To enrollment."
1372822,2020-07-10,Senate,3,"Enrolled and delivered to Secretary of State."
1372822,2020-07-10,Senate,4,"File No. 4."
1372823,2020-07-08,Senate,1,"Read first time. Referred to Committee of the Whole. To printer."
1372823,2020-07-09,Senate,2,"From printer. To committee."
1372823,2020-07-13,Senate,3,"From committee: Amend, and do pass as amended."
1372823,2020-07-13,Senate,4,"Declared an emergency measure under the Constitution."
1372823,2020-07-13,Senate,5,"Read third time. Amended. (Amend. No. 2.)"
1372823,2020-07-13,Senate,6,"Reprinting dispensed with."
1372823,2020-07-13,Senate,7,"Read third time. Passed, as amended. Title approved, as amended. (Yeas: 21, Nays: None.)"
1372823,2020-07-13,Senate,8,"To printer."
1372823,2020-07-13,Senate,9,"From printer. To engrossment. Engrossed. First reprint. To Assembly."
1372823,2020-07-13,Assembly,10,"In Assembly."
1372823,2020-07-13,Assembly,11,"Read first time. Referred to Committee of the Whole. To committee."
1372823,2020-07-13,Assembly,12,"From committee: Do pass."
1372823,2020-07-13,Assembly,13,"Declared an emergency measure under the Constitution."
1372823,2020-07-13,Assembly,14,"Read third time. Passed. Title approved. (Yeas: 42, Nays: None.) To Senate."
1372823,2020-07-14,Senate,15,"In Senate. To enrollment."
1372823,2020-07-15,Senate,16,"Enrolled and delivered to Governor."
1372823,2020-07-17,Senate,17,"Approved by the Governor. Chapter 2."
1372844,2020-07-09,Assembly,1,"Read first time. Referred to Committee of the Whole. To printer."
1372844,2020-07-10,Assembly,2,"From printer. To committee."
1372844,2020-07-13,Assembly,3,"From committee: Considered."
1372844,2020-07-13,Assembly,4,"Declared an emergency measure under the Constitution."
1372844,2020-07-13,Assembly,5,"Taken from General File."
1372844,2020-07-13,Assembly,6,"Placed on Chief Clerk's desk."
1372844,2020-07-20,Assembly,7,"No further action taken."
1372854,2020-07-09,Assembly,1,"Read first time. Referred to Committee of the Whole. To printer."
1372854,2020-07-10,Assembly,2,"From printer. To committee."
1372854,2020-07-13,Assembly,3,"From committee: Considered."
1372854,2020-07-13,Assembly,4,"Declared an emergency measure under the Constitution."
1372854,2020-07-13,Assembly,5,"Taken from General File. Placed on General File for next legislative day."
1372854,2020-07-14,Assembly,6,"Taken from General File. Placed on General File for next legislative day."
1372854,2020-07-15,Assembly,7,"Taken from General File. Placed on General File for next legislative day."
1372854,2020-07-16,Assembly,8,"Taken from General File. Placed on General File for next legislative day."
1372854,2020-07-18,Assembly,9,"Taken from General File."
1372854,2020-07-18,Assembly,10,"Placed on Chief Clerk's desk."
1372854,2020-07-20,Assembly,11,"No further action taken."
1372862,2020-07-09,Senate,1,"Read first time. Referred to Committee of the Whole. To printer."
1372862,2020-07-10,Senate,2,"From printer. To committee."
1372862,2020-07-15,Senate,3,"From committee: Amend, and do pass as amended."
1372862,2020-07-15,Senate,4,"Declared an emergency measure under the Constitution."
1372862,2020-07-15,Senate,5,"Read third time. Amended. (Amend. No. 1.)"
1372862,2020-07-15,Senate,6,"Reprinting dispensed with."
1372862,2020-07-15,Senate,7,"Read third time. Passed, as amended. Title approved, as amended. (Yeas: 19, Nays: 2.)"
1372862,2020-07-15,Senate,8,"To printer."
1372862,2020-07-15,Senate,9,"From printer. To engrossment. Engrossed. First reprint. To Assembly."
1372862,2020-07-15,Assembly,10,"In Assembly."
1372862,2020-07-15,Assembly,11,"Read first time. Referred to Committee of the Whole. To committee."
1372862,2020-07-15,Assembly,12,"From committee: Do pass."
1372862,2020-07-15,Assembly,13,"Declared an emergency measure under the Constitution."
1372862,2020-07-15,Assembly,14,"Read third time. Passed. Title approved. (Yeas: 32, Nays: 10.) To Senate."
1372862,2020-07-16,Senate,15,"In Senate. To enrollment."
1372862,2020-07-19,Senate,16,"Enrolled and delivered to Governor."
1372862,2020-07-20,Senate,17,"Approved by the Governor. Chapter 4."
1372900,2020-07-09,Assembly,1,"Read first time. Referred to Committee of the Whole. To printer."
1372900,2020-07-10,Assembly,2,"From printer. To committee."
1372900,2020-07-15,Assembly,3,"From committee: Considered."
1372900,2020-07-15,Assembly,4,"Declared an emergency measure under the Constitution."
1372900,2020-07-15,Assembly,5,"Taken from General File. Placed on General File for next legislative day."
1372900,2020-07-16,Assembly,6,"Taken from General File. Placed on General File for next legislative day."
1372900,2020-07-18,Assembly,7,"Read third time. Amended. (Amend. No. 4.)"
1372900,2020-07-18,Assembly,8,"Dispensed with reprinting."
1372900,2020-07-18,Assembly,9,"Taken from General File."
1372900,2020-07-18,Assembly,10,"Rereferred to Committee of the Whole. To committee."
1372900,2020-07-18,Assembly,11,"From committee: Considered."
1372900,2020-07-18,Assembly,12,"Read third time. Passed, as amended. Title approved, as amended. (Yeas: 29, Nays: 13.) To printer."
1372900,2020-07-18,Assembly,13,"From printer. To engrossment. Engrossed. First reprint."
1372900,2020-07-19,Assembly,14,"Action of passage rescinded."
1372900,2020-07-19,Assembly,15,"Read third time. Amended. (Amend. No. 7.) Dispensed with reprinting."
1372900,2020-07-19,Assembly,16,"Read third time. Passed, as amended. Title approved. (Yeas: 36, Nays: 6.)"
1372900,2020-07-19,Assembly,17,"To printer."
1372900,2020-07-19,Assembly,18,"From printer. To reengrossment. Reengrossed. Second reprint."
1372900,2020-07-19,Assembly,19,"To Senate."
1372900,2020-07-19,Senate,20,"In Senate."
1372900,2020-07-19,Senate,21,"Read first time. Referred to Committee of the Whole."
1372900,2020-07-19,Senate,22,"To committee."
1372900,2020-07-19,Senate,23,"From committee: Do pass."
1372900,2020-07-19,Senate,24,"Declared an emergency measure under the Constitution."
1372900,2020-07-19,Senate,25,"Read third time. Passed. Title approved. (Yeas: 21, Nays: None.)"
1372900,2020-07-19,Senate,26,"To Assembly."
1372900,2020-07-19,Assembly,27,"In Assembly. To enrollment."
1372900,2020-07-20,Assembly,28,"Enrolled and delivered to Governor."
1372900,2020-07-20,Assembly,29,"Chapter 5."
1372901,2020-07-09,Senate,1,"Read first time. Referred to Committee of the Whole. To printer."
1372901,2020-07-10,Senate,2,"From printer. To committee."
1372901,2020-07-14,Senate,3,"From committee: Amend, and do pass as amended."
1372901,2020-07-14,Senate,4,"Declared an emergency measure under the Constitution."
1372901,2020-07-14,Senate,5,"Read third time. Amended. (Amend. No. 3.)"
1372901,2020-07-14,Senate,6,"Reprinting dispensed with."
1372901,2020-07-14,Senate,7,"Read third time. Passed, as amended. Title approved, as amended. (Yeas: 21, Nays: None.)"
1372901,2020-07-14,Senate,8,"To printer."
1372901,2020-07-14,Senate,9,"From printer. To engrossment. Engrossed. First reprint. To Assembly."
1372901,2020-07-14,Assembly,10,"In Assembly."
1372901,2020-07-14,Assembly,11,"Read first time. Referred to Committee of the Whole. To committee."
1372901,2020-07-14,Assembly,12,"From committee: Do pass."
1372901,2020-07-14,Assembly,13,"Declared an emergency measure under the Constitution."
1372901,2020-07-14,Assembly,14,"Read third time. Passed. Title approved. (Yeas: 42, Nays: None.) To Senate."
1372901,2020-07-15,Senate,15,"In Senate. To enrollment."
1372901,2020-07-17,Senate,16,"Enrolled and delivered to Governor."
1372901,2020-07-17,Senate,17,"Approved by the Governor. Chapter 1."
1373313,2020-07-14,Assembly,1,"Resolution read. Passed. Title approved. Preamble adopted. (Yeas: 42, Nays: None.)"
1373313,2020-07-14,Assembly,2,"To Senate."
1373313,2020-07-14,Senate,3,"In Senate."
1373313,2020-07-14,Senate,4,"Read first time."
1373313,2020-07-14,Senate,5,"Declared an emergency measure under the Constitution."
1373313,2020-07-14,Senate,6,"Read third time. Passed. Title approved. Preamble adopted. (Yeas: 20, Nays: 1.) To Assembly."
1373313,2020-07-14,Assembly,7,"In Assembly."
1373313,2020-07-14,Assembly,8,"To printer. From printer."
1373313,2020-07-14,Assembly,9,"To enrollment."
1373313,2020-07-17,Assembly,10,"Enrolled and delivered to Secretary of State."
1373313,2020-07-17,Assembly,11,"File No. 10."
1373847,2020-07-19,Senate,1,"Resolution read and adopted. To printer. From printer. To Assembly."
1373847,2020-07-19,Assembly,2,"In Assembly."
1373847,2020-07-19,Assembly,3,"Resolution read and adopted. To Senate."
1373847,2020-07-19,Senate,4,"In Senate. To enrollment."
1373847,2020-07-20,Senate,5,"Enrolled and delivered to Secretary of State."
1373847,2020-07-20,Senate,6,"File No. 11."
1373848,2020-07-16,Assembly,1,"Read first time. Referred to Committee of the Whole. To printer."
1373848,2020-07-16,Assembly,2,"From printer. To committee."
1373848,2020-07-16,Assembly,3,"From committee: Amend, and do pass as amended."
1373848,2020-07-16,Assembly,4,"Declared an emergency measure under the Constitution."
1373848,2020-07-16,Assembly,5,"Read third time. Amended. (Amend. No. 5.) To printer."
1373848,2020-07-16,Assembly,6,"From printer. To engrossment. Engrossed. First reprint."
1373848,2020-07-16,Assembly,7,"Read third time. Passed, as amended. Title approved, as amended. (Yeas: 29, Nays: 13.) To Senate."
1373848,2020-07-16,Senate,8,"In Senate."
1373848,2020-07-16,Senate,9,"Read first time. Referred to Committee of the Whole."
1373848,2020-07-16,Senate,10,"To committee."
1373848,2020-07-16,Senate,11,"From committee: Do pass."
1373848,2020-07-16,Senate,12,"Declared an emergency measure under the Constitution."
1373848,2020-07-16,Senate,13,"Read third time. Lost. (Yeas: 13, Nays: 8.)"
1373848,2020-07-18,Senate,14,"Action of refusal of passage rescinded."
1373848,2020-07-18,Senate,15,"Re-referred to Committee of the Whole."
1373848,2020-07-18,Senate,16,"To committee."
1373848,2020-07-18,Senate,17,"From committee: Amend, and do pass as amended."
1373848,2020-07-18,Senate,18,"Read third time. Amended. (Amend. No. 6.)"
1373848,2020-07-18,Senate,19,"Reprinting dispensed with."
1373848,2020-07-18,Senate,20,"Read third time. Lost. (Yeas: 13, Nays: 8.)"
1373848,2020-07-18,Senate,21,"To printer."
1373848,2020-07-19,Senate,22,"From printer. To re-engrossment. Re-engrossed. Second reprint. To Assembly."
1373848,2020-07-20,Senate,23,"No further action taken."
1373849,2020-07-19,Senate,1,"Resolution read and adopted. To printer."
1373849,2020-07-19,Senate,2,"From printer. To enrollment."
1373849,2020-07-20,Senate,3,"Enrolled and delivered to Secretary of State."
1373849,2020-07-20,Senate,4,"File No. 12."
1373850,2020-07-19,Assembly,1,"Resolution read and adopted. To printer."
1373850,2020-07-19,Assembly,2,"From printer. To enrollment."
1373850,2020-07-20,Assembly,3,"Enrolled and delivered to Secretary of State."
1373850,2020-07-20,Assembly,4,"File No. 14."
1373851,2020-07-19,Assembly,1,"Resolution read and adopted. To Senate."
1373851,2020-07-19,Senate,2,"In Senate."
1373851,2020-07-19,Senate,3,"Resolution read and adopted. To Assembly."
1373851,2020-07-19,Assembly,4,"In Assembly. To printer."
1373851,2020-07-19,Assembly,5,"From printer. To enrollment."
1373851,2020-07-20,Assembly,6,"Enrolled and delivered to Secretary of State."
1373851,2020-07-20,Assembly,7,"File No. 13."
