people_id,name,first_name,middle_name,last_name,suffix,nickname,party_id,party,role_id,role,district,followthemoney_eid,votesmart_id,opensecrets_id,ballotpedia,knowwho_pid,committee_id
8466,"Heidi Gansert",Heidi,,Gansert,,,2,R,2,Sen,SD-015,6665877,43958,,Heidi_Gansert,227679,0
8468,"John Hambrick",John,C.,Hambrick,,,2,R,1,Rep,HD-002,6676297,106877,,John_Hambrick,272127,0
8469,"Joseph Hardy",Joseph,,Hardy,,Joe,2,R,2,Sen,SD-012,6596468,43876,,Joseph_Hardy,211795,0
8470,"James Settelmeyer",James,Arnold,Settelmeyer,,,2,R,2,Sen,SD-017,6670193,67461,,James_Settelmeyer,249440,0
8496,"Marilyn Dondero Loop",Marilyn,,"Dondero Loop",,,1,D,2,Sen,SD-008,6491157,106888,,Marilyn_Dondero_Loop,407374,0
8500,"James Ohrenschall",James,,Ohrenschall,,,1,D,1,Rep,HD-012,6476751,66853,,James_Ohrenschall,249423,0
8502,"Moises Denis",Moises,,Denis,,Mo,1,D,2,Sen,SD-002,6464977,43820,,Moises_Denis,227681,0
8506,"Maggie Carlton",Maggie,,Carlton,,,1,D,1,Rep,HD-014,6395718,22822,,Maggie_Carlton,197518,0
8513,"Ellen Spiegel",Ellen,,Spiegel,,,1,D,1,Rep,HD-020,6491182,107017,,Ellen_Spiegel,272130,0
8518,"Pete Goicoechea",Pete,,Goicoechea,,,2,R,2,Sen,SD-019,6596444,43974,,Peter_Goicoechea,211801,0
8525,"Joyce Woodhouse",Joyce,,Woodhouse,,,1,D,2,Sen,SD-005,6476805,66860,,Joyce_Woodhouse,249443,0
8563,"David Parks",David,,Parks,,,1,D,2,Sen,SD-007,13009126,12540,,David_Parks,197591,0
8608,"Committee of the Whole",,,,,,0,,2,Sen,,0,0,,,0,1583
12093,"Ben Kieckhefer",Ben,,Kieckhefer,,,2,R,2,Sen,SD-016,6686559,121952,,Ben_Kieckhefer,292349,0
12094,"Richard Carrillo",Richard,,Carrillo,,,1,D,1,Rep,HD-018,13009054,121863,,Richard_Carrillo,310006,0
12184,"Legislative Operations and Elections",,,,,,0,,1,Rep,,0,0,,,0,2103
12199,"John Ellison",John,,Ellison,,,2,R,1,Rep,HD-033,13009106,90566,,John_Ellison,294536,0
12200,"Ira Hansen",Ira,,Hansen,,,2,R,1,Rep,HD-032,6686502,121908,,Ira_Hansen,292353,0
12202,"Jason Frierson",Jason,,Frierson,,,1,D,1,Rep,HD-008,13009013,121835,,Jason_Frierson,309928,0
12203,"Richard Daly",Richard,,Daly,,Skip,1,D,1,Rep,HD-031,6508393,121904,,Skip_Daly,310124,0
12209,"Teresa Benitez-Thompson",Teresa,,Benitez-Thompson,,,1,D,1,Rep,HD-027,6508382,121895,,Teresa_Benitez-Thompson,310106,0
12212,"Scott Hammond",Scott,,Hammond,,,2,R,2,Sen,SD-018,6639723,121853,,Scott_Hammond,309986,0
12213,"Dina Neal",Dina,,Neal,,,1,D,1,Rep,HD-007,13009010,121828,,Dina_Neal,309643,0
15869,"Lesley Cohen",Lesley,E.,Cohen,,,1,D,1,Rep,HD-029,9714575,144671,,Lesley_Cohen,446921,0
15876,"Heidi Swank",Heidi,,Swank,,,1,D,1,Rep,HD-016,13789833,137744,,Heidi_Swank,407450,0
15877,"Jim Wheeler",Jim,,Wheeler,,,2,R,1,Rep,HD-039,6686531,121918,,Jim_Wheeler,293501,0
15881,"Patricia Spearman",Patricia,,Spearman,,Pat,1,D,2,Sen,SD-001,13789978,137684,,Patricia_Spearman,407281,0
16041,"Committee of the Whole",,,,,,0,,1,Rep,,0,0,,,0,1571
17444,"Robin Titus",Robin,L.,Titus,,,2,R,1,Rep,HD-038,18666378,151015,,Robin_Titus,285979,0
17515,"Christopher Edwards",Christopher,,Edwards,,Chris,2,R,1,Rep,HD-019,15842513,135889,,Chris_Edwards_(Nevada),405328,0
17518,"Edgar Flores",Edgar,,Flores,,,1,D,1,Rep,HD-028,23594326,152832,,Edgar_Flores,491441,0
17976,"Julia Ratti",Julia,,Ratti,,,1,D,2,Sen,SD-013,9689751,111905,,Julia_Ratti,574105,0
19219,"Keith Pickard",Keith,,Pickard,,,2,R,2,Sen,SD-020,39827602,169563,,Keith_Pickard,574143,0
19220,"Nicole Cannizzaro",Nicole,,Cannizzaro,,,1,D,2,Sen,SD-006,39827448,169489,,Nicole_Cannizzaro,574111,0
19221,"Shannon Bilbray-Axelrod",Shannon,,Bilbray-Axelrod,,,1,D,1,Rep,HD-034,39827435,169567,,Shannon_Bilbray-Axelrod,279961,0
19222,"Chris Brooks",Chris,,Brooks,,,1,D,2,Sen,SD-003,9693988,169534,,Chris_Brooks,574130,0
19223,"Ozzie Fumo",Ozzie,,Fumo,,,1,D,1,Rep,HD-021,39827494,169551,,Ozzie_Fumo,574136,0
19224,"Sandra Jauregui",Sandra,,Jauregui,,,1,D,1,Rep,HD-041,39827532,169582,,Sandra_Jauregui,338681,0
19225,"Al Kramer",Al,,Kramer,,,2,R,1,Rep,HD-040,9760420,169411,,Al_Kramer,574373,0
19226,"Lisa Krasner",Lisa,,Krasner,,,2,R,1,Rep,HD-026,23594320,155017,,Lisa_Krasner,490319,0
19228,"William McCurdy",William,,McCurdy,II,,1,D,1,Rep,HD-006,39827571,169523,,William_McCurdy_II,574126,0
19229,"Brittney Miller",Brittney,,Miller,,,1,D,1,Rep,HD-005,39827574,169513,,Brittney_Miller,574124,0
19230,"Daniele Monroe-Moreno",Daniele,,Monroe-Moreno,,,1,D,1,Rep,HD-001,24821003,169498,,Daniele_Monroe-Moreno,574116,0
19231,"Jill Tolles",Jill,,Tolles,,,2,R,1,Rep,HD-025,9699701,169675,,Jill_Tolles,574393,0
19233,"Steve Yeager",Steve,,Yeager,,,1,D,1,Rep,HD-009,20540066,152786,,Steve_Yeager,490284,0
19234,"Yvanna Cancela",Yvanna,D.,Cancela,,,1,D,2,Sen,SD-010,43482942,176078,,Yvanna_Cancela,609143,0
21171,"Dallas Harris",Dallas,,Harris,,,1,D,2,Sen,SD-011,47065007,186124,,Dallas_Harris,689868,0
21172,"Melanie Scheible",Melanie,Lyn,Scheible,,,1,D,2,Sen,SD-009,45285521,180937,,Melanie_Scheible,669433,0
21173,"Alexander Assefa",Alexander,,Assefa,,,1,D,1,Rep,HD-042,45285416,181011,,Alexander_Assefa,659392,0
21174,"Shea Backus",Shea,,Backus,,,1,D,1,Rep,HD-037,45285418,181004,,Shea_Backus,669450,0
21175,"Bea Duran",Beatrice,,Duran,,Bea,1,D,1,Rep,HD-011,49742581,186121,,Beatrice_Duran,693563,0
21176,"Michelle Gorelow",Michelle,Suzanne,Gorelow,,,1,D,1,Rep,HD-035,6508308,121851,,Michelle_Gorelow,659373,0
21177,"Gregory Hafen",Gregory,T.,Hafen,II,,2,R,1,Rep,HD-036,40612305,186122,,Gregory_Hafen,693559,0
21178,"Alexis Hansen",Alexis,M.,Hansen,,,2,R,1,Rep,HD-032,44890960,180994,,Alexis_Hansen,659230,0
21179,"Melissa Hardy",Melissa,,Hardy,,,2,R,1,Rep,HD-022,45285463,180981,,Melissa_Hardy,659362,0
21180,"Glen Leavitt",Glen,Kaimi,Leavitt,,,2,R,1,Rep,HD-023,45285482,180983,,Glen_Leavitt,659364,0
21181,"Susan Martinez",Susan,,Martinez,,Susie,1,D,1,Rep,HD-012,45285490,180968,,Susan_Martinez,659338,0
21182,"Connie Munk",Connie,S.,Munk,,,1,D,1,Rep,HD-004,45285502,180954,,Connie_Munk,659317,0
21183,"Sarah Peters",Sarah,Crystin,Peters,,,1,D,1,Rep,HD-024,45285511,180988,,Sarah_Peters,659235,0
21184,"Thomas Roberts",Thomas,A.,Roberts,,Tom,2,R,1,Rep,HD-013,45285517,180972,,Tom_Roberts,659344,0
21185,"Selena Torres",Selena,Elizabeth,Torres,,,1,D,1,Rep,HD-003,45285543,180952,,Selena_Torres,659267,0
21186,"Howard Watts",Howard,,Watts,III,,1,D,1,Rep,HD-015,45285551,180976,,Howard_Watts_III,659350,0
21252,"Rochelle Nguyen",Rochelle,,Nguyen,,,1,D,1,Rep,HD-010,47065008,186123,,Rochelle_Nguyen,693565,0
21338,"Marcia Washington",Marcia,L.,Washington,,,1,D,2,Sen,SD-004,6561178,186273,,Marcia_Washington,266330,0
21354,"Greg Smith",Greg,,Smith,,,1,D,1,Rep,HD-030,0,186372,,Greg_Smith_(Nevada),701460,0
21659,"Kasina Douglass-Boone",Kasina,,Douglass-Boone,,,1,D,1,Rep,HD-017,0,0,,Kasina_Douglass-Boone,0,0
