bill_id,roll_call_id,date,chamber,description,yea,nay,nv,absent,total
1372819,970958,2020-07-13,Senate,"Senate Final Passage",21,0,0,0,21
1372819,970981,2020-07-13,Assembly,"Assembly Final Passage",42,0,0,0,42
1372823,970867,2020-07-13,Senate,"Senate Final Passage",21,0,0,0,21
1372823,970982,2020-07-13,Assembly,"Assembly Final Passage",42,0,0,0,42
1372862,971417,2020-07-15,Assembly,"Assembly Final Passage",32,10,0,0,42
1372862,971418,2020-07-15,Senate,"Senate Final Passage",19,2,0,0,21
1372900,972131,2020-07-18,Assembly,"Assembly Final Passage",29,13,0,0,42
1372900,972132,2020-07-19,Senate,"Senate Final Passage",21,0,0,0,21
1372900,974220,2020-07-19,Assembly,"Assembly Final Passage",36,6,0,0,42
1372901,971050,2020-07-14,Assembly,"Assembly Final Passage",42,0,0,0,42
1372901,971051,2020-07-14,Senate,"Senate Final Passage",21,0,0,0,21
1373313,971036,2020-07-14,Assembly,"Assembly Final Passage",42,0,0,0,42
1373313,971086,2020-07-14,Senate,"Senate Final Passage",20,1,0,0,21
1373848,972255,2020-07-16,Assembly,"Assembly Final Passage",29,13,0,0,42
1373848,972256,2020-07-17,Senate,"Senate Final Passage",13,8,0,0,21
1373848,974219,2020-07-18,Senate,"Senate Final Passage",13,8,0,0,21
