bill_id,session_id,bill_number,status,status_desc,status_date,title,description,committee_id,committee,last_action_date,last_action,url,state_link
1770594,2053,AB1,4,Passed,2023-06-09,"Authorizes and provides funding for certain projects of capital improvement. (BDR S-11)","AN ACT relating to projects of capital improvement; authorizing certain expenditures for such projects of the Executive and Legislative Departments of the State Government; levying a property tax to support the Consolidated Bond Interest and Redemption Fund; making appropriations; and providing other matters properly relating thereto.",0,,2023-06-09,"Approved by the Governor. Chapter 1.",https://legiscan.com/NV/bill/AB1/2023/X1,https://www.leg.state.nv.us/App/NELIS/REL/34th2023Special/Bill/11734/Overview
1770592,2053,AR1,4,Passed,2023-06-08,"Provides that no allowances will be paid for the 34th Special Session of the Nevada Legislature for periodicals, stamps, stationery or communications. (BDR R-6)","Providing that no allowances will be paid for the 34th Special Session of the Nevada Legislature for periodicals, stamps, stationery or communications.",0,,2023-06-08,"File No. 2.",https://legiscan.com/NV/bill/AR1/2023/X1,https://www.leg.state.nv.us/App/NELIS/REL/34th2023Special/Bill/10640/Overview
1770593,2053,ACR1,4,Passed,2023-06-08,"Adopts the Joint Rules of the Senate and Assembly for the 34th Special Session of the Nevada Legislature. (BDR R-1)","Adopting the Joint Rules of the Senate and Assembly for the 34th Special Session of the Nevada Legislature.",0,,2023-06-08,"File No. 1.",https://legiscan.com/NV/bill/ACR1/2023/X1,https://www.leg.state.nv.us/App/NELIS/REL/34th2023Special/Bill/10641/Overview
1770590,2053,SR1,4,Passed,2023-06-08,"Adopts the Rules of the Senate for the 34th Special Session of the Nevada Legislature. (BDR R-2)","Adopting the Rules of the Senate for the 34th Special Session of the Nevada Legislature.",0,,2023-06-08,"File No. 3.",https://legiscan.com/NV/bill/SR1/2023/X1,https://www.leg.state.nv.us/App/NELIS/REL/34th2023Special/Bill/10643/Overview
1770591,2053,SR2,4,Passed,2023-06-08,"Provides that no allowances will be paid for the 34th Special Session of the Nevada Legislature for periodicals, stamps, stationery or communications. (BDR R-5)","Providing that no allowances will be paid for the 34th Special Session of the Nevada Legislature for periodicals, stamps, stationery or communications.",0,,2023-06-08,"File No. 4.",https://legiscan.com/NV/bill/SR2/2023/X1,https://www.leg.state.nv.us/App/NELIS/REL/34th2023Special/Bill/10642/Overview
