bill_id,document_id,document_type,document_size,document_mime,document_desc,url,state_link
1770594,2824786,text,296122,application/pdf,Introduced,https://legiscan.com/NV/text/AB1/id/2824786,https://www.leg.state.nv.us/Session/34th2023Special/Bills/AB/AB1.pdf
1770594,2825873,text,249320,application/pdf,Enrolled,https://legiscan.com/NV/text/AB1/id/2825873,https://www.leg.state.nv.us/Session/34th2023Special/Bills/AB/AB1_EN.pdf
1770592,2824783,text,126113,application/pdf,Introduced,https://legiscan.com/NV/text/AR1/id/2824783,https://www.leg.state.nv.us/Session/34th2023Special/Bills/AR/AR1.pdf
1770592,2825302,text,114926,application/pdf,Enrolled,https://legiscan.com/NV/text/AR1/id/2825302,https://www.leg.state.nv.us/Session/34th2023Special/Bills/AR/AR1_EN.pdf
1770593,2824784,text,293914,application/pdf,Introduced,https://legiscan.com/NV/text/ACR1/id/2824784,https://www.leg.state.nv.us/Session/34th2023Special/Bills/ACR/ACR1.pdf
1770593,2824785,text,277017,application/pdf,Enrolled,https://legiscan.com/NV/text/ACR1/id/2824785,https://www.leg.state.nv.us/Session/34th2023Special/Bills/ACR/ACR1_EN.pdf
1770590,2824781,text,335006,application/pdf,Introduced,https://legiscan.com/NV/text/SR1/id/2824781,https://www.leg.state.nv.us/Session/34th2023Special/Bills/SR/SR1.pdf
1770590,2825870,text,314607,application/pdf,Enrolled,https://legiscan.com/NV/text/SR1/id/2825870,https://www.leg.state.nv.us/Session/34th2023Special/Bills/SR/SR1_EN.pdf
1770591,2824782,text,126695,application/pdf,Introduced,https://legiscan.com/NV/text/SR2/id/2824782,https://www.leg.state.nv.us/Session/34th2023Special/Bills/SR/SR2.pdf
1770591,2825872,text,114367,application/pdf,Enrolled,https://legiscan.com/NV/text/SR2/id/2825872,https://www.leg.state.nv.us/Session/34th2023Special/Bills/SR/SR2_EN.pdf
