bill_id,date,chamber,sequence,action
1770590,2023-06-06,Senate,1,"Resolution read and adopted. To printer."
1770590,2023-06-07,Senate,2,"From printer. To enrollment."
1770590,2023-06-08,Senate,3,"Enrolled and delivered to Secretary of State."
1770590,2023-06-08,Senate,4,"File No. 3."
1770591,2023-06-06,Senate,1,"Resolution read and adopted. To printer."
1770591,2023-06-07,Senate,2,"From printer. To enrollment."
1770591,2023-06-08,Senate,3,"Enrolled and delivered to Secretary of State."
1770591,2023-06-08,Senate,4,"File No. 4."
1770592,2023-06-06,Assembly,1,"Resolution read and adopted. To printer."
1770592,2023-06-06,Assembly,2,"From printer. To enrollment."
1770592,2023-06-08,Assembly,3,"Enrolled and delivered to Secretary of State."
1770592,2023-06-08,Assembly,4,"File No. 2."
1770593,2023-06-06,Assembly,1,"Resolution read and adopted. To printer."
1770593,2023-06-06,Assembly,2,"From printer. To Senate."
1770593,2023-06-06,Senate,3,"In Senate."
1770593,2023-06-06,Senate,4,"Resolution read and adopted. To Assembly."
1770593,2023-06-06,Assembly,5,"In Assembly. To enrollment."
1770593,2023-06-08,Assembly,6,"Enrolled and delivered to Secretary of State."
1770593,2023-06-08,Assembly,7,"File No. 1."
1770594,2023-06-06,Assembly,1,"Read first time. Referred to Committee on Ways and Means. To printer."
1770594,2023-06-06,Assembly,2,"From printer. To committee."
1770594,2023-06-06,Assembly,3,"From committee: Do pass."
1770594,2023-06-06,Assembly,4,"Declared an emergency measure under the Constitution."
1770594,2023-06-06,Assembly,5,"Read third time. Passed. Title approved. (Yeas: 30, Nays: 11, Excused: 1.) To Senate."
1770594,2023-06-06,Senate,6,"In Senate."
1770594,2023-06-06,Senate,7,"Read first time. Referred to Select Committee on Finance. To committee."
1770594,2023-06-06,Senate,8,"From committee: Do pass."
1770594,2023-06-06,Senate,9,"Declared an emergency measure under the Constitution."
1770594,2023-06-06,Senate,10,"Read third time. Passed. Title approved. (Yeas: 14, Nays: 7.) To Assembly."
1770594,2023-06-06,Assembly,11,"In Assembly. To enrollment."
1770594,2023-06-08,Assembly,12,"Enrolled and delivered to Governor."
1770594,2023-06-09,Assembly,13,"Approved by the Governor. Chapter 1."
