bill_id,session_id,bill_number,status,status_desc,status_date,title,description,committee_id,committee,last_action_date,last_action,url,state_link
800863,1190,AB1,4,Passed,2015-12-19,"Revises provisions relating to economic development. (BDR 18-9)","Revises provisions relating to economic development. (BDR 18-9)",0,,2015-12-19,"Approved by the Governor. Chapter 1.",https://legiscan.com/NV/bill/AB1/2015/X1,http://www.leg.state.nv.us/Session/29th2015Special/Reports/history.cfm?ID=11
800754,1190,AR1,4,Passed,2015-12-18,"Provides for the appointment of attaches. (BDR R-5)","Provides for the appointment of attaches. (BDR R-5)",0,,2015-12-18,"File No. 4.",https://legiscan.com/NV/bill/AR1/2015/X1,http://www.leg.state.nv.us/Session/29th2015Special/Reports/history.cfm?ID=4
800802,1190,AR2,4,Passed,2015-12-18,"Provides that no allowances will be paid for the 29th Special Session of the Nevada Legislature for periodicals, stamps, stationery or communications. (BDR R-7)","Provides that no allowances will be paid for the 29th Special Session of the Nevada Legislature for periodicals, stamps, stationery or communications. (BDR R-7)",0,,2015-12-18,"File No. 5.",https://legiscan.com/NV/bill/AR2/2015/X1,http://www.leg.state.nv.us/Session/29th2015Special/Reports/history.cfm?ID=5
800856,1190,ACR1,4,Passed,2015-12-19,"Adopts the Joint Rules of the Senate and Assembly for the 29th Special Session of the Nevada Legislature. (BDR R-1)","Adopts the Joint Rules of the Senate and Assembly for the 29th Special Session of the Nevada Legislature. (BDR R-1)",0,,2015-12-19,"File No. 7.",https://legiscan.com/NV/bill/ACR1/2015/X1,http://www.leg.state.nv.us/Session/29th2015Special/Reports/history.cfm?ID=10
800873,1190,SB1,4,Passed,2015-12-19,"Revises provisions relating to commerce. (BDR 32-8)","Revises provisions relating to commerce. (BDR 32-8)",0,,2015-12-19,"Approved by the Governor. Chapter 2.",https://legiscan.com/NV/bill/SB1/2015/X1,http://www.leg.state.nv.us/Session/29th2015Special/Reports/history.cfm?ID=12
801489,1190,SB2,4,Passed,2015-12-19,"Makes various changes relating to determination of water rights in an area of qualified project for economic development. (BDR 32-12)","Makes various changes relating to determination of water rights in an area of qualified project for economic development. (BDR 32-12)",0,,2015-12-19,"Approved by the Governor. Chapter 3.",https://legiscan.com/NV/bill/SB2/2015/X1,http://www.leg.state.nv.us/Session/29th2015Special/Reports/history.cfm?ID=13
801475,1190,SB3,4,Passed,2015-12-19,"Makes various changes relating to infrastructure projects. (BDR S-13)","Makes various changes relating to infrastructure projects. (BDR S-13)",0,,2015-12-19,"Approved by the Governor. Chapter 4.",https://legiscan.com/NV/bill/SB3/2015/X1,http://www.leg.state.nv.us/Session/29th2015Special/Reports/history.cfm?ID=14
800865,1190,SR1,4,Passed,2015-12-18,"Adopts the Rules of the Senate for the 29th Special Session of the Nevada Legislature. (BDR R-2)","Adopts the Rules of the Senate for the 29th Special Session of the Nevada Legislature. (BDR R-2)",0,,2015-12-18,"File No. 1.",https://legiscan.com/NV/bill/SR1/2015/X1,http://www.leg.state.nv.us/Session/29th2015Special/Reports/history.cfm?ID=6
800868,1190,SR2,4,Passed,2015-12-18,"Provides that no allowances will be paid for the 29th Special Session of the Nevada Legislature for periodicals, stamps, stationery or communications. (BDR R-6)","Provides that no allowances will be paid for the 29th Special Session of the Nevada Legislature for periodicals, stamps, stationery or communications. (BDR R-6)",0,,2015-12-18,"File No. 2.",https://legiscan.com/NV/bill/SR2/2015/X1,http://www.leg.state.nv.us/Session/29th2015Special/Reports/history.cfm?ID=8
800860,1190,SR3,4,Passed,2015-12-18,"Recognizes the appointment of the Senate staff. (BDR R-4)","Recognizes the appointment of the Senate staff. (BDR R-4)",0,,2015-12-18,"File No. 3.",https://legiscan.com/NV/bill/SR3/2015/X1,http://www.leg.state.nv.us/Session/29th2015Special/Reports/history.cfm?ID=9
801552,1190,SCR1,4,Passed,2015-12-19,"Declares and expresses the Legislature's purpose and intent in enacting Senate Bill No. 302 of the 78th Session of the Legislature. (BDR R-11)","Declares and expresses the Legislature's purpose and intent in enacting Senate Bill No. 302 of the 78th Session of the Legislature. (BDR R-11)",0,,2015-12-19,"File No. 6.",https://legiscan.com/NV/bill/SCR1/2015/X1,http://www.leg.state.nv.us/Session/29th2015Special/Reports/history.cfm?ID=15
