bill_id,document_id,document_type,document_size,document_mime,document_desc,url,state_link
800863,1278837,text,176043,application/pdf,Introduced,https://legiscan.com/NV/text/AB1/id/1278837,http://www.leg.state.nv.us/Session/29th2015Special/Bills/AB/AB1.pdf
800863,1279341,text,189043,application/pdf,Engrossed,https://legiscan.com/NV/text/AB1/id/1279341,http://www.leg.state.nv.us/Session/29th2015Special/Bills/AB/AB1_R1.pdf
800863,1279429,text,179699,application/pdf,Enrolled,https://legiscan.com/NV/text/AB1/id/1279429,http://www.leg.state.nv.us/Session/29th2015Special/Bills/AB/AB1_EN.pdf
800754,1278657,text,85482,application/pdf,Introduced,https://legiscan.com/NV/text/AR1/id/1278657,http://www.leg.state.nv.us/Session/29th2015Special/Bills/AR/AR1.pdf
800754,1278720,text,63862,application/pdf,Enrolled,https://legiscan.com/NV/text/AR1/id/1278720,http://www.leg.state.nv.us/Session/29th2015Special/Bills/AR/AR1_EN.pdf
800802,1278711,text,85741,application/pdf,Introduced,https://legiscan.com/NV/text/AR2/id/1278711,http://www.leg.state.nv.us/Session/29th2015Special/Bills/AR/AR2.pdf
800802,1278712,text,62638,application/pdf,Enrolled,https://legiscan.com/NV/text/AR2/id/1278712,http://www.leg.state.nv.us/Session/29th2015Special/Bills/AR/AR2_EN.pdf
800856,1278670,text,130828,application/pdf,Introduced,https://legiscan.com/NV/text/ACR1/id/1278670,http://www.leg.state.nv.us/Session/29th2015Special/Bills/ACR/ACR1.pdf
800856,1278991,text,115984,application/pdf,Enrolled,https://legiscan.com/NV/text/ACR1/id/1278991,http://www.leg.state.nv.us/Session/29th2015Special/Bills/ACR/ACR1_EN.pdf
800873,1278708,text,312084,application/pdf,Introduced,https://legiscan.com/NV/text/SB1/id/1278708,http://www.leg.state.nv.us/Session/29th2015Special/Bills/SB/SB1.pdf
800873,1279402,text,324964,application/pdf,Engrossed,https://legiscan.com/NV/text/SB1/id/1279402,http://www.leg.state.nv.us/Session/29th2015Special/Bills/SB/SB1_R1.pdf
800873,1279421,text,297001,application/pdf,Enrolled,https://legiscan.com/NV/text/SB1/id/1279421,http://www.leg.state.nv.us/Session/29th2015Special/Bills/SB/SB1_EN.pdf
801489,1279380,text,115202,application/pdf,Introduced,https://legiscan.com/NV/text/SB2/id/1279380,http://www.leg.state.nv.us/Session/29th2015Special/Bills/SB/SB2.pdf
801489,1279432,text,120844,application/pdf,Enrolled,https://legiscan.com/NV/text/SB2/id/1279432,http://www.leg.state.nv.us/Session/29th2015Special/Bills/SB/SB2_EN.pdf
801475,1279366,text,114977,application/pdf,Introduced,https://legiscan.com/NV/text/SB3/id/1279366,http://www.leg.state.nv.us/Session/29th2015Special/Bills/SB/SB3.pdf
801475,1279433,text,118921,application/pdf,Enrolled,https://legiscan.com/NV/text/SB3/id/1279433,http://www.leg.state.nv.us/Session/29th2015Special/Bills/SB/SB3_EN.pdf
800865,1278691,text,151430,application/pdf,Introduced,https://legiscan.com/NV/text/SR1/id/1278691,http://www.leg.state.nv.us/Session/29th2015Special/Bills/SR/SR1.pdf
800865,1278836,text,132924,application/pdf,Enrolled,https://legiscan.com/NV/text/SR1/id/1278836,http://www.leg.state.nv.us/Session/29th2015Special/Bills/SR/SR1_EN.pdf
800868,1278694,text,85074,application/pdf,Introduced,https://legiscan.com/NV/text/SR2/id/1278694,http://www.leg.state.nv.us/Session/29th2015Special/Bills/SR/SR2.pdf
800868,1278838,text,63038,application/pdf,Enrolled,https://legiscan.com/NV/text/SR2/id/1278838,http://www.leg.state.nv.us/Session/29th2015Special/Bills/SR/SR2_EN.pdf
800860,1278686,text,86576,application/pdf,Introduced,https://legiscan.com/NV/text/SR3/id/1278686,http://www.leg.state.nv.us/Session/29th2015Special/Bills/SR/SR3.pdf
800860,1278839,text,64242,application/pdf,Enrolled,https://legiscan.com/NV/text/SR3/id/1278839,http://www.leg.state.nv.us/Session/29th2015Special/Bills/SR/SR3_EN.pdf
801552,1279423,text,134957,application/pdf,Introduced,https://legiscan.com/NV/text/SCR1/id/1279423,http://www.leg.state.nv.us/Session/29th2015Special/Bills/SCR/SCR1.pdf
801552,1279424,text,107684,application/pdf,Enrolled,https://legiscan.com/NV/text/SCR1/id/1279424,http://www.leg.state.nv.us/Session/29th2015Special/Bills/SCR/SCR1_EN.pdf
