bill_id,date,chamber,sequence,action
800754,2015-12-16,Assembly,1,"Resolution read and adopted. To printer."
800754,2015-12-16,Assembly,2,"From printer. To enrollment."
800754,2015-12-18,Assembly,3,"Enrolled and delivered to Secretary of State."
800754,2015-12-18,Assembly,4,"File No. 4."
800802,2015-12-16,Assembly,1,"Resolution read and adopted. To printer."
800802,2015-12-16,Assembly,2,"From printer. To enrollment."
800802,2015-12-18,Assembly,3,"Enrolled and delivered to Secretary of State."
800802,2015-12-18,Assembly,4,"File No. 5."
800856,2015-12-16,Assembly,1,"Resolution read and adopted. To printer."
800856,2015-12-16,Assembly,2,"From printer. To Senate."
800856,2015-12-16,Senate,3,"In Senate."
800856,2015-12-16,Senate,4,"Resolution read and adopted. To Assembly."
800856,2015-12-17,Assembly,5,"In Assembly."
800856,2015-12-19,Assembly,6,"To enrollment."
800856,2015-12-19,Assembly,7,"Enrolled and delivered to Secretary of State."
800856,2015-12-19,Assembly,8,"File No. 7."
800860,2015-12-16,Senate,1,"Resolution read and adopted. To printer."
800860,2015-12-17,Senate,2,"From printer. To enrollment."
800860,2015-12-18,Senate,3,"Enrolled and delivered to Secretary of State."
800860,2015-12-18,Senate,4,"File No. 3."
800863,2015-12-16,Assembly,1,"Read first time. Referred to Committee of the Whole."
800863,2015-12-16,Assembly,2,"To printer."
800863,2015-12-17,Assembly,3,"From printer. To committee."
800863,2015-12-18,Assembly,4,"From committee: Amend, and do pass as amended."
800863,2015-12-18,Assembly,5,"Declared an emergency measure under the Constitution."
800863,2015-12-18,Assembly,6,"Read third time. Amended. (Amend. No. 1.) To printer."
800863,2015-12-18,Assembly,7,"From printer. To engrossment. Engrossed. First reprint ."
800863,2015-12-18,Assembly,8,"Read third time. Passed, as amended. Title approved.  (Yeas: 37, Nays: 4, Vacant: 1.)  To Senate."
800863,2015-12-18,Senate,9,"In Senate."
800863,2015-12-18,Senate,10,"Read first time. Referred to Committee of the Whole. To committee."
800863,2015-12-18,Senate,11,"From committee: Do pass."
800863,2015-12-18,Senate,12,"Declared an emergency measure under the Constitution."
800863,2015-12-18,Senate,13,"Read third time. Passed. Title approved.  (Yeas: 17, Nays: 1, Excused: 3.)  To Assembly."
800863,2015-12-19,Assembly,14,"In Assembly. To enrollment."
800863,2015-12-19,Assembly,15,"Enrolled and delivered to Governor."
800863,2015-12-19,Assembly,16,"Approved by the Governor. Chapter 1."
800865,2015-12-16,Senate,1,"Resolution read and adopted. To printer."
800865,2015-12-17,Senate,2,"From printer. To enrollment."
800865,2015-12-18,Senate,3,"Enrolled and delivered to Secretary of State."
800865,2015-12-18,Senate,4,"File No. 1."
800868,2015-12-16,Senate,1,"Resolution read and adopted. To printer."
800868,2015-12-17,Senate,2,"From printer. To enrollment."
800868,2015-12-18,Senate,3,"Enrolled and delivered to Secretary of State."
800868,2015-12-18,Senate,4,"File No. 2."
800873,2015-12-16,Senate,1,"Read first time. Referred to Committee of the Whole. To printer."
800873,2015-12-17,Senate,2,"From printer. To committee."
800873,2015-12-18,Senate,3,"From committee: Amend, and do pass as amended."
800873,2015-12-18,Senate,4,"Declared an emergency measure under the Constitution."
800873,2015-12-18,Senate,5,"Read third time. Amended. (Amend. No. 4.)"
800873,2015-12-18,Senate,6,"Reprinting dispensed with."
800873,2015-12-18,Senate,7,"Read third time. Passed, as amended. Title approved, as amended.  (Yeas: 17, Nays: 1, Excused: 3.)"
800873,2015-12-18,Senate,8,"To printer."
800873,2015-12-18,Senate,9,"From printer. To engrossment. Engrossed. First reprint . To Assembly."
800873,2015-12-19,Assembly,10,"In Assembly."
800873,2015-12-19,Assembly,11,"Read first time. Referred to Committee of the Whole. To committee."
800873,2015-12-19,Assembly,12,"From committee: Considered."
800873,2015-12-19,Assembly,13,"Declared an emergency measure under the Constitution."
800873,2015-12-19,Assembly,14,"Read third time. Passed. Title approved.  (Yeas: 37, Nays: 4, Vacant: 1.)  To Senate."
800873,2015-12-19,Senate,15,"In Senate. To enrollment."
800873,2015-12-19,Senate,16,"Enrolled and delivered to Governor."
800873,2015-12-19,Senate,17,"Approved by the Governor. Chapter 2."
801475,2015-12-18,Senate,1,"Read first time. Referred to Committee of the Whole. To printer."
801475,2015-12-18,Senate,2,"From printer. To committee."
801475,2015-12-18,Senate,3,"From committee: Do pass."
801475,2015-12-18,Senate,4,"Declared an emergency measure under the Constitution."
801475,2015-12-18,Senate,5,"Read third time. Passed. Title approved.  (Yeas: 18, Nays: None, Excused: 3.)  To Assembly."
801475,2015-12-19,Assembly,6,"In Assembly."
801475,2015-12-19,Assembly,7,"Read first time. Referred to Committee of the Whole. To committee."
801475,2015-12-19,Assembly,8,"From committee: Considered."
801475,2015-12-19,Assembly,9,"Declared an emergency measure under the Constitution."
801475,2015-12-19,Assembly,10,"Read third time. Passed. Title approved.  (Yeas: 37, Nays: 4, Vacant: 1.)  To Senate."
801475,2015-12-19,Senate,11,"In Senate. To enrollment."
801475,2015-12-19,Senate,12,"Enrolled and delivered to Governor."
801475,2015-12-19,Senate,13,"Approved by the Governor. Chapter 4."
801489,2015-12-18,Senate,1,"Read first time. Referred to Committee of the Whole. To printer."
801489,2015-12-18,Senate,2,"From printer. To committee."
801489,2015-12-18,Senate,3,"From committee: Do pass."
801489,2015-12-18,Senate,4,"Declared an emergency measure under the Constitution."
801489,2015-12-18,Senate,5,"Read third time. Passed. Title approved.  (Yeas: 18, Nays: None, Excused: 3.)  To Assembly."
801489,2015-12-19,Assembly,6,"In Assembly."
801489,2015-12-19,Assembly,7,"Read first time. Referred to Committee of the Whole. To committee."
801489,2015-12-19,Assembly,8,"From committee: Considered."
801489,2015-12-19,Assembly,9,"Declared an emergency measure under the Constitution."
801489,2015-12-19,Assembly,10,"Read third time. Passed. Title approved.  (Yeas: 37, Nays: 4, Vacant: 1.)  To Senate."
801489,2015-12-19,Senate,11,"In Senate. To enrollment."
801489,2015-12-19,Senate,12,"Enrolled and delivered to Governor."
801489,2015-12-19,Senate,13,"Approved by the Governor. Chapter 3."
801552,2015-12-19,Senate,1,"Resolution read and adopted. To Assembly."
801552,2015-12-19,Assembly,2,"In Assembly."
801552,2015-12-19,Assembly,3,"Resolution read and adopted. To Senate."
801552,2015-12-19,Senate,4,"In Senate."
801552,2015-12-19,Senate,5,"To printer."
801552,2015-12-19,Senate,6,"From printer. To enrollment."
801552,2015-12-19,Senate,7,"Enrolled and delivered to Secretary of State."
801552,2015-12-19,Senate,8,"File No. 6."
