bill_id,roll_call_id,date,chamber,description,yea,nay,nv,absent,total
800863,482836,0000-00-00,Assembly,"Assembly Final Passage",37,4,0,0,41
800863,482864,0000-00-00,Senate,"Senate Final Passage",17,1,0,3,21
800873,482863,0000-00-00,Senate,"Senate Final Passage",17,1,0,3,21
800873,482870,0000-00-00,Assembly,"Assembly Final Passage",37,4,0,0,41
801475,482856,0000-00-00,Senate,"Senate Final Passage",18,0,0,3,21
801475,482876,0000-00-00,Assembly,"Assembly Final Passage",37,4,0,0,41
801489,482857,0000-00-00,Senate,"Senate Final Passage",18,0,0,3,21
801489,482875,0000-00-00,Assembly,"Assembly Final Passage",37,4,0,0,41
801552,482872,0000-00-00,Assembly,"Assembly Final Passage",25,15,0,1,41
